term_type,term,n_yes,repeat_rate_yes,repeat_rate_no,expected_value_yes,expected_value_no,expected_value_difference,corr_with_expected_value,n_returners_yes,mean_log_amount_yes,mean_log_amount_no,log_amount_difference,corr_with_log_amount_returners
individual,OPTIONAL_SUPPORT>0=True,2156732,0.13967984895666222,0.5384615384615384,20.2556834646122,469.1207692306489,-448.86508576603666,-0.005778801185432347,301252,3.928070883771343,6.177486798543084,-2.249415914771741,-0.017840199801008667
project-plus-gift-size,SCHOOL_STATE x gift_decile=HI | 8,743,0.26648721399730824,0.13964576740423768,400.2806594885599,20.135547728452284,380.14511176010757,0.018496710076318788,198,5.543130132929841,3.9272179663411424,1.6159121665886986,0.03407051572221376
project-plus-gift-size,SCHOOL_STATE x gift_decile=UT | 8,1359,0.2582781456953642,0.13961469315796188,251.88977189109642,20.12046663187074,231.7693052592257,0.01524945313826058,351,5.4052614014346485,3.9265572037136347,1.4787041977210138,0.041500454244016806
project-plus-gift-size,SCHOOL_STATE x gift_decile=MS | 8,1330,0.3022556390977444,0.13958915383951595,219.06155639097744,20.143841213962347,198.9177151770151,0.01294764628921049,402,5.400990102580201,3.9263122643962225,1.474677838183979,0.04428853985542636
project-plus-gift-size,SUBJECT_CATEGORY x gift_decile=Music | 8,5682,0.26856740584301303,0.13934904063126713,206.98763463569165,19.773293525830013,187.21434110986164,0.0251618399173912,1526,5.370649389849081,3.920937063523203,1.4497123263258782,0.0846696096003377
project-plus-gift-size,SUBJECT_CATEGORY x gift_decile=Performing Arts | 8,2783,0.24793388429752067,0.13954961023694976,198.0816277398491,20.03676591607896,178.04486182377013,0.016758346389070613,690,5.321442428912673,3.925081952933545,1.3963604759791277,0.05491554809812533
project-plus-gift-size,SCHOOL_STATE x gift_decile=MA | 8,3533,0.25559015001415225,0.13949929664493363,193.22902632323806,19.982713041814446,173.24631328142362,0.01836983745605825,903,5.336164195128174,3.924047524411134,1.4121166707170403,0.06350877829285813
project-plus-gift-size,SCHOOL_STATE x gift_decile=NY | 8,16911,0.26887824492933593,0.13866850976670111,188.76315889066288,18.93490931938484,169.82824957127804,0.03927450699296853,4547,5.4447198847037654,3.905042709076833,1.5396771756269323,0.15444044272930638
project-plus-gift-size,SCHOOL_STATE x gift_decile=SC | 8,3729,0.27460445159560204,0.13945579653097576,185.4706650576562,19.980378987067212,165.49028607058898,0.018026791053282493,1024,5.261918713713195,3.9237316647973786,1.3381870489158163,0.06407647518813092
project-plus-gift-size,SCHOOL_STATE x gift_decile=WA | 8,3202,0.26264834478450966,0.13950664520784442,181.8745596502186,20.026222660664878,161.84833698955373,0.016338860918853032,841,5.472139652502484,3.92395830787777,1.5481813446247146,0.06720227061005872
project-plus-gift-size,SCHOOL_STATE x gift_decile=NV | 8,1384,0.28395953757225434,0.13959682657511366,181.75168352601156,20.16281463301475,161.5888688929968,0.01072915673751089,393,5.218926948048735,3.9265941739512202,1.292332774097515,0.03837587678051321
project-plus-gift-size,SUBJECT_CATEGORY x gift_decile=Other | 8,2685,0.2931098696461825,0.13949823104694817,179.01072625698325,20.068637137847425,158.94208911913583,0.014694880412271056,787,5.474888714310705,3.924229323445409,1.5506593908652957,0.06511888038041545
project-plus-gift-size,CATEGORY x gift_decile=Books | 8,28852,0.2845556633855539,0.13772526565698529,176.20666782198808,18.152159096249314,158.05450872573877,0.04760974860322924,8210,5.360984075151674,3.8881444714615916,1.4728396036900828,0.19728709574677328
project-plus-gift-size,SCHOOL_STATE x gift_decile=IN | 8,3389,0.2764827382708764,0.1394741791450245,177.1155621127176,20.01965749432872,157.0959046183889,0.016314909253500036,937,5.33994471598798,3.9238758729498042,1.4160688430381758,0.06487074497295389
project-plus-gift-size,SUBJECT_CATEGORY x gift_decile=ESL | 8,1909,0.25563122053431114,0.1395867509716341,176.46115243583026,20.1281330239573,156.33301941187295,0.012189527905976941,488,5.412842046934019,3.9258714081137134,1.4869706388203054,0.04919618321647099
project-plus-gift-size,SUBJECT_CATEGORY x gift_decile=Social Sciences | 8,1865,0.27989276139410185,0.13956812297817225,171.02097050938337,20.136033363667032,150.88493714571635,0.0116284798333373,522,5.324607520459187,3.925856450643255,1.398751069815932,0.04785972982677989
project-plus-gift-size,SUBJECT_CATEGORY x gift_decile=Visual Arts | 8,6812,0.26790957134468585,0.1392832092697021,169.83074280681151,19.792624262083407,150.0381185447281,0.022073819941402794,1825,5.344732178999696,3.91964750390399,1.4250846750957065,0.09097537492191936
project-plus-gift-size,SUBJECT_CATEGORY x gift_decile=Early Development | 8,2961,0.2718676122931442,0.13950774970830937,169.8605133400878,20.060849015912634,149.79966432417518,0.014543107472812756,805,5.272052638690428,3.9246798473553475,1.3473727913350806,0.05722368883621347
project-plus-gift-size,CATEGORY x gift_decile=Supplies | 8,52335,0.2759338874558135,0.13630123609552905,165.620225088373,16.65174138693786,148.96848370143513,0.060101024984594895,14441,5.350249087947996,3.856690451539668,1.4935586364083284,0.26249798663591734
project-plus-gift-size,SCHOOL_STATE x gift_decile=OK | 8,2934,0.2791411042944785,0.1394995008937484,168.37567825494204,20.064749518304428,148.3109287366376,0.01433286799406796,819,5.34347078364061,3.9244223940426286,1.4190483895979815,0.060788184869513096
project-plus-gift-size,SUBJECT_CATEGORY x gift_decile=Extracurricular | 8,738,0.2777777777777778,0.13964219687335055,167.07554200542006,20.216253846160978,146.85928815925908,0.007121652449450973,205,5.498707814276953,3.927210643216199,1.571497171060754,0.0337142767094967
project-plus-gift-size,SCHOOL_STATE x gift_decile=PA | 8,4407,0.2675289312457454,0.13942771178097518,164.51660766961652,19.971152962515394,144.54545470710113,0.0171142274964209,1179,5.353010294325632,3.9226826314182026,1.430327662907429,0.07347035313645095
project-plus-gift-size,GRADE_LEVEL x gift_decile=Grades 6-8 | 8,27244,0.25561591543092055,0.13820637320735935,162.18567244163853,18.450880720719027,143.7347917209195,0.042088398938280716,6964,5.331583167222874,3.8950754778255474,1.4365076893973265,0.17759479690074084
gift-size decile,first_gift_decile!=8,2002459,0.13046908825598927,0.25932933743722664,10.111657646923106,152.03171961768993,-141.92006197076682,-0.09591044716440025,261259,3.716759148006093,5.309097755161543,-1.5923386071554497,-0.44463227945943823
gift-size decile,first_gift_decile=8,154325,0.25932933743722664,0.13046908825598927,152.03171961768993,10.111657646923106,141.92006197076682,0.09591044716440023,40021,5.309097755161542,3.716759148006093,1.5923386071554488,0.44463227945943795
project-plus-gift-size,CATEGORY x gift_decile=Visitors | 8,551,0.2177858439201452,0.1396695069595911,162.04323049001815,20.23027621319217,141.81295427682596,0.005942397680623549,120,5.386740395689831,3.9276988001751927,1.459041595514638,0.02395206192988207
project-plus-gift-size,SUBJECT_CATEGORY x gift_decile=Applied Sciences | 8,8503,0.26931671174879457,0.13917639265999188,159.03109608373515,19.71726863478288,139.31382744895228,0.022890117487039344,2290,5.384509048516992,3.9171265051912774,1.4673825433257144,0.10485167829140063
project-plus-gift-size,GRADE_LEVEL x gift_decile=Grades PreK-2 | 8,55135,0.26641879024213294,0.13636482590575305,155.58436038813824,16.716555086030063,138.86780530210817,0.057466866710139446,14689,5.293037485795433,3.8583303449145117,1.4347071408809215,0.2542006253439353
project-plus-gift-size,SUBJECT_CATEGORY x gift_decile=Team Sports | 8,1663,0.23872519542994589,0.13961304260874446,158.00219482862298,20.160221788010972,137.841973040612,0.01003195555421453,397,5.40456774642546,3.926332049710063,1.4782356967153971,0.044118803873386625
project-plus-gift-size,SUBJECT_CATEGORY x gift_decile=Literacy | 8,42223,0.2678634867252445,0.13713011826095345,153.69581720863036,17.602224055016617,136.09359315361374,0.04943613364570802,11310,5.311431847733959,3.8743314319080344,1.4371004158259248,0.22474027976456992
project-plus-gift-size,SCHOOL_STATE x gift_decile=NJ | 8,3249,0.19913819636811328,0.13959977432454082,155.71378885811018,20.06215867863768,135.6516301794725,0.013794247203577244,647,5.31895482918072,3.9252870301456064,1.3936677990351138,0.0530781401361327
project-plus-gift-size,SUBJECT_CATEGORY x gift_decile=Health & Life Science | 8,5036,0.2714455917394758,0.13938109853012529,154.28603455123113,19.95284323257184,134.3331913186593,0.016999809765908043,1367,5.299816793769692,3.9220284880987513,1.3777883056709403,0.07618164784484277
project-plus-gift-size,GRADE_LEVEL x gift_decile=Grades 9-12 | 8,23900,0.24472803347280334,0.1385124554359262,152.410530125523,18.78576768356835,133.62476244195466,0.036676820455489034,5849,5.313313101984337,3.900858783183679,1.4124543188006582,0.1603353260138004
project-plus-gift-size,CATEGORY x gift_decile=Other | 8,14982,0.26645307702576426,0.138802746472363,151.39605860365774,19.34924854865202,132.04681005500572,0.028755745738032003,3992,5.260182574188356,3.910395073706588,1.349787500481768,0.12698000020041822
project-plus-gift-size,SCHOOL_STATE x gift_decile=NM | 8,694,0.26512968299711814,0.13964908700471687,150.09308357348704,20.224717145388176,129.86836642809885,0.006107151871683127,184,5.485460944194929,3.9273283427694556,1.5581326014254735,0.03167027135394078
project-plus-gift-size,SCHOOL_STATE x gift_decile=RI | 8,502,0.25697211155378485,0.13966215921665162,149.91254980079682,20.23632293456978,129.67622686622704,0.005186652687133835,129,5.411331475882968,3.9276446624711685,1.4836868134117998,0.025253129866725222
project-plus-gift-size,SCHOOL_STATE x gift_decile=CA | 8,25628,0.26455439363196503,0.13818791303874517,147.50295536132356,18.736436586528622,128.76651877479495,0.03658390809350367,6780,5.260393824577133,3.897611916392567,1.3627819081845662,0.16629141210594187
project-plus-gift-size,SUBJECT_CATEGORY x gift_decile=History & Geography | 8,3848,0.2616943866943867,0.13947140091484372,148.32595114345114,20.037621522423333,128.2883296210278,0.014195229113898672,1007,5.323968868825702,3.923599334130396,1.4003695346953058,0.06649691479785118
project-plus-gift-size,SCHOOL_STATE x gift_decile=WV | 8,549,0.28051001821493626,0.13965360918452766,148.24482695810565,20.233920968725577,128.01090598938006,0.005354308046716359,154,5.479127439364397,3.9274868124392506,1.5516406269251468,0.028854369949742224
project-plus-gift-size,SCHOOL_STATE x gift_decile=AZ | 8,2899,0.243187305967575,0.1395501616845839,146.37158330458777,20.096775719223633,126.27480758536414,0.012130375462721098,705,5.27744418268773,3.9251154665539354,1.3523287161337945,0.05375751960095073
project-plus-gift-size,SCHOOL_STATE x gift_decile=VA | 8,3216,0.25590796019900497,0.1395159103404211,145.50195273631843,20.07948702339559,125.42246571292284,0.012689216686829324,823,5.322304910207648,3.9244614789042793,1.3978434313033685,0.06002547096263233
project-plus-gift-size,SCHOOL_STATE x gift_decile=IA | 8,771,0.251621271076524,0.13964943625108012,145.36863813229573,20.221768500468222,125.14686963182751,0.006202903601916111,194,5.422900682568801,3.9273169020672687,1.4955837805015322,0.031213527935858715
project-plus-gift-size,SCHOOL_STATE x gift_decile=CT | 8,2082,0.2723342939481268,0.13956129432283443,145.13518251681077,20.145850117556854,124.98933239925393,0.010177218128383042,567,5.30805269949365,3.9256783498805543,1.3823743496130954,0.04929232045375002
project-plus-gift-size,GRADE_LEVEL x gift_decile=Grades 3-5 | 8,48042,0.26058448857249905,0.13693519643465157,142.02059219016695,17.4926670498335,124.52792514033345,0.04818492418251544,12519,5.313464343831332,3.8682263857924704,1.4452379580388617,0.2372899873015513
project-plus-gift-size,SUBJECT_CATEGORY x gift_decile=Literature & Writing | 8,18554,0.25509324134957423,0.13868807378065034,142.78369569904063,19.203390795190412,123.58030490385022,0.029923846086883855,4733,5.249342734409093,3.907195285557722,1.342147448851371,0.13730969904203455
project-plus-gift-size,SUBJECT_CATEGORY x gift_decile=College & Career Prep | 8,1716,0.21445221445221446,0.13962993279098385,142.92611305361305,20.168836333702693,122.75727671991035,0.00907524881208819,368,5.366616102712156,3.9265209256608102,1.4400951770513455,0.04138289072487229
project-plus-gift-size,SCHOOL_STATE x gift_decile=IL | 8,9226,0.2668545415131151,0.13914315701834362,141.81014849338825,19.74434895821207,122.06579953517618,0.020887926982458505,2462,5.268027230135891,3.9172415867439354,1.3507856433919554,0.10005062435676915
project-plus-gift-size,SUBJECT_CATEGORY x gift_decile=Gym & Fitness | 8,1473,0.24032586558044808,0.1396206858314183,142.02274270196878,20.18329396082514,121.83944874114364,0.008345770463722733,354,5.3477728118192465,3.926610089965174,1.4211627218540723,0.04005541721425169
project-plus-gift-size,SCHOOL_STATE x gift_decile=TX | 8,9603,0.24263251067374778,0.13922906359547704,141.2207955847131,19.725552568693555,121.49524301601954,0.021208953050924528,2330,5.304484135283761,3.9175538768122857,1.3869302584714749,0.0999580621338078
project-plus-gift-size,SUBJECT_CATEGORY x gift_decile=Environmental Science | 8,5988,0.271376085504342,0.13932283675439233,140.97789078156313,19.930434769266817,121.04745601229632,0.016700071745534274,1625,5.259774660976167,3.9210593705566654,1.3387152904195019,0.08066992183916522
project-plus-gift-size,SCHOOL_STATE x gift_decile=MN | 8,1471,0.25356900067980964,0.13961174084692107,141.11893949694084,20.18402386567519,120.93491563126565,0.00827818982801894,373,5.319936223511475,3.9265548601291234,1.393381363382352,0.04031127403313509
project-plus-gift-size,SCHOOL_STATE x gift_decile=AR | 8,779,0.2605905006418485,0.1396457800422541,140.62228498074452,20.22301906999288,120.39926591075164,0.005998457886761437,203,5.410262266226795,3.927280716455259,1.482981549771536,0.031659825890207244
project-plus-gift-size,SCHOOL_STATE x gift_decile=KY | 8,993,0.2527693856998993,0.13963737672158386,140.5629506545821,20.211094665484733,120.35185598909736,0.006769442568486167,251,5.379251174337316,3.927070107742062,1.4521810665952541,0.034470514386667504
project-plus-gift-size,SUBJECT_CATEGORY x gift_decile=Mathematics | 8,22221,0.24386841276270194,0.13860495098996845,139.1774029071599,19.028632052555952,120.14877085460394,0.03181103394048377,5419,5.284523330912676,3.9034389378053485,1.3810843931073276,0.15101136000987225
project-plus-gift-size,SCHOOL_STATE x gift_decile=NC | 8,8185,0.2896762370189371,0.13911809509359355,138.29086010995724,19.81689663822798,118.47396347172926,0.019099944652091087,2371,5.28365536319017,3.917528855411246,1.3661265077789237,0.09931438474030108
project-plus-gift-size,SCHOOL_STATE x gift_decile=LA | 8,2696,0.26224035608308605,0.13953608209135374,136.6375259643917,20.120858674297423,116.51666729009428,0.010794483906522215,707,5.328681435724878,3.9249859492808286,1.4036954864440494,0.05587834808531197
project-plus-gift-size,SUBJECT_CATEGORY x gift_decile=Health & Wellness | 8,2261,0.2529854046881911,0.13957056852027108,136.2171251658558,20.144824664206414,116.0723005016494,0.009848647759750835,572,5.29995662701747,3.925670764720559,1.3742858622969107,0.049219086573854105
project-plus-gift-size,SCHOOL_STATE x gift_decile=MI | 8,3516,0.24089874857792948,0.13952420228229834,134.22448805460752,20.08042737364787,114.14406068095965,0.01207393850021283,847,5.353786424269084,3.924261057896063,1.4295253663730212,0.06227207738170912
project-plus-gift-size,SUBJECT_CATEGORY x gift_decile=Special Needs | 8,10639,0.2381802801015133,0.13920121892975545,132.74103957138828,19.70894001570257,113.03209955568572,0.020763659292877996,2534,5.279764369198524,3.9168164815485227,1.3629478876500016,0.10240462488833894
project-only,SCHOOL_STATE x CATEGORY=NH | Books,640,0.184375,0.13967619973434056,133.03134375,20.233034032049805,112.79830971795019,0.005093937644341703,118,3.810525819647138,3.9283260752071163,-0.11780025555997842,-0.0019176674112992948
project-plus-gift-size,SCHOOL_STATE x gift_decile=MD | 8,2874,0.2661795407098121,0.13952068563681863,132.33487125956853,20.11697079729422,112.21790046227432,0.010733502498082817,765,5.210773932430316,3.9250151821038375,1.2857587503264782,0.05323646977578048
project-plus-gift-size,SUBJECT_CATEGORY x gift_decile=Character Education | 8,1446,0.25587828492392806,0.1396115133682049,132.0712378976487,20.191496637650335,111.87974125999837,0.0075930359699758485,370,5.288584561043224,3.9266073019197036,1.36197725912352,0.039244156050945375
project-plus-gift-size,CATEGORY x gift_decile=Technology | 8,53165,0.23287877362926737,0.1373342796390411,129.24602031411644,17.512254034594665,111.73376627952177,0.04542584911300769,12381,5.239704092104953,3.872077795852158,1.3676262962527947,0.22335942818330257
project-plus-gift-size,SCHOOL_STATE x gift_decile=AL | 8,1343,0.25316455696202533,0.13961876015163485,131.79720029784067,20.197013673767916,111.60018662407276,0.007299500816392107,340,5.313444872004955,3.926714987212608,1.3867298847923468,0.038305157920234
project-plus-gift-size,SCHOOL_STATE x gift_decile=WI | 8,1536,0.2630208333333333,0.13960156789381084,130.64115234375,20.187843895458894,110.45330844829111,0.007725829627343166,404,5.249913790818511,3.9265053189245847,1.3234084718939267,0.03984412847276066
project-plus-gift-size,SCHOOL_STATE x gift_decile=KS | 8,735,0.23673469387755103,0.13965638072233053,129.10248979591836,20.229403255677397,108.87308654024096,0.005268848155589664,174,5.306877528238131,3.927483287673877,1.3793942405642534,0.02726520093459879
project-plus-gift-size,SCHOOL_STATE x gift_decile=DC | 8,2187,0.26337448559670784,0.13956391844971472,128.8323776863283,20.156306993836896,108.67607069249141,0.009069085766248437,576,5.358720191778913,3.9255399219091838,1.433180269869729,0.05150716308100988
project-plus-gift-size,SCHOOL_STATE x gift_decile=OH | 8,2484,0.25966183574879226,0.13955113029754446,125.64950885668277,20.144994480805828,105.50451437587694,0.009382576061726404,645,5.325227855899682,3.9252828431193594,1.3999450127803224,0.053234915659892953
project-plus-gift-size,SCHOOL_STATE x gift_decile=TN | 8,2631,0.24059293044469784,0.13956622394045362,122.59312048650703,20.14152777913175,102.45159270737528,0.009376474478917984,633,5.234052642369803,3.925530686105711,1.3085219562640917,0.049294364481889855
project-plus-gift-size,SCHOOL_STATE x gift_decile=CO | 8,2352,0.22874149659863946,0.13959224519502125,119.21895833333333,20.1584788937409,99.06047943959243,0.00857250297119684,538,5.274320295402807,3.925871993899479,1.3484483015033275,0.046839089637670056
project-plus-gift-size,SCHOOL_STATE x gift_decile=FL | 8,6635,0.239939713639789,0.139380108076231,117.44407987942728,19.966631856675978,97.4774480227513,0.014154060808807085,1592,5.106287550679465,3.9220221354460714,1.1842654152333933,0.07063845963341081
project-plus-gift-size,SCHOOL_STATE x gift_decile=ME | 8,670,0.26865671641791045,0.13964938774109348,116.952,20.23646112867872,96.71553887132129,0.00446880785293116,180,5.266975333836142,3.92747965442761,1.3394956794085324,0.026928918552560677
project-plus-gift-size,SCHOOL_STATE x gift_decile=OR | 8,2306,0.24978317432784042,0.13957162709482296,116.57947094535993,20.16341904164257,96.41605190371736,0.008261752711093355,576,5.232809179140135,3.9257811050769496,1.3070280740631857,0.04697337074585184
project-plus-gift-size,SCHOOL_STATE x gift_decile=GA | 8,3962,0.23271075214538112,0.1395182695085799,116.09693841494195,20.09014164663869,96.00679676830326,0.010779172980770206,922,5.232361798302704,3.9242768360763116,1.3080849622263924,0.05944385700998443
project-plus-gift-size,SCHOOL_STATE x gift_decile=MO | 8,2654,0.24039186134137153,0.13956539298928106,110.00062170308968,20.15594849892996,89.84467320415972,0.008258495027729098,638,5.229332847560437,3.925518939973458,1.3038139075869792,0.04931019726727253
project-plus-gift-size,CATEGORY x gift_decile=Trips | 8,4434,0.1975642760487145,0.13957023718261435,108.6332047812359,20.084463660649984,88.54874112058592,0.010516200253181172,876,5.338271409539755,3.9241682992020315,1.4141031103377233,0.06264291395263788
individual,SALES_TAX>0=Missing,23340,0.20184233076263924,0.1390095076317916,107.586970437018,19.311214683863273,88.27575575315473,0.02394719543733159,4711,4.958436796335966,3.911915890604565,1.046520905731401,0.10682017921992908
individual,PAYMENT_PROCESSING_CHARGES>0=Missing,23340,0.20184233076263924,0.1390095076317916,107.586970437018,19.311214683863273,88.27575575315473,0.02394719543733159,4711,4.958436796335966,3.911915890604565,1.046520905731401,0.10682017921992908
individual,VENDOR_SHIPPING_CHARGES>0=Missing,23340,0.20184233076263924,0.1390095076317916,107.586970437018,19.311214683863273,88.27575575315473,0.02394719543733159,4711,4.958436796335966,3.911915890604565,1.046520905731401,0.10682017921992908
individual,FULFILLMENT_AND_LABOR_MATERIALS>0=Missing,23340,0.20184233076263924,0.1390095076317916,107.586970437018,19.311214683863273,88.27575575315473,0.02394719543733159,4711,4.958436796335966,3.911915890604565,1.046520905731401,0.10682017921992908
individual,FULFILLMENT_AND_LABOR_MATERIALS>0=True,2133444,0.1390095076317916,0.20184233076263924,19.311214683863277,107.5869704370177,-88.27575575315441,-0.0239471954373315,296569,3.911915890604565,4.958436796335959,-1.046520905731394,-0.10682017921992848
individual,PAYMENT_PROCESSING_CHARGES>0=True,2133350,0.1389982890758666,0.2026115899974396,19.309310253826144,107.4062456260132,-88.09693537218706,-0.02394623467175117,296532,3.91189133858672,4.951814889310608,-1.0399235507238882,-0.10655614925196319
project-plus-gift-size,SCHOOL_STATE x gift_decile=ID | 8,564,0.2375886524822695,0.13966385619278182,101.60078014184397,20.24523107567873,81.35554906616524,0.0034490177701406513,134,5.4332159416656785,3.9276102905967893,1.505605651068889,0.026117893713351797
project-plus-gift-size,SUBJECT_CATEGORY x gift_decile=Civics & Government | 8,866,0.21478060046189376,0.1396593005856438,97.57748267898384,20.23545092624116,77.34203175274268,0.004062681780069286,186,5.174096011799738,3.9275103378016474,1.2465856739980903,0.025475083706572876
project-plus-gift-size,SUBJECT_CATEGORY x gift_decile=Foreign Languages | 8,1235,0.24777327935222673,0.1396275380425126,95.2039109311741,20.22357096034467,74.98033997082942,0.0047030760166294665,306,5.138950203356769,3.927049049904699,1.2119011534520703,0.031759844507738805
project-only,SUBJECT_CATEGORY x CATEGORY=Financial Literacy | Supplies,514,0.21011673151750973,0.13967267549982146,83.36743190661478,20.251463930769336,63.11596797584545,0.0025544331491585267,108,4.192737420264251,3.928185103086792,0.2645523171774591,0.004120184931023582
project-only,SUBJECT_CATEGORY x CATEGORY=Other | Books,588,0.1836734693877551,0.1396774690241518,69.5274149659864,20.253072016644126,49.27434294934227,0.0021329259959740345,108,4.676397515259878,3.928011663025101,0.7483858522347768,0.01165549462528652
project-only,SCHOOL_STATE x CATEGORY=HI | Technology,3290,0.13009118541033435,0.13970412733910567,64.0166838905775,20.19966626329119,43.817017627286305,0.0044836815625990175,428,4.111974168035895,3.9280186090314326,0.1839555590044628,0.005700293504135151
project-only,SUBJECT_CATEGORY x CATEGORY=Early Development | Books,893,0.1791713325867861,0.1396731096330937,47.27350503919373,20.255318914546233,27.018186124647496,0.001441177532029634,160,4.09834871155035,3.9281895713150767,0.17015914023527312,0.003225306858563247
project-plus-gift-size,SCHOOL_STATE x gift_decile=GA | 6,511,0.19765166340508805,0.1396757275168775,46.64894324853229,20.260253400195612,26.38868984833668,0.0010648840344205574,101,4.323716850758626,3.928147328021932,0.39556952273669443,0.005957743740896958
project-only,SCHOOL_STATE x CATEGORY=AK | Books,599,0.17028380634390652,0.1396809642957353,45.83841402337229,20.259401572685086,25.579012450687202,0.0011175381536631906,102,4.408188448464948,3.9281174066050655,0.48007104185988236,0.007266130334069333
project-only,SCHOOL_STATE x CATEGORY=MA | Books,9015,0.14531336661120356,0.1396658579204747,44.42062895174709,20.165121584304455,24.255507367442636,0.004103072381305929,1310,3.9798639281471746,3.928054664674371,0.05180926347280357,0.0028045807130178788
project-plus-gift-size,SUBJECT_CATEGORY x gift_decile=Social Sciences | 7,2940,0.19863945578231293,0.1396089967518539,43.073517006802724,20.235373987159697,22.838143019643027,0.0022093460277112127,584,4.5457053950383814,3.9270807977410462,0.6186245972973352,0.02238635562040219
project-plus-gift-size,SUBJECT_CATEGORY x gift_decile=Environmental Science | 6,733,0.2305593451568895,0.13965857022862632,43.05281036834925,20.25875885125166,22.79405151709759,0.0011016032083472592,169,4.246731914523557,3.928101204587974,0.31863070993558296,0.0062069787630124025
project-only,SUBJECT_CATEGORY x CATEGORY=Applied Sciences | Books,4693,0.14851907095674408,0.13967020911290462,42.892814830598766,20.21716507805664,22.675649752542125,0.0027703682258109932,697,4.081955259585938,3.9279235907962606,0.15403166878967767,0.0060882795084289745
individual,SCHOOL_STATE=HI,9025,0.14116343490304709,0.13968326986407692,41.7638027700831,20.1761727782307,21.587629991852403,0.00365378938126491,1274,4.071680143200091,3.9276709765998246,0.14400916660026608,0.0076882197244520535
project-only,SCHOOL_STATE x CATEGORY=HI | Books,1364,0.1429618768328446,0.13968739271232522,40.66799120234604,20.25359505340026,20.414396148945777,0.0013456491517954328,195,4.050160659863396,3.928201000314099,0.12195965954929688,0.0025519022463095027
project-only,SCHOOL_STATE x CATEGORY=NV | Other,1727,0.15228720324261724,0.139679368109521,40.59622466705269,20.25021394329709,20.346010723755597,0.001508957413494212,263,3.8633731541433027,3.928336646663492,-0.06496349252018918,-0.0015784423196317818
project-only,SUBJECT_CATEGORY x GRADE_LEVEL=Social Sciences | Grades PreK-2,5254,0.1587362009897221,0.1396429517599104,40.00050057099353,20.218315505709885,19.782185065283645,0.0025569083545229597,834,4.004238533505295,3.928069085863352,0.07616944764194322,0.0032925547862431236
gift-size decile,first_gift_decile!=0,1792365,0.14711400858642074,0.10317244710072745,23.590901590914797,3.9157361718241814,19.675165419090614,0.019330998639589484,263682,4.074526481312376,2.902624816820946,1.1719016644914304,0.3186396015210319
gift-size decile,first_gift_decile=0,364419,0.10317244710072745,0.14711400858642074,3.915736171824191,23.590901590914797,-19.675165419090604,-0.019330998639589477,37598,2.9026248168209436,4.074526481312376,-1.1719016644914326,-0.31863960152103243
project-plus-gift-size,SCHOOL_STATE x gift_decile=CA | 1,107788,0.03584814636137604,0.14515206471852557,1.589182098192749,21.249031345107554,-19.659849246914806,-0.01123202625459526,3864,3.116879408801738,3.9388215747392,-0.8219421659374619,-0.0760900639201121
gift-size decile,first_gift_decile!=1,1961424,0.14809750467007643,0.055272317772317774,22.032908458344547,2.531733978296463,19.501174480048086,0.014675283450775066,290482,3.954662513819088,3.2185500249164245,0.7361124889026636,0.11258004709879045
gift-size decile,first_gift_decile=1,195360,0.055272317772317774,0.14809750467007643,2.531733978296478,22.032908458344547,-19.501174480048068,-0.014675283450775059,10798,3.2185500249164227,3.954662513819088,-0.7361124889026653,-0.11258004709879076
project-plus-gift-size,SCHOOL_STATE x gift_decile=WV | 7,885,0.21581920903954802,0.13965821218897545,39.75001129943503,20.25850757850901,19.49150372092602,0.0010350309834962065,191,4.520624248310414,3.9279041754325683,0.5927200728778454,0.012274384646503782
project-only,SCHOOL_STATE x CATEGORY=SC | Books,8857,0.17014790561138082,0.13956386785956879,39.61784464265553,20.18671013493475,19.431134507720778,0.0032581674717526493,1507,4.010373400170258,3.9278672421938845,0.08250615797637373,0.004788783604752851
project-plus-gift-size,CATEGORY x gift_decile=Technology | 1,86655,0.04762564191333449,0.14354322846547243,2.0427282903467776,21.0293476251963,-18.986619334849525,-0.009776093030558203,4127,3.1507395267658147,3.93907878258433,-0.7883392558185154,-0.07538872743039265
project-plus-gift-size,SCHOOL_STATE x gift_decile=WA | 0,35095,0.037099301894856815,0.14138641431425625,1.7190918934321129,20.57329960234511,-18.854207708912995,-0.006254519306826175,1302,3.062265447297609,3.9320387158253687,-0.8697732685277595,-0.04693990606034903
project-only,SCHOOL_STATE x CATEGORY=DE | Supplies,1912,0.14069037656903766,0.1396885754699119,39.039330543933055,20.249848617458483,18.789481926474572,0.0014661947265774385,269,3.763865390378455,3.9284268671850264,-0.16456147680657152,-0.004043723619595853
project-plus-gift-size,SCHOOL_STATE x gift_decile=MN | 0,6975,0.04888888888888889,0.1399840637005427,1.6067053763440862,20.32704683067193,-18.720341454327844,-0.002786813942858267,341,2.98817104370753,3.9293451934855224,-0.9411741497779924,-0.026035887240621162
project-plus-gift-size,GRADE_LEVEL x gift_decile=Grades 9-12 | 1,29304,0.04081354081354081,0.1410513847368718,1.8450214987714988,20.520243894184667,-18.67522239541317,-0.005668708731174738,1196,3.289414368354279,3.9308261684184833,-0.6414118000642044,-0.033182562468357484
project-only,SCHOOL_STATE x CATEGORY=IN | Other,5177,0.1663125362178868,0.1396254055689538,38.73962526559784,20.222057257668336,18.5175680079295,0.0023758918598189285,861,3.9816864537425802,3.928126874370701,0.05355957937187927,0.0023522766459669678
project-plus-gift-size,SUBJECT_CATEGORY x gift_decile=History & Geography | 1,5175,0.044444444444444446,0.13991854467981868,1.8725449275362318,20.310746315896612,-18.43820138836038,-0.0023652528358248702,230,3.207268686279532,3.9288307846218222,-0.7215620983422903,-0.016396188855565597
project-plus-gift-size,GRADE_LEVEL x gift_decile=Grades 6-8 | 1,35422,0.04519789961041161,0.141267261316079,2.2205776071368075,20.56783221816927,-18.34725461103246,-0.006114165416646129,1601,3.21208487477896,3.932106125633504,-0.7200212508545443,-0.04306803935326384
project-plus-gift-size,SUBJECT_CATEGORY x gift_decile=Literacy | 1,59582,0.057097781209089996,0.14203591261118384,2.507312107683529,20.771048435010073,-18.263736327326544,-0.007848550614178164,3402,3.2078056712871406,3.936508317547872,-0.7287026462607313,-0.06334650829924153
project-plus-gift-size,SUBJECT_CATEGORY x gift_decile=Literature & Writing | 1,29899,0.05190809057159102,0.14092346318677315,2.2590611726144685,20.519647898217343,-18.260586725602874,-0.005598055861808615,1552,3.192525138271114,3.9320896963034726,-0.7395645580323587,-0.04355836523389219
project-plus-gift-size,SUBJECT_CATEGORY x gift_decile=ESL | 1,2911,0.05015458605290278,0.13981047164804983,2.034201305393336,20.291146892133376,-18.25694558674004,-0.0017574437536785842,146,3.198346436523968,3.928633833869677,-0.7302873973457089,-0.013223185662744632
project-plus-gift-size,SUBJECT_CATEGORY x gift_decile=Social Sciences | 1,3060,0.05163398692810457,0.13981457234074562,2.066607843137255,20.2923639101389,-18.225756067001644,-0.0017987195499279296,158,3.089318480657836,3.928720143955938,-0.8394016632981018,-0.015810863067698508
individual,OPTIONAL_SUBJECT_CATEGORY=Financial Literacy,689,0.1683599419448476,0.1396803016564669,38.4544847605225,20.260693452746747,18.19379130777575,0.0008524892878886609,116,3.8738409313797098,3.9283009056866156,-0.054459974306905856,-0.0008790102117577196
project-plus-gift-size,GRADE_LEVEL x gift_decile=Grades 3-5 | 1,60441,0.058006982015519265,0.14204450321345313,2.6315944474777058,20.774948942038584,-18.143354494560878,-0.007851212688686581,3506,3.205171123433193,3.9367938421403053,-0.7316227187071123,-0.06455390096151621
project-only,SCHOOL_STATE x CATEGORY=MS | Books,3167,0.15850963056520367,0.13966178758804373,38.32993053362804,20.23994243173229,18.08998810189575,0.001816221083157101,502,3.99385988647594,3.9281704840288616,0.06568940244707822,0.002204226243536712
gift-size decile,first_gift_decile!=3,1628948,0.14350243224461431,0.12792230920210065,24.68933493886852,6.617267901393612,18.07206703747491,0.020371973723685786,233758,4.041751422861943,3.5354469714001615,0.5063044514617818,0.17370151300631753
gift-size decile,first_gift_decile=3,527836,0.12792230920210065,0.14350243224461431,6.617267901393615,24.68933493886852,-18.072067037474906,-0.020371973723685783,67522,3.5354469714001615,4.041751422861943,-0.5063044514617818,-0.17370151300631753
project-plus-gift-size,SUBJECT_CATEGORY x gift_decile=Health & Life Science | 1,7639,0.05079198848016756,0.14000544402541476,2.3170284068595364,20.33030587047407,-18.013277463614536,-0.0028058601237857224,388,3.276325857861513,3.9291206315734337,-0.6527947737119209,-0.019261221140903974
project-only,SUBJECT_CATEGORY x CATEGORY=Social Sciences | Supplies,5280,0.14412878787878788,0.139678569038217,38.19383901515152,20.222510169630173,17.971328845521345,0.0023285758864438695,761,4.02600463895013,3.9280324704195166,0.09797216853061297,0.0040459171207801094
project-plus-gift-size,GRADE_LEVEL x gift_decile=Grades PreK-2 | 1,70165,0.06406327941281266,0.14223248230750318,2.890608423002922,20.85079041741688,-17.960181994413958,-0.008354389924232944,4495,3.2124328679016516,3.939121902276146,-0.7266890343744943,-0.07248036868697003
project-plus-gift-size,SCHOOL_STATE x gift_decile=OH | 7,4336,0.1708948339483395,0.13962660189700285,38.16300507380074,20.23045397612393,17.93255109767681,0.002106081689916984,741,4.533329913946986,3.9267881441077837,0.6065417698392022,0.02471759443220392
project-plus-gift-size,SUBJECT_CATEGORY x gift_decile=Health & Wellness | 1,2424,0.06353135313531354,0.13977515364191687,2.4105115511551154,20.286596441634636,-17.87608489047952,-0.0015704351929158112,154,3.1830168681355757,3.9286610751331703,-0.7456442069975946,-0.013866028915617378
project-plus-gift-size,SUBJECT_CATEGORY x gift_decile=Performing Arts | 1,3511,0.05240672173170037,0.13983178166447077,2.453600113927656,20.295550262321587,-17.84195014839393,-0.0018859468455719305,184,3.196430255452158,3.928727171205332,-0.732296915753174,-0.014884511120773325
project-plus-gift-size,CATEGORY x gift_decile=Technology | 0,126732,0.0974970804532399,0.14232344787227125,3.4859449862702396,21.31408171317779,-17.828136726907548,-0.010993218149800827,12356,2.8993967990924556,3.9722807127779536,-1.072883913685498,-0.17505295983585634
project-plus-gift-size,SUBJECT_CATEGORY x gift_decile=Applied Sciences | 1,8729,0.05281246419979379,0.14004250356718054,2.5283033566273345,20.338587899285628,-17.810284542658295,-0.0029648175156887268,461,3.195779790426388,3.9294024813088844,-0.7336226908824965,-0.023591840057498335
project-plus-gift-size,SUBJECT_CATEGORY x gift_decile=Mathematics | 1,23136,0.05350968188105117,0.14062394546804347,2.7046771265560166,20.456935530134306,-17.75225840357829,-0.004794919271699048,1238,3.2585793267845093,3.9310431816268543,-0.6724638548423449,-0.0353920940504366
project-plus-gift-size,SUBJECT_CATEGORY x gift_decile=Music | 1,6047,0.06515627583925913,0.1398990206612896,2.5783032908880434,20.316237638539718,-17.737934347651674,-0.0024591716594649783,394,3.179596012238179,3.929260313472285,-0.7496643012341062,-0.022289580608944433
project-plus-gift-size,CATEGORY x gift_decile=Other | 1,18568,0.05767987936234382,0.14040162453185273,2.6927655105557946,20.41911374716118,-17.726348236605386,-0.00429387890643447,1071,3.253811392256376,3.9306861136979148,-0.6768747214415387,-0.033143689366023
project-plus-gift-size,SCHOOL_STATE x gift_decile=MO | 1,2316,0.06174438687392055,0.13977325260806844,2.5643436960276342,20.285534976616034,-17.7211912805884,-0.0015217887854873668,143,3.1694339324553558,3.9286402881608797,-0.759206355705524,-0.013604916448435667
project-plus-gift-size,CATEGORY x gift_decile=Supplies | 1,54937,0.06443744652966125,0.1416563622375939,3.005914957132716,20.717654063307172,-17.711739106174456,-0.007316719239482776,3540,3.237466613648518,3.9364934093367645,-0.6990267956882463,-0.06197264213389935
project-plus-gift-size,SUBJECT_CATEGORY x gift_decile=Visual Arts | 1,9376,0.055887372013651876,0.1400553597639573,2.647456271331058,20.343433776906856,-17.695977505575797,-0.0030525501296281123,524,3.217096021887712,3.929519016055456,-0.7124229941677442,-0.024422869407747055
project-plus-gift-size,SCHOOL_STATE x gift_decile=FL | 1,16329,0.06613999632555576,0.14025055420459667,2.719556617061669,20.4003669079705,-17.68081029090883,-0.004018437095456936,1080,3.322796414195877,3.930458225785851,-0.6076618115899741,-0.02987893621091323
project-plus-gift-size,CATEGORY x gift_decile=Books | 1,33727,0.057224182405787645,0.1409995115533874,2.90226880540813,20.54235480724257,-17.64008600183444,-0.005738422835979122,1930,3.314010784055215,3.932240316335452,-0.6182295322802367,-0.04057924833747472
project-plus-gift-size,SCHOOL_STATE x gift_decile=MI | 1,3567,0.0672834314550042,0.13980941075609193,2.7064592094196804,20.295595404457607,-17.589136195037927,-0.0018739678286911342,240,3.241360407880744,3.928827574443106,-0.687467166562362,-0.015957161848059204
project-plus-gift-size,SCHOOL_STATE x gift_decile=MA | 1,2371,0.07043441585828764,0.1397656809534662,2.7103374103753692,20.285826710106186,-17.575489299730815,-0.0015270731689370203,167,3.2597039651443387,3.928650735591173,-0.6689467704468344,-0.012953899257188012
project-plus-gift-size,SCHOOL_STATE x gift_decile=IL | 1,5454,0.07755775577557755,0.13984697838081558,2.758041804180418,20.310892624562477,-17.55285082038206,-0.002311430873753158,423,3.204180455314061,3.929298009272332,-0.7251175539582708,-0.022338017570212018
project-plus-gift-size,CATEGORY x gift_decile=Trips | 1,1264,0.08306962025316456,0.13972266552850357,2.7287895569620253,20.276789730552256,-17.548000173590232,-0.0011135234307904267,105,3.1282647071831087,3.9285588502166173,-0.8002941430335087,-0.01228965560968457
project-plus-gift-size,GRADE_LEVEL x gift_decile=Grades 3-5 | 0,111321,0.10111299754763252,0.1417889250502209,3.6554634794872483,21.170534563568246,-17.515071084080997,-0.0101605784224416,11256,2.924800585326132,3.9672255541603905,-1.0424249688342586,-0.16264464987248772
project-plus-gift-size,SUBJECT_CATEGORY x gift_decile=Civics & Government | 0,1474,0.08208955223880597,0.1397288557098515,2.8554748982360922,20.278412859403055,-17.422937961166962,-0.001193842865603985,121,3.089888490230077,3.9286167871487354,-0.8387282969186582,-0.013826041915152892
project-plus-gift-size,SCHOOL_STATE x gift_decile=OH | 1,2126,0.07055503292568203,0.1397576784807612,2.865978363123236,20.283674680622166,-17.41769631749893,-0.0014331237125233566,150,3.2718396242879946,3.928606925794842,-0.6567673015068474,-0.012053693092030242
project-plus-gift-size,CATEGORY x gift_decile=Visitors | 0,1244,0.09807073954983923,0.13971348246843018,2.9360852090032155,20.276507278918505,-17.340422069915288,-0.0010916164257822349,122,3.016658973822593,3.928649237654114,-0.9119902638315209,-0.015095700986421308
project-plus-gift-size,SCHOOL_STATE x gift_decile=FL | 0,19755,0.10609972158947102,0.13999997192363792,3.103223993925589,20.42516540486816,-17.32194141094257,-0.004326756498901437,2096,2.848964466931268,3.935841321680156,-1.0868768547488883,-0.074324351254132
project-plus-gift-size,SUBJECT_CATEGORY x gift_decile=Other | 1,2697,0.058954393770856504,0.13979054699276305,2.9685242862439747,20.288163328593505,-17.31963904234953,-0.0016048450028085302,159,3.2969736015282125,3.92861328404728,-0.6316396825190673,-0.011935055863142393
project-plus-gift-size,SUBJECT_CATEGORY x gift_decile=Special Needs | 1,10957,0.056493565757050286,0.1401142776188388,3.044608925800858,20.354443862436252,-17.309834936635394,-0.003226697663695325,619,3.2997442263198566,3.92957396480472,-0.6298297384848635,-0.02346351113057887
project-plus-gift-size,SUBJECT_CATEGORY x gift_decile=Literacy | 0,106130,0.10380665221897672,0.14154655051510395,3.828858758126825,21.11722319318617,-17.288364435059346,-0.009804858944466087,11017,2.901525488961152,3.967250642335947,-1.0657251533747951,-0.16457304171251205
project-plus-gift-size,SUBJECT_CATEGORY x gift_decile=Environmental Science | 1,6013,0.06602361549975054,0.13989541424912275,3.035443206386163,20.314679187138008,-17.279235980751846,-0.0023888527926590746,397,3.2134789524697793,3.9292230812778173,-0.715744128808038,-0.02136179968632528
project-plus-gift-size,SCHOOL_STATE x gift_decile=WV | 0,1113,0.1105121293800539,0.13970452819562912,3.0000359389038636,20.275420483923565,-17.2753845450197,-0.001028699928640218,123,2.8154702541684884,3.9287344364135026,-1.1132641822450142,-0.01850262038861408
project-plus-gift-size,SUBJECT_CATEGORY x gift_decile=Literature & Writing | 0,45072,0.10145988640397587,0.14050542877058994,3.3584622381966627,20.627387816141592,-17.26892557794493,-0.0064767665139830915,4573,2.9120738752765534,3.9439422247422686,-1.0318683494657153,-0.10379459862141067
project-plus-gift-size,GRADE_LEVEL x gift_decile=Grades PreK-2 | 0,134065,0.10688099056427852,0.1418639959381407,4.07957617573565,21.339368745732845,-17.259792569997195,-0.010926554083754819,14329,2.896462767644968,3.9798040937674353,-1.0833413261224671,-0.18969814690483575
project-plus-gift-size,SCHOOL_STATE x gift_decile=NH | 0,929,0.11302475780409042,0.1397009539138764,3.0536921420882672,20.27392292617082,-17.220230784082553,-0.000936868771095935,105,3.0036868943304387,3.9286022823419584,-0.9249153880115197,-0.014203392197365387
project-plus-gift-size,SUBJECT_CATEGORY x gift_decile=Character Education | 1,1439,0.07157748436414177,0.13973493802616285,3.07363446838082,20.277984280938778,-17.204349812557957,-0.0011647942659625565,103,3.1688953990029876,3.9285396404179154,-0.7596442414149278,-0.011553823509227117
project-plus-gift-size,CATEGORY x gift_decile=Supplies | 0,121368,0.10594225825588294,0.14170174549084807,4.081052419089051,21.231613498174326,-17.150561079085275,-0.010362849399890565,12858,2.894799827536689,3.9743530081816822,-1.0795531806449934,-0.17952746949376644
project-plus-gift-size,SCHOOL_STATE x gift_decile=CA | 0,78984,0.09766534994429252,0.14128693810761384,3.754348602248556,20.894186889979785,-17.13983828773123,-0.008441124728063592,7714,2.8885430427538337,3.955600984025537,-1.0670579412717034,-0.138664938246476
project-plus-gift-size,SUBJECT_CATEGORY x gift_decile=ESL | 0,4515,0.08615725359911407,0.1398017626978784,3.1632934662236987,20.30238446959929,-17.13909100337559,-0.002053936921237532,389,2.9182396916474325,3.9295857445659497,-1.0113460529185172,-0.029878937422263857
project-plus-gift-size,SCHOOL_STATE x gift_decile=TN | 0,9455,0.0923320994182972,0.13989798489192853,3.2036435748281336,20.34163583689318,-17.137992262065044,-0.002968671670978152,873,3.063789884442068,3.930792195052465,-0.8670023106103972,-0.03834143527468404
project-plus-gift-size,SCHOOL_STATE x gift_decile=PA | 1,3152,0.06852791878172589,0.13979361376502578,3.1662341370558376,20.291533103148538,-17.1252989660927,-0.0017152964099890536,216,3.2751747099210924,3.92874851118334,-0.6535738012622474,-0.014392521592904049
project-plus-gift-size,SCHOOL_STATE x gift_decile=MD | 1,2196,0.07240437158469945,0.1397580419087083,3.2264025500910747,20.28387320917038,-17.057470659079307,-0.0014263794840444523,159,3.3275955664387324,3.9285971148248713,-0.6010015483861388,-0.011356137450415985
project-plus-gift-size,SCHOOL_STATE x gift_decile=ME | 0,1697,0.11608721272834413,0.13970804890939437,3.2374189746611663,20.279914959349668,-17.0424959846885,-0.0012529354281533706,197,2.920525335815507,3.9289393157936128,-1.0084139799781058,-0.021208065382247652
project-plus-gift-size,SUBJECT_CATEGORY x gift_decile=Foreign Languages | 0,3279,0.09027142421469961,0.13976470916018305,3.2537145471180238,20.292409843487707,-17.038695296369685,-0.0017406127144303039,296,2.968194492884299,3.9292241246655975,-0.9610296317812983,-0.02477081548450739
project-plus-gift-size,SUBJECT_CATEGORY x gift_decile=Early Development | 0,6833,0.10712717693546027,0.1397929534207989,3.294268988731158,20.320446954372446,-17.02617796564129,-0.0025087612000373317,732,2.8250101175659013,3.9309670072739986,-1.1059568897080974,-0.04479573073965203
project-plus-gift-size,SUBJECT_CATEGORY x gift_decile=Mathematics | 0,48989,0.10300271489518055,0.14054213052028305,3.6336718446998306,20.653082980081077,-17.019411135381247,-0.00664859940322169,5046,2.8966067361282364,3.945853284625468,-1.0492465484972318,-0.11077827269155219
project-plus-gift-size,SCHOOL_STATE x gift_decile=TN | 1,2167,0.08721735117674204,0.13974223725144655,3.2660498384863867,20.283603749529497,-17.01755391104311,-0.0014136236304526809,189,3.316493494625446,3.928663966168898,-0.6121704715434522,-0.012610669148790433
project-plus-gift-size,SCHOOL_STATE x gift_decile=VA | 0,6089,0.11101987190014781,0.13977063228398262,3.2998620463130237,20.3145411738996,-17.014679127586575,-0.0023670548824580744,676,2.8394636063626653,3.9307284737074113,-1.091264867344746,-0.04248023049364533
project-plus-gift-size,SCHOOL_STATE x gift_decile=IA | 0,1624,0.09667487684729065,0.13972187679801035,3.2769827586206897,20.279307879693384,-17.002325121072694,-0.0012228220249858,157,2.969058200992376,3.9287800578856085,-0.9597218568932324,-0.01801993173679593
project-plus-gift-size,SCHOOL_STATE x gift_decile=UT | 0,4440,0.11914414414414415,0.13973184583876927,3.3084369369369373,20.301487833729176,-16.99305089679224,-0.002019486013704121,529,2.776868863871686,3.9303051889412037,-1.1534363250695177,-0.03972930482168372
project-plus-gift-size,CATEGORY x gift_decile=Books | 0,71267,0.10961595128179943,0.14071714591633633,3.904363590441579,20.82563829975972,-16.92127470931814,-0.007930605493011809,7812,2.9022369522299827,3.9555927884383415,-1.0533558362083588,-0.1377281026552066
project-plus-gift-size,SUBJECT_CATEGORY x gift_decile=Environmental Science | 0,14988,0.09921270349613023,0.13997271448821455,3.4710401654657055,20.38403799428143,-16.912997828815726,-0.0036838645322980674,1487,2.9000787049929007,3.9333799070489284,-1.0333012020560277,-0.05957706828232734
project-plus-gift-size,SCHOOL_STATE x gift_decile=MD | 0,5684,0.10608726249120337,0.13977825298684393,3.4286945812807885,20.310997299056293,-16.882302717775506,-0.002269400690285111,603,2.9700779292609676,3.9302015868087663,-0.9601236575477987,-0.03530383596383443
project-plus-gift-size,SCHOOL_STATE x gift_decile=OH | 0,5851,0.1169030934882926,0.13975144739515363,3.436412579046317,20.31228705868569,-16.875874479639375,-0.0023015315959860907,684,2.839362114970119,3.9307577473472843,-1.0913956323771652,-0.042735405214850676
project-plus-gift-size,SUBJECT_CATEGORY x gift_decile=Other | 0,4825,0.10155440414507771,0.1397749678316362,3.4658818652849743,20.304174991252154,-16.83829312596718,-0.002085863503394509,490,2.825049662458237,3.9300771474239147,-1.1050274849656776,-0.03663437464328514
project-plus-gift-size,SCHOOL_STATE x gift_decile=NM | 0,1278,0.1056338028169014,0.1397096551807325,3.443615023474178,20.27647988453755,-16.832864861063374,-0.001074039481502319,135,2.8813373497090136,3.9287492701722866,-1.047411920463273,-0.018237201235221222
project-plus-gift-size,SCHOOL_STATE x gift_decile=MO | 0,5790,0.11226252158894647,0.13976329083205252,3.5055371329879104,20.31162240805878,-16.80608527507087,-0.0022800669984979977,650,2.887107062979706,3.9305310844470185,-1.0434240214673123,-0.039830855354295265
project-plus-gift-size,SUBJECT_CATEGORY x gift_decile=Team Sports | 0,2613,0.10065059318790662,0.13973681755069584,3.490294680443934,20.28685505932444,-16.796560378880507,-0.0015319772368861141,263,3.0109109622961396,3.9290814469786097,-0.9181704846824701,-0.022309132305490385
project-plus-gift-size,SUBJECT_CATEGORY x gift_decile=Visual Arts | 0,17906,0.11861945716519602,0.13986585490149508,3.6222283033620015,20.405846135216688,-16.783617831854688,-0.0039930067397803805,2124,2.772858674758942,3.936483398905774,-1.1636247241468323,-0.08009861759516257
project-plus-gift-size,SUBJECT_CATEGORY x gift_decile=Early Development | 1,2915,0.08027444253859348,0.1397698745838303,3.5067478559176672,20.28918788468565,-16.782440028767983,-0.0016166134613212059,234,3.2502645124451286,3.928806951802488,-0.6785424393573596,-0.015552039132360654
project-plus-gift-size,GRADE_LEVEL x gift_decile=Grades 6-8 | 0,63440,0.10515447667087012,0.1407360663130379,3.979440573770492,20.760094509072562,-16.78065393530207,-0.007434177629242579,6671,2.860955185622289,3.9524479817824902,-1.0914927961602015,-0.13213726527990136
project-plus-gift-size,SUBJECT_CATEGORY x gift_decile=Community Service | 3,1306,0.09341500765696784,0.13971750117607323,3.505528330781011,20.276661032958813,-16.771132702177802,-0.001081752594690779,122,3.3874329821646283,3.9284990360024303,-0.541066053837802,-0.008955985262741016
project-plus-gift-size,SCHOOL_STATE x gift_decile=CT | 1,1498,0.0794392523364486,0.13973133959947776,3.5095327102803737,20.278152277702354,-16.76861956742198,-0.0011583180848568175,119,3.2370131894563587,3.9285530826989503,-0.6915398932425916,-0.01130514273255522
project-plus-gift-size,SCHOOL_STATE x gift_decile=WI | 1,1509,0.09343936381709742,0.13972184524016656,3.531583830351226,20.278222421732725,-16.746638591381497,-0.0011610362458695043,141,3.174648574999576,3.9286328043168406,-0.7539842293172647,-0.013416563351985137
project-plus-gift-size,GRADE_LEVEL x gift_decile=Grades 9-12 | 0,55582,0.09611025152027634,0.1408422417264023,3.969895289842035,20.697591316779633,-16.727696026937597,-0.006949591545112694,5342,2.9244637651688272,3.9463999015831424,-1.0219361364143151,-0.11095887142307992
project-plus-gift-size,SUBJECT_CATEGORY x gift_decile=College & Career Prep | 0,3262,0.09993868792152054,0.13974967518325793,3.627109135499693,20.291709748031362,-16.664600612531668,-0.0016979844510799584,326,3.0474462133450197,3.929234075781327,-0.8817878624363074,-0.023851129035031195
project-plus-gift-size,SCHOOL_STATE x gift_decile=NJ | 1,1434,0.0697350069735007,0.13973600575312595,3.6296373779637374,20.277574449625348,-16.64793707166161,-0.0011251646201225903,100,3.4243976134780256,3.928447240012272,-0.5040496265342465,-0.007553919061254746
project-plus-gift-size,SCHOOL_STATE x gift_decile=AR | 0,1956,0.11503067484662577,0.1397118470708567,3.6440439672801634,20.281594280378755,-16.637550313098593,-0.0013131135312242598,225,2.654040203348652,3.9292322680656038,-1.275192064716952,-0.028659971103597394
project-plus-gift-size,SUBJECT_CATEGORY x gift_decile=Health & Life Science | 0,13068,0.09909703091521273,0.1399369132851553,3.774410774410774,20.367040685426613,-16.592629911015838,-0.0033761798900532104,1295,2.946943654872377,3.932516250729817,-0.9855725958574402,-0.05304680586164139
project-plus-gift-size,SUBJECT_CATEGORY x gift_decile=Performing Arts | 0,5398,0.10967024824008892,0.13976478419028476,3.7612467580585403,20.307918606888766,-16.546671848830226,-0.002167746171122433,592,2.9738507563803123,3.930159034815047,-0.9563082784347348,-0.03484197640103431
project-plus-gift-size,SCHOOL_STATE x gift_decile=HI | 0,1283,0.10756040530007795,0.13970858746992,3.7314886983632114,20.276347582302208,-16.544858883938996,-0.0010577247686326245,138,3.1263087624920103,3.9286474450558875,-0.8023386825638772,-0.014124364114373305
project-plus-gift-size,SCHOOL_STATE x gift_decile=AZ | 0,5328,0.1112987987987988,0.13975977198697068,3.802130255255255,20.30727899617747,-16.505148740922216,-0.002148275370320603,593,2.855757870332658,3.9303951121636014,-1.0746372418309433,-0.03918614355651145
project-plus-gift-size,SUBJECT_CATEGORY x gift_decile=Character Education | 0,3716,0.11194833153928956,0.13973734224836373,3.8148304628632936,20.29489968732989,-16.480069224466597,-0.001792040918634661,416,2.840651273432604,3.9297837846285897,-1.0891325111959858,-0.033273498408749026
project-plus-gift-size,SCHOOL_STATE x gift_decile=ID | 0,1182,0.10913705583756345,0.13970621663924973,3.8203384094754655,20.27552365882013,-16.455185249344666,-0.0010097595459942793,129,2.8876780145970535,3.9287256859328408,-1.0410476713357872,-0.01771917887525078
project-plus-gift-size,SUBJECT_CATEGORY x gift_decile=Social Sciences | 0,4000,0.10975,0.13974509286579612,3.8638475,20.296982697753233,-16.433135197753234,-0.0018538424258416602,439,2.7058141913970277,3.930063811376178,-1.2242496199791502,-0.03841994290832956
project-plus-gift-size,SCHOOL_STATE x gift_decile=AZ | 1,1419,0.1014799154334038,0.13971461910163707,3.8539746300211415,20.277310896298303,-16.42333626627716,-0.001104168009695997,144,3.1152708761430907,3.9286687094936483,-0.8133978333505576,-0.014626875382654288
project-plus-gift-size,SCHOOL_STATE x gift_decile=WA | 1,1890,0.082010582010582,0.13974005217890068,3.889920634920635,20.280869054347914,-16.39094841942728,-0.0012716573511331974,155,3.160231731862621,3.9286752796672655,-0.7684435478046443,-0.014336303596531465
project-plus-gift-size,SCHOOL_STATE x gift_decile=SC | 0,6629,0.12777191129883844,0.13972620578516431,3.944518026851712,20.316826824112677,-16.372308797260967,-0.002376243738296196,847,2.9164823532315816,3.931132461996707,-1.0146501087651254,-0.04419954453042849
project-plus-gift-size,SUBJECT_CATEGORY x gift_decile=Music | 0,13623,0.10790574763268003,0.13989149671909856,4.0248212581663365,20.369745833374157,-16.34492457520782,-0.0033952273640583913,1470,2.945449298553937,3.933098859408858,-0.987649560854921,-0.05662009124514734
project-plus-gift-size,SUBJECT_CATEGORY x gift_decile=Special Needs | 0,25008,0.0990083173384517,0.14016669668858267,4.116833013435701,20.455958426213634,-16.339125412777932,-0.004586287072781618,2476,2.8874287359539528,3.936904813717427,-1.0494760777634742,-0.07795195876316038
project-plus-gift-size,SCHOOL_STATE x gift_decile=MI | 0,7857,0.11492936235204276,0.13977999252650275,4.026333206058292,20.325883610750854,-16.29955040469256,-0.0025747614471023313,903,2.924013906511301,3.93129898411218,-1.007285077600879,-0.0453018125184907
project-plus-gift-size,SCHOOL_STATE x gift_decile=TN | 3,21649,0.09492355305094924,0.14014336330021288,4.138197145364682,20.43003705152133,-16.29183990615665,-0.004258178750476859,2055,3.4491653332405203,3.931570372624061,-0.48240503938354085,-0.03266650354074771
project-plus-gift-size,SCHOOL_STATE x gift_decile=NC | 0,14378,0.11538461538461539,0.1398525769625365,4.1361496731116985,20.374758766545646,-16.238609093433947,-0.0034647437451871756,1659,2.979163884925628,3.933535188198265,-0.9543713032726369,-0.058104886225129534
project-plus-gift-size,SCHOOL_STATE x gift_decile=NJ | 0,5051,0.11067115422688577,0.1397575814471405,4.06759057612354,20.304531087267797,-16.236940511144258,-0.002057828788026128,559,2.951458738280471,3.9300957168722674,-0.9786369785917963,-0.03464937215724154
project-plus-gift-size,SCHOOL_STATE x gift_decile=MA | 0,6465,0.11539056457849961,0.13976251895648972,4.096708430007734,20.31512057978374,-16.218412149776007,-0.0023246962121501683,746,3.001703690582259,3.930579929575587,-0.928876238993328,-0.03798044409812374
project-plus-gift-size,CATEGORY x gift_decile=Other | 0,38334,0.10369384880262952,0.14034081521867403,4.4488161945009645,20.552731511246428,-16.103915316745464,-0.005578980211274379,3975,2.9241771927856526,3.9417048995708814,-1.0175277067852289,-0.09552166461291633
project-plus-gift-size,SCHOOL_STATE x gift_decile=IL | 0,15801,0.11727105879374723,0.13985491711050485,4.310697424213657,20.384263518206353,-16.073566093992696,-0.003594043265129554,1853,2.923739892241864,3.93449651997956,-1.0107566277376963,-0.0650153271679417
project-plus-gift-size,SCHOOL_STATE x gift_decile=SC | 1,1608,0.11940298507462686,0.13970459953154638,4.222276119402985,20.278476361095333,-16.05620024169235,-0.001149077533448101,192,3.1823978035961673,3.9287555768743805,-0.7463577732782132,-0.015496383779568109
project-only,SUBJECT_CATEGORY x CATEGORY=Performing Arts | Technology,10800,0.145,0.13966273746682176,36.216873148148146,20.186232870328947,16.0306402778192,0.002966867497646205,1566,3.944245553137133,3.9281965172532187,0.016049035883914264,0.0009494766902486853
project-plus-gift-size,SCHOOL_STATE x gift_decile=AL | 0,2572,0.13258164852255055,0.1396979498767995,4.323973561430793,20.285540016488625,-15.961566455057831,-0.0014443664015246602,341,2.8758892507655776,3.92947242223086,-1.0535831714652826,-0.029145480310266324
project-plus-gift-size,SCHOOL_STATE x gift_decile=MS | 0,2900,0.13482758620689655,0.1396960096272594,4.33181724137931,20.287960131557686,-15.956142890178375,-0.001533063823025375,391,2.973191269572872,3.929521058336599,-0.956329788763727,-0.028325995601801886
project-plus-gift-size,SCHOOL_STATE x gift_decile=KY | 2,1290,0.12170542635658915,0.13970022649100391,4.332232558139535,20.2760417843891,-15.943809226249567,-0.0010220744174400222,157,3.3394826258804735,3.92858692539587,-0.5891042995153963,-0.011061141503523553
project-plus-gift-size,SCHOOL_STATE x gift_decile=IA | 3,3129,0.10258868648130393,0.139743366509492,4.430226909555769,20.289513784705534,-15.859286875149765,-0.0015826929504536283,321,3.503789120963986,3.928732695152544,-0.4249435741885579,-0.011405738639086645
project-plus-gift-size,SCHOOL_STATE x gift_decile=MN | 2,2278,0.1106233538191396,0.13972019572003977,4.432633889376646,20.283247041317125,-15.850613151940479,-0.0013499539223179057,252,3.3645884553113454,3.928751821151207,-0.5641633658398617,-0.013418209368153316
project-plus-gift-size,SUBJECT_CATEGORY x gift_decile=Extracurricular | 0,1707,0.09548916227299356,0.1397244738819077,4.433971880492091,20.279046270736497,-15.845074390244406,-0.0011683275115532028,163,2.832385750225687,3.928873164354577,-1.09648741412889,-0.020977370855240016
project-plus-gift-size,SCHOOL_STATE x gift_decile=TX | 1,4557,0.07943822690366469,0.13981703602826281,4.5030985297344746,20.299882108160524,-15.79678357842605,-0.0019018417837181945,362,3.313623523345947,3.9290193600675023,-0.6153958367215555,-0.017539567811322862
project-plus-gift-size,SCHOOL_STATE x gift_decile=IN | 0,6447,0.1199007290212502,0.1397487928636302,4.5326570497906005,20.313677786319072,-15.781020736528472,-0.002258860202751608,773,2.9545921321139312,3.9307845733714024,-0.9761924412574712,-0.04062921667943288
project-plus-gift-size,SCHOOL_STATE x gift_decile=VT | 3,827,0.12696493349455865,0.13969434455325408,4.561100362756952,20.27252999943876,-15.711429636681807,-0.0008065116988076544,105,3.3324072265591673,3.9284876790884207,-0.5960804525292533,-0.009153663738537106
project-plus-gift-size,SCHOOL_STATE x gift_decile=NY | 1,6130,0.08907014681892333,0.139833743596134,4.6132659053833605,20.31112195174119,-15.697856046357828,-0.0021911798070344585,546,3.3579160226271227,3.9293154660260883,-0.5713994433989655,-0.01999462968554638
project-plus-gift-size,SCHOOL_STATE x gift_decile=DC | 0,2835,0.11075837742504409,0.13972754229556966,4.598564373897707,20.28712753180321,-15.688563157905504,-0.0014903887873434262,314,2.9723698841884767,3.929277245152638,-0.9569073609641614,-0.025402672134912863
project-plus-gift-size,SCHOOL_STATE x gift_decile=IA | 2,1005,0.11940298507462686,0.13969892090051902,4.606865671641791,20.27380593743607,-15.666940265794278,-0.0008865260497364557,120,3.3171434101807233,3.928523450322162,-0.6113800401414387,-0.010036597057396646
project-plus-gift-size,SCHOOL_STATE x gift_decile=OR | 1,1550,0.07354838709677419,0.13973703087460573,4.653077419354839,20.27773444554048,-15.624657026185641,-0.0010978568637721147,114,3.4093622006670943,3.9284763625952723,-0.519114161928178,-0.008306235467408364
project-plus-gift-size,SCHOOL_STATE x gift_decile=NC | 1,3684,0.10613463626492943,0.13974687659653523,4.671446796959827,20.293189066926754,-15.621742269966926,-0.0016913891650673276,391,3.2152928617531673,3.9292064515462464,-0.7139135897930791,-0.02114575269132553
project-plus-gift-size,SUBJECT_CATEGORY x gift_decile=Foreign Languages | 4,1019,0.11383709519136408,0.13970168362507046,4.661010794896957,20.273882088261008,-15.612871293364051,-0.0008895958420957783,116,3.4001717381969185,3.928483349891133,-0.5283116116942144,-0.008527203833265596
project-plus-gift-size,SCHOOL_STATE x gift_decile=OK | 0,5209,0.12631983106162412,0.13972183168144267,4.702896909195623,20.30418535259054,-15.601288443394917,-0.0020078813889282164,658,2.882775914977726,3.930568331513291,-1.047792416535565,-0.040242462029363976
project-plus-gift-size,SUBJECT_CATEGORY x gift_decile=College & Career Prep | 2,1227,0.10513447432762836,0.13970913318460149,4.691320293398533,20.275371395885145,-15.584051102486612,-0.0009743266132911892,129,3.434996291234177,3.928491238570268,-0.493494947336091,-0.008399543543150775
project-plus-gift-size,SCHOOL_STATE x gift_decile=KS | 0,1643,0.11442483262325015,0.13970872439436677,4.7261777236762015,20.278352961592766,-15.552175237916565,-0.0011250450984979937,188,2.8367039200220807,3.928961510672086,-1.0922575906500054,-0.022440863793232162
project-plus-gift-size,SCHOOL_STATE x gift_decile=ME | 2,895,0.12849162011173185,0.13969411226644785,4.734938547486034,20.272953394168248,-15.538014846682213,-0.0008297407365893786,115,3.363487519533123,3.9284956035512018,-0.5650080840180789,-0.009080124359797983
project-plus-gift-size,SCHOOL_STATE x gift_decile=TN | 2,2957,0.12073047007101792,0.1397154924699152,4.75203246533649,20.28780548762737,-15.53577302229088,-0.0015072528119844531,357,3.3862591040343157,3.9289229637086684,-0.5426638596743527,-0.015359556089336684
project-plus-gift-size,SUBJECT_CATEGORY x gift_decile=Health & Wellness | 0,5098,0.10612004707728522,0.13976899975182253,4.771176932130247,20.303218745671995,-15.532041813541747,-0.001977607398447754,541,2.9622660881744953,3.9300177015769204,-0.9677516134024251,-0.03370880661747019
project-plus-gift-size,SCHOOL_STATE x gift_decile=WI | 0,4029,0.13998510796723754,0.13968891025685692,4.771404815090594,20.29550552663912,-15.524100711548524,-0.0017576182485641873,564,2.978435488505276,3.930061393117516,-0.9516259046122402,-0.03384309250025493
project-plus-gift-size,SCHOOL_STATE x gift_decile=TX | 2,8367,0.11569260188837098,0.13978291923774575,4.82841520258157,20.326629159981508,-15.498213957399937,-0.0025260851817699727,968,3.32430290866803,3.9302267451605437,-0.6059238364925137,-0.028211619955199625
project-plus-gift-size,SCHOOL_STATE x gift_decile=NV | 0,3110,0.11704180064308682,0.13972216779326863,4.842752411575563,20.288778166983487,-15.446025755407923,-0.001536770786817478,364,2.8708332860463397,3.9295590669559712,-1.0587257809096315,-0.03025817887663788
project-plus-gift-size,SCHOOL_STATE x gift_decile=GA | 0,8860,0.11433408577878104,0.13979405230352657,4.886523702031602,20.329946678746545,-15.443422976714942,-0.0025899539791407553,1013,2.899337889671419,3.931751242147844,-1.0324133524764254,-0.04916976167200665
project-plus-gift-size,SCHOOL_STATE x gift_decile=VA | 2,2959,0.12369043595809395,0.1397114435945353,4.851145657316661,20.287683748679672,-15.436538091363012,-0.001498130903711951,366,3.3231694964267846,3.9290159297093243,-0.6058464332825397,-0.017362420108778934
project-plus-gift-size,SCHOOL_STATE x gift_decile=NY | 0,22197,0.11569130963643735,0.13993901396382533,4.990604135694013,20.425355607431317,-15.434751471737304,-0.00408437751351539,2568,2.9422594188922884,3.9367566663559836,-0.9944972474636953,-0.0752165475412728
project-plus-gift-size,SUBJECT_CATEGORY x gift_decile=Health & Wellness | 2,2394,0.11988304093567251,0.1397114728531046,4.90359649122807,20.283577151769176,-15.379980660541106,-0.0013427717296964378,287,3.351019489689739,3.928830361220038,-0.577810871530299,-0.014665295571317688
project-plus-gift-size,SCHOOL_STATE x gift_decile=PA | 0,9639,0.12138188608776844,0.13977165026116076,4.956004772279282,20.33523775059439,-15.379232978315109,-0.0026896979854666415,1170,2.7936986875260392,3.9327031823126135,-1.1390044947865743,-0.05828335824726355
project-plus-gift-size,SCHOOL_STATE x gift_decile=MD | 2,3103,0.12697389622945537,0.13970778402186768,4.925436674186271,20.28860883297015,-15.36317215878388,-0.001526808741910905,394,3.3369604876362042,3.92905425003528,-0.5920937623990756,-0.01760457530566878
project-plus-gift-size,SCHOOL_STATE x gift_decile=OK | 1,1237,0.09781729991915926,0.13971349267726474,4.920970088924818,20.275311904588484,-15.354341815663666,-0.0009638666797399573,121,3.2945628199173,3.9285345528675344,-0.6339717329502346,-0.010450726158869704
project-plus-gift-size,CATEGORY x gift_decile=Technology | 3,178846,0.12410677342518144,0.14109845708005003,6.2102297507352695,21.53748006257021,-15.327250311834941,-0.011082362897432672,22196,3.513782096741143,3.961245618125645,-0.44746352138450174,-0.09617195154687513
project-only,SUBJECT_CATEGORY x GRADE_LEVEL=Performing Arts | Grades 6-8,10175,0.148992628992629,0.13964536624974552,35.507500737100735,20.194262751157755,15.31323798594298,0.0027512678827592355,1516,3.948886735184422,3.928175722293885,0.020711012890537006,0.0012056649692687598
project-plus-gift-size,SCHOOL_STATE x gift_decile=OR | 0,3715,0.11951547779273217,0.13972427265452245,5.010061911170929,20.292829728169416,-15.282767816998486,-0.0016616232589268226,444,2.9784479005093294,3.929681782234898,-0.9512338817255688,-0.03002131173061941
project-plus-gift-size,SCHOOL_STATE x gift_decile=FL | 3,32328,0.1094097995545657,0.14015023140041497,5.246896807720861,20.495060057727716,-15.248163250006854,-0.004857949396013433,3537,3.5142913252604164,3.9331978622194232,-0.4189065369590068,-0.037122858735341345
project-plus-gift-size,SCHOOL_STATE x gift_decile=KY | 0,2743,0.11192125410134889,0.13972482417929835,5.081082756106452,20.285843017844137,-15.204760261737684,-0.0014208283951746635,307,2.8706473803995016,3.9293587489989514,-1.0587113685994498,-0.027790508814866263
project-plus-gift-size,SUBJECT_CATEGORY x gift_decile=Team Sports | 2,1181,0.10245554614733277,0.13970986308703412,5.107925486875529,20.274810588962808,-15.166885102087278,-0.0009303104508305899,121,3.440229704895842,3.928476026663495,-0.4882463217676527,-0.008048511221666188
project-plus-gift-size,SUBJECT_CATEGORY x gift_decile=Applied Sciences | 0,18378,0.1025682881706388,0.14000849230688653,5.237171074110349,20.39567147679159,-15.158500402681241,-0.0036531929415255736,1885,3.0130110516535056,3.934042497957137,-0.9210314463036315,-0.059750063693323426
gift-size decile,first_gift_decile!=2,2012941,0.1401357516191483,0.1334441022503702,21.277384940740934,6.120245475970321,15.157139464770612,0.009915150259843845,282085,3.9664731360120196,3.3670020805570893,0.5994710554549303,0.12045871854058773
gift-size decile,first_gift_decile=2,143843,0.1334441022503702,0.1401357516191483,6.120245475970329,21.277384940740934,-15.157139464770605,-0.009915150259843845,19195,3.3670020805570933,3.9664731360120196,-0.5994710554549263,-0.12045871854058696
project-plus-gift-size,SCHOOL_STATE x gift_decile=AL | 2,1219,0.1287940935192781,0.13969562504494182,5.196111566858081,20.275028092402685,-15.078916525544605,-0.0009396686028128444,157,3.3617981602277958,3.9285752904862403,-0.5667771302584446,-0.010641922056767826
project-plus-gift-size,CATEGORY x gift_decile=Trips | 2,3280,0.1100609756097561,0.13973459069497898,5.222292682926829,20.289419415984366,-15.067126733057536,-0.001539438589653518,361,3.3725210682610984,3.9289466580794223,-0.5564255898183239,-0.01583694710195767
project-plus-gift-size,SCHOOL_STATE x gift_decile=MN | 3,5929,0.11165457918704672,0.13976674392276559,5.2523832012143705,20.30789319131229,-15.055509990097917,-0.0020668736459545653,662,3.5127320906768955,3.9291950277901386,-0.4164629371132431,-0.016043488536998385
project-only,SUBJECT_CATEGORY x CATEGORY=Social Sciences | Trips,1646,0.1421628189550425,0.1396875745311901,35.306804374240585,20.255018467494885,15.0517859067457,0.0010898397766376476,234,4.287746002318503,3.9280005279714776,0.3597454743470254,0.008245284849144201
project-plus-gift-size,SCHOOL_STATE x gift_decile=RI | 0,1032,0.12693798449612403,0.13969556795030227,5.226414728682171,20.27370557002846,-15.04729084134629,-0.0008628190540925264,131,3.065441324274255,3.9286552726217385,-0.8632139483474837,-0.014805762385867598
project-plus-gift-size,SUBJECT_CATEGORY x gift_decile=Gym & Fitness | 2,1419,0.14023960535588442,0.13968910138190052,5.259274136715997,20.276385707293194,-15.017111570577196,-0.0010096252019338105,199,3.2653817992393654,3.928718080948965,-0.6633362817095994,-0.01402128866554673
project-plus-gift-size,SCHOOL_STATE x gift_decile=IL | 2,7930,0.12988650693568726,0.13972563980614783,5.306606557377049,20.321712689647594,-15.015106132270546,-0.0023828166112603243,1030,3.363748039072597,3.930216549635301,-0.5664685105627041,-0.027203316764080193
project-plus-gift-size,SUBJECT_CATEGORY x gift_decile=History & Geography | 2,3131,0.13957202171830085,0.1396896343097054,5.2966081124241455,20.28826895976278,-14.991660847338636,-0.0014965847386422977,437,3.3317893930773628,3.9291463904543864,-0.5973569973770236,-0.018703832070460006
project-plus-gift-size,SCHOOL_STATE x gift_decile=AR | 2,897,0.12374581939799331,0.13969609724442886,5.282865105908583,20.272739832839104,-14.98987472693052,-0.0008013631839028683,111,3.3363655425222243,3.9284980955311606,-0.5921325530089363,-0.00934913703884409
project-plus-gift-size,CATEGORY x gift_decile=Technology | 2,46587,0.1299718805675403,0.13990399948440832,5.601072616824436,20.59027560933884,-14.989202992514404,-0.005713399317614204,6055,3.331569153738479,3.9405183445926237,-0.6089491908541449,-0.07030733923557449
project-plus-gift-size,SUBJECT_CATEGORY x gift_decile=Literature & Writing | 2,17770,0.12802476083286438,0.13978636885967086,5.402467642093416,20.389989565285685,-14.987521923192269,-0.003552241823764117,2275,3.3637603698272502,3.932575123047731,-0.5688147532204808,-0.040512285377817106
project-plus-gift-size,GRADE_LEVEL x gift_decile=Grades PreK-2 | 3,198133,0.1307303679851413,0.1405957467665245,6.673190180333412,21.641576677008818,-14.968386496675405,-0.011335849985805972,25902,3.5378506455876573,3.9650036389480365,-0.42715299336037926,-0.09851462073460984
project-plus-gift-size,GRADE_LEVEL x gift_decile=Grades 9-12 | 2,20761,0.12244111555320071,0.1398571082802011,5.442776359520254,20.410584300824475,-14.96780794130422,-0.0038318408499458784,2542,3.367696193026851,3.9330500163540285,-0.5653538233271775,-0.04254409664664105
project-plus-gift-size,SCHOOL_STATE x gift_decile=FL | 2,8387,0.11982830571121975,0.13976699837134385,5.3729736496959575,20.324647567465412,-14.951673917769455,-0.002439903059184179,1005,3.3867873590256456,3.9300922761216324,-0.5433049170959867,-0.025773430006436046
project-plus-gift-size,SCHOOL_STATE x gift_decile=TX | 0,19401,0.12370496366166693,0.13983455468673606,5.464441523632803,20.40086374786362,-14.936422224230817,-0.0036976174657953084,2400,2.71556505472383,3.938018011833869,-1.2224529571100389,-0.0894071330527022
project-plus-gift-size,SCHOOL_STATE x gift_decile=UT | 2,1833,0.132569558101473,0.13969551975891795,5.348941625750137,20.279194459642003,-14.930252833891867,-0.0011407467995171567,243,3.313939813584584,3.9287758386296128,-0.6148360250450287,-0.014360129188981245
project-plus-gift-size,SCHOOL_STATE x gift_decile=NJ | 3,9088,0.11729753521126761,0.13978421527069007,5.410096830985915,20.329370651153607,-14.919273820167692,-0.0025339054910504277,1066,3.522500350525983,3.929720779625811,-0.40722042909982825,-0.019893426579679796
individual,SUBJECT_CATEGORY=Financial Literacy,1755,0.15156695156695157,0.13967979085200247,35.14838176638177,20.254386172993495,14.893995593388272,0.0011135212396221734,266,4.105633829067155,3.9281232132382944,0.17751061582886019,0.004337549677810267
project-plus-gift-size,SCHOOL_STATE x gift_decile=IN | 1,1880,0.11914893617021277,0.13970738371639757,5.419191489361702,20.279458811158175,-14.860267321796474,-0.0011498512847817302,224,3.145585814341744,3.9288622989936473,-0.7832764846519034,-0.017565022340802653
project-plus-gift-size,SUBJECT_CATEGORY x gift_decile=Literacy | 3,151712,0.12957445686564015,0.14045480661043594,6.460201170639106,21.31114740518046,-14.850946234541354,-0.00995752128120439,19658,3.52471467795082,3.9564499164450457,-0.4317352384942259,-0.08772157435012291
project-plus-gift-size,SCHOOL_STATE x gift_decile=MI | 2,3973,0.12534608608104708,0.13971593419022849,5.460226529071231,20.293830489532056,-14.833603960460824,-0.0016677504965267184,498,3.388484752554043,3.9291736676445796,-0.5406889150905365,-0.018070660391672485
project-plus-gift-size,SCHOOL_STATE x gift_decile=HI | 3,1967,0.1337061514997458,0.13969492536953254,5.461474326385358,20.280020191969896,-14.81854586558454,-0.0011728301712353542,263,3.4057435286870645,3.9287364798672475,-0.522992951180183,-0.01270735570067093
project-plus-gift-size,SCHOOL_STATE x gift_decile=PA | 2,4826,0.1311645254869457,0.13970858167306238,5.534805221715707,20.299543030114897,-14.76473780839919,-0.001829188481407477,633,3.357763517628516,3.929481136354546,-0.57171761872603,-0.02153762613098343
project-plus-gift-size,SCHOOL_STATE x gift_decile=MA | 3,14467,0.11654109352319071,0.13984578379390164,5.62938826294325,20.365349586452425,-14.735961323509175,-0.0031537825455008866,1686,3.530733450572383,3.930517176280496,-0.39978372570811294,-0.02453614995582727
project-plus-gift-size,SCHOOL_STATE x gift_decile=LA | 2,2218,0.13525698827772767,0.13969402654641352,5.551798917944094,20.281653520941106,-14.729854602997012,-0.0012378878390995377,300,3.3626948639995975,3.9288436808061795,-0.566148816806582,-0.014690819259735458
project-plus-gift-size,GRADE_LEVEL x gift_decile=Grades 3-5 | 3,165761,0.12748475214314586,0.14070555689211023,6.673503538226725,21.398179915550948,-14.724676377324222,-0.010283648895697507,21132,3.535520305271862,3.9579064081029984,-0.4223861028311364,-0.08874821980577324
project-plus-gift-size,SUBJECT_CATEGORY x gift_decile=Special Needs | 3,38638,0.11706092447849267,0.1401022403554807,5.806874838242145,20.530269849198305,-14.72339501095616,-0.005120535641362847,4523,3.5190301055212676,3.9345174885208145,-0.4154873829995469,-0.0415678522242833
project-plus-gift-size,SUBJECT_CATEGORY x gift_decile=Mathematics | 3,74406,0.1196946482810526,0.14040390361404126,6.067784318468941,20.773843860240547,-14.706059541771605,-0.007037238125188018,8906,3.533668504438743,3.9403001901937666,-0.40663168575502384,-0.05666278316404816
project-plus-gift-size,SCHOOL_STATE x gift_decile=CO | 3,7855,0.11088478676002546,0.1397947535725936,5.6381298535964355,20.319976825665247,-14.681846972068811,-0.0023189265112757134,871,3.5432192005811345,3.9293963748906915,-0.386177174309557,-0.01705839289952026
project-plus-gift-size,SCHOOL_STATE x gift_decile=AK | 3,1027,0.124634858812074,0.1396966355669957,5.5963680623174294,20.27349442446435,-14.67712636214692,-0.0008395533948061336,128,3.547043682935704,3.9284419758687577,-0.3813982929330537,-0.0064664000768075575
project-plus-gift-size,SCHOOL_STATE x gift_decile=CT | 2,2088,0.14798850574712644,0.1396814214162926,5.603850574712644,20.280714379197804,-14.676863804485158,-0.0011967782244548617,309,3.2975390929808306,3.9289275044057828,-0.6313884114249522,-0.016627392061263357
project-plus-gift-size,SCHOOL_STATE x gift_decile=AZ | 3,15631,0.14221738852280724,0.13967100903111548,5.698382701042799,20.372856853293527,-14.674474152250728,-0.0032636377244438302,2223,3.401673264237438,3.9321943971946625,-0.5305211329572246,-0.03735385007120763
project-plus-gift-size,SCHOOL_STATE x gift_decile=DE | 3,1250,0.1184,0.1397018093892279,5.609792,20.275005056751596,-14.665213056751597,-0.0009254287480983247,148,3.520268497847583,3.9284804662757944,-0.4082119684282115,-0.007441851697147121
project-plus-gift-size,SCHOOL_STATE x gift_decile=CO | 2,2274,0.12445030782761654,0.1397055478972017,5.659054529463501,20.2819231751071,-14.6228686456436,-0.0012442975058234906,283,3.401014080487797,3.9287756772441784,-0.5277615967563816,-0.013301421375827361
project-only,SCHOOL_STATE x CATEGORY=SD | Books,790,0.17721518987341772,0.13967571338324689,34.88294936708861,20.261149826947566,14.62179954014104,0.0007336016672344885,140,4.108888897124961,3.9281959721811996,0.18069292494376166,0.0032038734554775505
project-plus-gift-size,SCHOOL_STATE x gift_decile=DC | 2,1333,0.13353338334583645,0.13969327068905765,5.6740585146286575,20.27553002596672,-14.601471511338062,-0.0009514871816287212,178,3.467671552369357,3.928552231376484,-0.4608806790071269,-0.009213853202622663
project-plus-gift-size,SCHOOL_STATE x gift_decile=GA | 1,2275,0.09802197802197803,0.13973346131299522,5.6846505494505495,20.28190293472898,-14.59725238527843,-0.0012423905469591016,223,3.391668965592906,3.9286774176614947,-0.5370084520685885,-0.01201555630491957
project-plus-gift-size,SCHOOL_STATE x gift_decile=NV | 2,1242,0.15056360708534622,0.13968319800774004,5.677745571658615,20.274911474701025,-14.59716590304241,-0.000918184064428608,187,3.274672659481035,3.9286858735371495,-0.6540132140561146,-0.013401197918651924
project-plus-gift-size,SCHOOL_STATE x gift_decile=UT | 3,4657,0.12282585355379,0.13972595483444983,5.728602104359029,20.297964241887207,-14.569362137528177,-0.001773167529345653,572,3.4569415831307655,3.929176506520256,-0.47223492338949047,-0.016912763359624165
project-plus-gift-size,SCHOOL_STATE x gift_decile=DC | 3,6155,0.12932575142160846,0.13971912403301545,5.759821283509342,20.308023043490994,-14.548201759981652,-0.002034830587806902,796,3.5164503391141535,3.9293708984115927,-0.4129205592974392,-0.017438923883470656
project-plus-gift-size,SCHOOL_STATE x gift_decile=KY | 3,3722,0.11606663084363246,0.1397303003815032,5.743903815153144,20.29161082216861,-14.547707007015468,-0.0015831904541394907,432,3.574989427958595,3.928787241648161,-0.35379781368956564,-0.011014291038203198
project-plus-gift-size,SUBJECT_CATEGORY x gift_decile=Mathematics | 2,19938,0.13010332029290803,0.1397789077921385,5.8542371351188685,20.400980328016146,-14.546743192897278,-0.0036501889354893804,2594,3.3025709384847226,3.933714035789473,-0.6311430973047503,-0.04797403210542283
project-plus-gift-size,SUBJECT_CATEGORY x gift_decile=Team Sports | 3,4753,0.109194193141174,0.13975681577077653,5.752865558594571,20.29856057835598,-14.545695019761407,-0.0017884006153443559,519,3.5800937423538275,3.928880775286564,-0.3487870329327367,-0.01189982939026099
project-plus-gift-size,SCHOOL_STATE x gift_decile=MA | 2,3565,0.13660589060308556,0.13969456892215795,5.7555904628331,20.29053074025447,-14.534940277421372,-0.0015481366244402238,487,3.32896047310551,3.929250267651978,-0.6002897945464682,-0.019840164496619926
project-plus-gift-size,SCHOOL_STATE x gift_decile=NE | 3,1407,0.11300639658848614,0.13970688190511452,5.745259417199716,20.27598485554963,-14.530725438349915,-0.000972787837411485,159,3.503240368049797,3.9285043696378668,-0.42526400158806954,-0.00803551416417519
project-plus-gift-size,SCHOOL_STATE x gift_decile=CT | 0,3647,0.1310666301069372,0.13970406899328747,5.773054565396216,20.291054707619626,-14.51800014222341,-0.0015639853277596859,478,2.9428073332849634,3.9298459372043197,-0.9870386039193564,-0.03232022772071711
project-plus-gift-size,SCHOOL_STATE x gift_decile=CO | 1,1662,0.07220216606498195,0.13974150883337463,5.767280385078219,20.27768718893872,-14.510406803860501,-0.0010557308016372975,120,3.5687748890804625,3.928423185421551,-0.3596482963410885,-0.005904093682743746
project-plus-gift-size,SUBJECT_CATEGORY x gift_decile=Literature & Writing | 3,66788,0.12641492483679703,0.14011366528931155,6.24755255435108,20.714495841140362,-14.46694328678928,-0.00657083996832472,8443,3.531608632000752,3.9397166609009844,-0.40810802890023234,-0.0554143793524351
project-plus-gift-size,CATEGORY x gift_decile=Supplies | 3,181450,0.13026729126481124,0.14055496437564483,7.031774262882337,21.482219994188323,-14.450445731305987,-0.01051724918066094,23637,3.548961144785573,3.96057305579088,-0.4116119110053069,-0.09105702160659906
project-plus-gift-size,SUBJECT_CATEGORY x gift_decile=Visual Arts | 2,6548,0.128588882101405,0.13972326758551154,5.896768478924863,20.310264989517428,-14.413496510592566,-0.002079164788064391,842,3.364488757405067,3.9298600043087384,-0.5653712469036716,-0.024555747557967866
project-only,SCHOOL_STATE x CATEGORY=NY | Supplies,56913,0.16179080350710734,0.1390904488894794,34.2741059160473,19.886856287838633,14.387249628208664,0.0060464712296233935,9208,4.117726615882567,3.9223073517118974,0.19541926417067002,0.02767457477695834
project-plus-gift-size,SUBJECT_CATEGORY x gift_decile=Health & Wellness | 3,9035,0.12506917542888765,0.13975096717540084,5.966347537354731,20.32666249175299,-14.360314954398259,-0.002431879046395882,1130,3.549108444640072,3.929707436167918,-0.38059899152784604,-0.01914088412569696
project-plus-gift-size,GRADE_LEVEL x gift_decile=Grades 6-8 | 3,91028,0.1281693544843345,0.14019709975427883,6.5186896339587825,20.87230617265543,-14.353616538696649,-0.007566769699405834,11667,3.52473553605663,3.9445366403064472,-0.4198011042498173,-0.06663741891694992
project-plus-gift-size,CATEGORY x gift_decile=Books | 3,99205,0.13089058011188953,0.14011369672804785,6.578466004737664,20.926466624124757,-14.348000619387093,-0.00788058742541292,12985,3.541697234100877,3.945691881314085,-0.4039946472132079,-0.06749958588527004
project-plus-gift-size,GRADE_LEVEL x gift_decile=Grades PreK-2 | 2,52959,0.1366906474820144,0.1397649519327891,6.27429520950169,20.61872759854075,-14.34443238903906,-0.0058207671455991275,7239,3.388572932488225,3.9415669925281223,-0.552994060039897,-0.06967061843425747
project-plus-gift-size,SUBJECT_CATEGORY x gift_decile=Literacy | 2,40773,0.1386211463468472,0.13971004876628712,6.200957986903098,20.537531860656678,-14.33657387375358,-0.005119326578544901,5652,3.3793426321861078,3.9387748621616625,-0.5594322299755548,-0.06244638580728628
project-plus-gift-size,GRADE_LEVEL x gift_decile=Grades 6-8 | 2,25532,0.13438038539871533,0.13975306533436685,6.10305107316309,20.436181122645277,-14.333130049482186,-0.004064648788157342,3431,3.3584288442768027,3.9348442000595276,-0.576415355782725,-0.050318761068517154
project-plus-gift-size,SCHOOL_STATE x gift_decile=MO | 3,9675,0.12093023255813953,0.1397739937748852,6.012939534883722,20.330732999582228,-14.317793464698507,-0.0025087119059721027,1170,3.5082215987932064,3.929917564351924,-0.4216959655587176,-0.02157836702539951
project-plus-gift-size,GRADE_LEVEL x gift_decile=Grades 3-5 | 2,44585,0.13419311427610184,0.139805482343283,6.2633955366154535,20.562087899861705,-14.298692363246252,-0.005334335030864168,5983,3.345524384192408,3.940087122854688,-0.59456273866228,-0.06824528828001546
project-plus-gift-size,SCHOOL_STATE x gift_decile=MD | 3,10923,0.11397967591321066,0.1398203331902672,6.042312551496841,20.338910493270532,-14.29659794177369,-0.002660888205696787,1245,3.565474498580454,3.9297854042278773,-0.3643109056474234,-0.019227763550763104
project-plus-gift-size,SCHOOL_STATE x gift_decile=WA | 2,3230,0.12198142414860681,0.13971602290910745,5.992176470588235,20.287914888598102,-14.295738418009869,-0.0014494655627822278,394,3.425249797231451,3.928938638182351,-0.5036888409508999,-0.014976053953374644
project-plus-gift-size,SUBJECT_CATEGORY x gift_decile=Applied Sciences | 2,7280,0.12843406593406592,0.13972758366581314,6.02240521978022,20.31474790463288,-14.292342684852661,-0.002173503799011019,935,3.3788723511060472,3.9299902906988953,-0.551117939592848,-0.025220083614854397
project-plus-gift-size,GRADE_LEVEL x gift_decile=Grades 9-12 | 3,72890,0.12099053368088901,0.14034351075438578,6.459031417204006,20.749460476396592,-14.290429059192586,-0.006770788066189185,8819,3.5421927975026217,3.9399221818535404,-0.39772938435091865,-0.055159115687522124
project-plus-gift-size,SUBJECT_CATEGORY x gift_decile=Civics & Government | 3,1974,0.12917933130699089,0.13969909179927698,5.990628166160081,20.279583578134496,-14.288955411974413,-0.0011329238273846138,255,3.5405202018485347,3.9286084107857238,-0.3880882089371891,-0.009285125670753385
project-plus-gift-size,SCHOOL_STATE x gift_decile=CA | 4,22651,0.11213632952187541,0.13998190365830057,6.141120921813607,20.41642787024051,-14.275306948426906,-0.003815593062124762,2540,3.500477837146543,3.931917271881541,-0.43143943473499835,-0.0324540835798276
project-only,SUBJECT_CATEGORY x GRADE_LEVEL=Team Sports | Grades PreK-2,1318,0.1631259484066768,0.13967513289469655,34.53308042488619,20.25778202486144,14.275298400024745,0.0009249870512761163,215,3.9483209799385888,3.9282656253551793,0.020055354583409457,0.0004406214903859394
project-plus-gift-size,SCHOOL_STATE x gift_decile=VA | 1,1975,0.08253164556962025,0.139741851830023,6.040749367088608,20.27954427051307,-14.238794903424463,-0.001129232423085383,163,3.1444670375007426,3.9287042291904184,-0.7842371916896758,-0.015003577967756289
project-plus-gift-size,SCHOOL_STATE x gift_decile=RI | 3,2003,0.14028956565152273,0.13968890574030493,6.048811782326511,20.27972180003443,-14.23091001770792,-0.0011365718107662428,281,3.4843620157118473,3.928694360386011,-0.4443323446741636,-0.011159110550829816
project-plus-gift-size,CATEGORY x gift_decile=Other | 2,15636,0.13513686364799182,0.13972270949976368,6.169057303658225,20.369453961146075,-14.20039665748785,-0.0031587031592909026,2113,3.3924664186270443,3.9320643585879624,-0.5395979399609181,-0.037047835538495194
project-plus-gift-size,SUBJECT_CATEGORY x gift_decile=Social Sciences | 2,1540,0.1344155844155844,0.13969323194960756,6.078012987012986,20.276643781400153,-14.198630794387167,-0.0009944368602648646,207,3.3727191104289918,3.928661908083372,-0.5559427976543803,-0.011984975521515307
project-plus-gift-size,SUBJECT_CATEGORY x gift_decile=ESL | 2,1731,0.14211438474870017,0.13968751580587577,6.083287117273253,20.277897954249845,-14.194610836976592,-0.001053957664481123,246,3.320751362904912,3.928776399585991,-0.6080250366810791,-0.014288372249329604
project-plus-gift-size,SCHOOL_STATE x gift_decile=PA | 3,16362,0.12394572790612395,0.13980981320505956,6.194232367681212,20.37407808366761,-14.179845715986396,-0.003225979232525968,2028,3.5515557840918643,3.9308329581025543,-0.37927717401068994,-0.02551497680744782
project-plus-gift-size,CATEGORY x gift_decile=Books | 2,27554,0.13787471873412208,0.13971294787317481,6.289027364447993,20.447385735688485,-14.158358371240492,-0.004169065138050561,3799,3.3894457824386834,3.9351611530845982,-0.5457153706459148,-0.050097541627953886
project-plus-gift-size,SCHOOL_STATE x gift_decile=NC | 2,6946,0.1423841059602649,0.13968075734078567,6.168384681831269,20.312055787459332,-14.143671105628062,-0.0021011379664966513,989,3.3795377693942004,3.9300872042595785,-0.5505494348653781,-0.025909056043693052
project-plus-gift-size,SCHOOL_STATE x gift_decile=NJ | 2,3203,0.1620355916328442,0.13965622839354544,6.158975960037465,20.287487579988863,-14.128511619951396,-0.0014265193021934062,519,3.2678013462774755,3.9294196741250556,-0.66161832784758,-0.022572929838175188
project-plus-gift-size,SUBJECT_CATEGORY x gift_decile=College & Career Prep | 3,4833,0.12104283054003724,0.13973134146641814,6.180302089799297,20.298141356378466,-14.117839266579168,-0.0017503100411800532,585,3.54792239547827,3.929019920207816,-0.38109752472954606,-0.013802670791497752
project-plus-gift-size,SCHOOL_STATE x gift_decile=OK | 2,2431,0.13039901275195392,0.13969994703746322,6.1745865898807075,20.282407093916362,-14.107820504035654,-0.0012411749511425608,317,3.448665205137189,3.9287851085954597,-0.4801199034582706,-0.012806246593124798
project-plus-gift-size,SCHOOL_STATE x gift_decile=ID | 3,1745,0.1340974212034384,0.13969399161685706,6.208876790830946,20.277888474408115,-14.06901168357717,-0.0010488443364948161,234,3.4058724361103225,3.9286859993429384,-0.5228135632326159,-0.011982768538432415
project-plus-gift-size,SUBJECT_CATEGORY x gift_decile=Character Education | 2,1605,0.12897196261682242,0.13969744508460782,6.220024922118379,20.27696625199113,-14.05694132987275,-0.0010050604614082778,207,3.427223829046588,3.9286244338603304,-0.5014006048137425,-0.010809158784896305
project-plus-gift-size,CATEGORY x gift_decile=Supplies | 2,50093,0.1355478809414489,0.1397879423228181,6.556192282354821,20.592510078601936,-14.036317796247115,-0.005543247857909057,6790,3.379291547257051,3.9409378583393955,-0.5616463110823444,-0.06858340441548201
project-plus-gift-size,SUBJECT_CATEGORY x gift_decile=History & Geography | 3,11805,0.1327403642524354,0.13972770828991798,6.313069885641677,20.34329902530514,-14.030229139663462,-0.0027141350059931447,1567,3.5222267738527093,3.930402919304857,-0.40817614545214775,-0.024155769352765182
project-plus-gift-size,SUBJECT_CATEGORY x gift_decile=Extracurricular | 3,2197,0.108329540282203,0.1397214408144113,6.2578880291306325,20.280789965779984,-14.022901936649351,-0.0011728895246395235,238,3.558565086012311,3.9285722291832137,-0.3700071431709029,-0.00855259875532476
project-plus-gift-size,SUBJECT_CATEGORY x gift_decile=Gym & Fitness | 0,3529,0.10257863417398697,0.1397502850335887,6.274293000850099,20.289437623504877,-14.015144622654779,-0.0014852286202729807,362,2.929577135457855,3.929481362315342,-0.9999042268574874,-0.028498548324971076
project-plus-gift-size,SCHOOL_STATE x gift_decile=GA | 3,14606,0.12214158564973299,0.1398091101673157,6.3658859372860475,20.361284104308787,-13.995398167022739,-0.0030095450498071213,1784,3.5727120613570182,3.930397939173755,-0.35768587781673666,-0.022577751943251626
project-plus-gift-size,SCHOOL_STATE x gift_decile=KS | 3,2846,0.13457484188334504,0.13969622152541067,6.308496134926212,20.284948317918158,-13.976452182991945,-0.001330310915215327,383,3.5347114616879214,3.9287808951847887,-0.3940694334968673,-0.011552262022687602
project-plus-gift-size,SUBJECT_CATEGORY x gift_decile=ESL | 3,6566,0.13402375875723424,0.13970676461642495,6.3328342978982635,20.309054058704742,-13.97621976080648,-0.0020188477636038952,880,3.538863660418589,3.929420704018227,-0.3905570435996384,-0.017340504964678025
project-plus-gift-size,SCHOOL_STATE x gift_decile=CO | 0,4739,0.11753534500949567,0.1397382489678422,6.327303228529225,20.297200987897554,-13.96989775936833,-0.0017150801506696383,557,2.919181170790403,3.930148992914122,-1.0109678221237188,-0.03573009889920884
project-plus-gift-size,SCHOOL_STATE x gift_decile=GA | 2,3996,0.13438438438438438,0.13969931084714332,6.323448448448448,20.2923866586027,-13.968938210154253,-0.0015750666375574202,537,3.3593863480393114,3.9292957410125813,-0.5699093929732699,-0.019777741073574225
project-plus-gift-size,SUBJECT_CATEGORY x gift_decile=Health & Life Science | 2,4503,0.14012880302020875,0.13968854438616518,6.334352653786365,20.295654424306115,-13.96130177051975,-0.0016708926101050602,631,3.4178572555299507,3.9293512088182716,-0.5114939532883209,-0.0192384921655713
project-plus-gift-size,SCHOOL_STATE x gift_decile=TX | 3,28007,0.1243260613418074,0.1398915903356716,6.487434212875353,20.44778829346615,-13.960354080590797,-0.004143973584969679,3482,3.5307382192201953,3.9329281896752804,-0.4021899704550851,-0.035366531825764456
project-plus-gift-size,CATEGORY x gift_decile=Other | 3,55269,0.12703323743870887,0.14002231723304379,6.677029437840381,20.62390335067796,-13.946873912837578,-0.0057783798802250215,7021,3.548221865460733,3.937348097393263,-0.3891262319325297,-0.04829930014379137
project-plus-gift-size,SCHOOL_STATE x gift_decile=OH | 3,10035,0.12207274539113104,0.13977181309971495,6.39054110612855,20.331368925757037,-13.940827819628486,-0.0024874825963307895,1225,3.530995270270727,3.929901885661503,-0.3989066153907759,-0.020884576950271513
project-plus-gift-size,SUBJECT_CATEGORY x gift_decile=Early Development | 3,10823,0.1264898826573039,0.13975603470892528,6.402516862237827,20.33642761914126,-13.933910756903433,-0.0025815463734091375,1369,3.562006053970083,3.9299518631205888,-0.3679458091505059,-0.020359529978224256
project-plus-gift-size,SCHOOL_STATE x gift_decile=IN | 2,3067,0.1532442125855885,0.13967016093572182,6.354307140528204,20.286317250595133,-13.93201011006693,-0.0013765346613752306,470,3.387714286500768,3.9291245430457384,-0.5414102565449705,-0.01757954004882211
project-plus-gift-size,SCHOOL_STATE x gift_decile=AR | 3,2994,0.12692050768203073,0.1397072137952168,6.3662625250501,20.28582842338389,-13.91956589833379,-0.0013588622441837977,380,3.555143567238223,3.928751163019918,-0.37360759578169533,-0.010909492669035941
project-plus-gift-size,SCHOOL_STATE x gift_decile=MO | 2,2698,0.125648628613788,0.13970704976495832,6.366126760563381,20.283915860369547,-13.917789099806166,-0.0012898669274091985,339,3.4128212479153515,3.9288605843178583,-0.5160393364025069,-0.014233421236025215
project-plus-gift-size,SCHOOL_STATE x gift_decile=CA | 3,80269,0.12814411541192738,0.14013575630322922,6.888463292180045,20.78364227082395,-13.895178978643905,-0.00689648462314145,10286,3.5577852669344314,3.9413761117155555,-0.38359084478112404,-0.057308557330911315
project-plus-gift-size,CATEGORY x gift_decile=Trips | 3,11132,0.12908731584620914,0.13974446928020015,6.444796981674451,20.338214915559465,-13.893417933885015,-0.0026103425719943567,1437,3.524192018103538,3.9302165319124645,-0.40602451380892646,-0.02301513685242882
project-plus-gift-size,SCHOOL_STATE x gift_decile=ME | 3,2948,0.13263229308005428,0.13969912286729352,6.414888059701493,20.285464585047325,-13.870576525345832,-0.0013436517826210168,391,3.520260792457119,3.928810151047041,-0.40854935858992203,-0.012101021499599294
project-plus-gift-size,SCHOOL_STATE x gift_decile=VA | 3,12216,0.11632285527177472,0.1398225656635742,6.487560576293385,20.34499393351015,-13.857433357216765,-0.0027267127311986147,1421,3.5572261353775496,3.9300383219108728,-0.37281218653332315,-0.021015109085072658
project-plus-gift-size,SUBJECT_CATEGORY x gift_decile=Environmental Science | 2,5646,0.13584838823946158,0.1396995450780006,6.45202975557917,20.302763853365054,-13.850734097785883,-0.0018556647985826698,767,3.400504785303583,3.92962697899231,-0.5291221936887274,-0.021936698054021656
project-plus-gift-size,GRADE_LEVEL x gift_decile=Grades 9-12 | 4,15822,0.10978384527872583,0.13991047015313676,6.534829983567185,20.36798453685773,-13.833154553290544,-0.0030951276379135085,1737,3.6410662523664854,3.929945441649056,-0.2888791892825706,-0.0179941658382058
project-only,SUBJECT_CATEGORY x GRADE_LEVEL=Extracurricular | Grades 3-5,2142,0.13865546218487396,0.13969049150624557,34.0669421101774,20.25278612409857,13.81415598607883,0.0011408901063193512,297,4.133370997260396,3.928077560267715,0.20529343699268132,0.005300419450629777
project-plus-gift-size,SUBJECT_CATEGORY x gift_decile=Music | 2,5361,0.14027233725051297,0.13968801114425197,6.50143629919791,20.300805927053858,-13.799369627855949,-0.0018016366977114445,752,3.4072145192150023,3.9295837798467836,-0.5223692606317814,-0.021444452797852006
project-plus-gift-size,SCHOOL_STATE x gift_decile=NM | 7,1045,0.19808612440191387,0.13966115564082665,34.05093779904306,20.25982355006798,13.79111424897508,0.0007957520303047479,207,4.693274118558677,3.9277539725106614,0.7655201460480159,0.01650302917912081
project-plus-gift-size,SCHOOL_STATE x gift_decile=WI | 3,6948,0.12449625791594704,0.13973856610457727,6.5306519861830745,20.31089814292811,-13.780246156745037,-0.002047442483081249,865,3.51257794159424,3.9294768889328595,-0.4168989473386193,-0.018352093974862874
project-plus-gift-size,SUBJECT_CATEGORY x gift_decile=Music | 3,19277,0.1292732271619028,0.13978340187891783,6.626673756289879,20.38951573024088,-13.762841973951002,-0.003396282319891117,2492,3.5493756061091495,3.931440136477435,-0.38206453036828547,-0.028469397815389583
project-plus-gift-size,SCHOOL_STATE x gift_decile=CA | 2,21273,0.13900249142105014,0.13969630687924342,6.719324025760353,20.401456517901334,-13.68213249214098,-0.00354520401589464,2957,3.345858798464507,3.934052939401871,-0.5881941409373637,-0.04770629513720603
project-plus-gift-size,SCHOOL_STATE x gift_decile=WI | 2,2236,0.13640429338103757,0.1396928729366902,6.598609123434705,20.280690195809047,-13.682081072374341,-0.0011544850424525708,305,3.3525030737982275,3.9288634141398306,-0.5763603403416031,-0.015079786253879122
project-plus-gift-size,CATEGORY x gift_decile=Visitors | 3,1910,0.12722513089005236,0.13970051149162319,6.630413612565445,20.278592112578274,-13.648178500012829,-0.0010644480789970608,243,3.559881992355838,3.9285773117062073,-0.3686953193503695,-0.008611259265193918
project-plus-gift-size,SUBJECT_CATEGORY x gift_decile=Social Sciences | 3,5784,0.13710235131396958,0.13969642026964202,6.678343706777317,20.30304390980939,-13.624700203032074,-0.0018474958294958578,793,3.5256303987696547,3.9293425492684193,-0.40371215049876463,-0.017017949221679107
project-plus-gift-size,SCHOOL_STATE x gift_decile=NY | 3,38822,0.13615990932976146,0.13975415989522003,6.888821029313276,20.511717009087032,-13.622895979773755,-0.004748862986160076,5286,3.539700673761893,3.93521936845591,-0.395518694694017,-0.04272263338910295
project-plus-gift-size,SUBJECT_CATEGORY x gift_decile=Early Development | 2,2930,0.13037542662116042,0.13970213394222636,6.670532423208191,20.285000900711005,-13.614468477502815,-0.0013148154416324383,382,3.401754457478111,3.928948378870871,-0.5271939213927599,-0.015434682190203174
project-plus-gift-size,SUBJECT_CATEGORY x gift_decile=History & Geography | 4,2193,0.12403100775193798,0.1397054011643045,6.669261285909713,20.280345225613583,-13.611083939703871,-0.0011374088767781409,272,3.630429957211219,3.9285490836120056,-0.2981191264007865,-0.007366297869830241
project-plus-gift-size,SCHOOL_STATE x gift_decile=MI | 3,13434,0.12788447223462857,0.13976345440548674,6.743240285841894,20.35126614878578,-13.608025862943885,-0.0028071557550204216,1718,3.555801191500227,3.9304161177360495,-0.3746149262358225,-0.023207373045010984
project-plus-gift-size,SCHOOL_STATE x gift_decile=IL | 3,32619,0.14975934271436891,0.13953482897985797,6.92769888715166,20.47133832823721,-13.54363944108555,-0.004333980906261981,4885,3.4858553310869413,3.93557170740358,-0.44971637631663874,-0.04672963496893749
project-plus-gift-size,SCHOOL_STATE x gift_decile=WV | 3,1844,0.13232104121475055,0.1396957687917065,6.7380856832971805,20.27808196979962,-13.539996286502438,-0.0010376210160431998,244,3.6034453272155784,3.928543226884503,-0.32509789966892466,-0.007608591356600395
project-only,SUBJECT_CATEGORY x GRADE_LEVEL=Music | Grades 9-12,13226,0.12997126871314077,0.13974942595441783,33.709083623166485,20.183563332552694,13.525520290613791,0.0027685860319036576,1719,3.9813489213907975,3.9279754063859214,0.05337351500487619,0.0033074428183797813
project-plus-gift-size,SUBJECT_CATEGORY x gift_decile=Special Needs | 2,10894,0.12851110703139343,0.13974621252720318,6.820590233155865,20.33476621821249,-13.514175985056625,-0.002511939342827598,1400,3.3277117531571956,3.9310837103302116,-0.6033719571730161,-0.03376049890899164
project-only,SCHOOL_STATE x CATEGORY=NY | Other,15804,0.14932928372563908,0.1396183056357369,33.66387939762085,20.1676106455922,13.496268752028652,0.0030180449097710876,2360,4.03989598308157,3.927398718681157,0.11249726440041341,0.008159459957457262
project-plus-gift-size,SCHOOL_STATE x gift_decile=NV | 3,4116,0.13508260447035958,0.1396982720976946,6.827079689018464,20.292202387920476,-13.465122698902011,-0.0015408440661779902,556,3.5522460098935755,3.928975175665205,-0.3767291657716294,-0.013302603596012728
project-plus-gift-size,CATEGORY x gift_decile=Trips | 0,5459,0.08646272211027661,0.13982452674514542,6.837886059717897,20.300580790907926,-13.462694731190028,-0.001773632841866037,472,2.9918075356395417,3.929749362887364,-0.9379418272478222,-0.030519510188031503
project-plus-gift-size,SUBJECT_CATEGORY x gift_decile=Performing Arts | 2,2316,0.13255613126079446,0.13969713172811107,6.8995639032815195,20.28087472174105,-13.38131081845953,-0.0011491060852640577,307,3.4031764095226595,3.9288155560482854,-0.5256391465256258,-0.013797697623936494
project-plus-gift-size,SUBJECT_CATEGORY x gift_decile=Performing Arts | 3,8828,0.14442682374263707,0.139669993240085,6.97414250113276,20.321136587527864,-13.346994086395103,-0.0022343411559211917,1275,3.530364233850732,3.929971050849433,-0.39960681699870104,-0.021342151209286446
project-plus-gift-size,SCHOOL_STATE x gift_decile=AZ | 2,2666,0.12303075768942236,0.13971008087764922,6.9606039009752445,20.28297336543309,-13.322369464457847,-0.0012273500807750593,328,3.399053120771263,3.9288567282644107,-0.5298036074931476,-0.014374290423433432
project-plus-gift-size,SCHOOL_STATE x gift_decile=CT | 3,6722,0.13150847961916096,0.13971504077556834,7.040068432014281,20.30785700598401,-13.267788573969728,-0.0019390787750475165,884,3.559301742715293,3.9293657597560676,-0.37006401704077474,-0.016467816891289934
project-plus-gift-size,SUBJECT_CATEGORY x gift_decile=Environmental Science | 3,19460,0.13617677286742036,0.1397214460699454,7.127743576567318,20.38613195753194,-13.258388380964622,-0.003287149834174328,2650,3.5630378564512464,3.9315210433936585,-0.3684831869424121,-0.028306964237987047
project-plus-gift-size,SUBJECT_CATEGORY x gift_decile=History & Geography | 0,8254,0.09559001696147322,0.13985888025766455,7.088307487278895,20.317132225288915,-13.22882473801002,-0.002141639511232583,789,2.929925717188875,3.9309013185665522,-1.0009756013776774,-0.04208852375218616
project-plus-gift-size,SCHOOL_STATE x gift_decile=SC | 2,3371,0.15870661524770097,0.13965969370483042,7.098516760605161,20.28711904776278,-13.188602287157618,-0.0013660417663332088,535,3.3897247272481668,3.9292379816095564,-0.5395132543613896,-0.01868805840979897
project-plus-gift-size,SUBJECT_CATEGORY x gift_decile=Character Education | 3,5330,0.1300187617260788,0.1397134217138735,7.165939962476548,20.298960856239546,-13.133020893762998,-0.001709686319799779,693,3.55894878201263,3.9291314261837975,-0.3701826441711673,-0.014589947625229853
project-plus-gift-size,SUBJECT_CATEGORY x gift_decile=College & Career Prep | 4,673,0.15304606240713226,0.13968529449550604,7.155497771173848,20.27059800724545,-13.115100236071601,-0.000607346968917603,103,3.5443935434755978,3.928411223211819,-0.38401767973622114,-0.005840724189300769
project-plus-gift-size,SCHOOL_STATE x gift_decile=NH | 3,1952,0.15010245901639344,0.13968003074021548,7.167489754098361,20.278371608552312,-13.11088185445395,-0.0010337146785119869,293,3.584621957353526,3.928614475956567,-0.34399251860304103,-0.00882150413454108
project-plus-gift-size,SUBJECT_CATEGORY x gift_decile=Health & Life Science | 3,16481,0.13251623081123717,0.1397446996990613,7.259383532552636,20.36666448161779,-13.107280949065153,-0.0029927068848135917,2184,3.5321924058979977,3.9311721697841584,-0.39897976388616074,-0.02784636130895393
individual,"SUBJECT_CATEGORY=Warmth, Care & Hunger",577,0.1854419410745234,0.13967722022978313,33.363240901213175,20.263000908539855,13.10023999267332,0.000561738963734648,107,4.172072637396596,3.9281933232263264,0.24387931417026953,0.0037806009292777106
individual,"SUBJECT_SUBCATEGORY=Warmth, Care & Hunger",577,0.1854419410745234,0.13967722022978313,33.363240901213175,20.263000908539855,13.10023999267332,0.000561738963734648,107,4.172072637396596,3.9281933232263264,0.24387931417026953,0.0037806009292777106
project-plus-gift-size,SUBJECT_CATEGORY x gift_decile=Gym & Fitness | 3,5133,0.13754139879212937,0.1396945880163651,7.223773621663744,20.297620459823637,-13.073846838159893,-0.0016703100888853539,706,3.577372393721336,3.929104162696297,-0.35173176897496106,-0.01399186536666223
project-plus-gift-size,SCHOOL_STATE x gift_decile=NC | 3,24991,0.14357168580689048,0.13964395229743226,7.35085670841503,20.4179156841213,-13.06705897570627,-0.003666606878791395,3588,3.5549603618586536,3.9327794557122635,-0.3778190938536099,-0.03371938667130458
project-plus-gift-size,SCHOOL_STATE x gift_decile=FL | 4,5208,0.1436251920122888,0.13967993693924827,7.241620583717358,20.29803299070077,-13.05641240698341,-0.0016801956554018237,748,3.577585460867592,3.9291527876682517,-0.3515673268006596,-0.01439430271770509
project-plus-gift-size,SCHOOL_STATE x gift_decile=TN | 4,1989,0.13826043237807945,0.13969078264985765,7.224816490698844,20.278543819713708,-13.053727329014864,-0.001038907956602293,275,3.5500580625809586,3.928625483101723,-0.3785674205207643,-0.009405511159197215
project-plus-gift-size,SCHOOL_STATE x gift_decile=MN | 4,915,0.13333333333333333,0.1396921612584067,7.233923497267759,20.272036914116764,-13.038113416849004,-0.0007039772912105654,122,3.5643175498745334,3.928427379538844,-0.3641098296643106,-0.006026920826694962
project-plus-gift-size,SCHOOL_STATE x gift_decile=LA | 0,5309,0.1310981352420418,0.13971066361449702,7.3100000000000005,20.298477184257308,-12.988477184257308,-0.0016875432608681445,696,2.9653547037906907,3.9305095834588855,-0.9651548796681948,-0.038121547820511505
project-only,SCHOOL_STATE x CATEGORY=HI | Other,1094,0.14716636197440586,0.13968566908971142,33.22834552102376,20.259927531324074,12.968417989699688,0.0007656159615045755,161,4.1096935489113955,3.928182940455,0.18151060845639533,0.0034511989508797794
project-plus-gift-size,SUBJECT_CATEGORY x gift_decile=Visual Arts | 3,22915,0.1331005891337552,0.13976021958236423,7.553985598952651,20.40302165221951,-12.849036053266861,-0.003454112831821411,3050,3.569521968966356,3.931948957190412,-0.36242698822405606,-0.029849157623214172
project-plus-gift-size,SCHOOL_STATE x gift_decile=OR | 3,6940,0.1304034582132565,0.1397194401082125,7.474090778097983,20.307801310234602,-12.83371053213662,-0.001905713509800464,905,3.615361703142805,3.9292227288119843,-0.3138610256691794,-0.014131216056941972
project-only,SCHOOL_STATE x CATEGORY=RI | Books,1174,0.16609880749574105,0.13967508037168133,32.999437819420784,20.259570910322363,12.73986690909842,0.0007791233116788648,195,3.928098645510143,3.9282800547100303,-0.00018140919988729465,-3.795833363297263e-06
project-plus-gift-size,SCHOOL_STATE x gift_decile=AL | 3,4575,0.13879781420765028,0.139691358971178,7.570286338797814,20.293494233134417,-12.723207894336603,-0.001534816851186201,635,3.5749183275662726,3.929026281395797,-0.3541079538295242,-0.0133608935107771
project-plus-gift-size,SCHOOL_STATE x gift_decile=OR | 2,2078,0.1424446583253128,0.13968680645990683,7.6230654475457165,20.278698931547968,-12.655633484002252,-0.0010294916665347415,296,3.4362101059913446,3.92876385893227,-0.4925537529409256,-0.012695714811297186
project-only,SCHOOL_STATE x CATEGORY=UT | Technology,8400,0.13714285714285715,0.1396994205877534,32.834246428571426,20.217366783591757,12.616879644979669,0.0020604862580590596,1152,3.8063017580792513,3.928748133739393,-0.12244637566014172,-0.006217437049249464
project-plus-gift-size,SCHOOL_STATE x gift_decile=OK | 3,8203,0.13495062781909056,0.13970755582405317,7.774092405217603,20.314199981289974,-12.540107576072371,-0.002023884143562144,1107,3.604885277361606,3.9294725758352835,-0.3245872984736775,-0.01615760957965144
project-plus-gift-size,SCHOOL_STATE x gift_decile=SC | 3,12310,0.15653939886271323,0.1395927392917797,7.800539398862713,20.338064415796133,-12.537525016933419,-0.002476414830091937,1927,3.5709984614627337,3.9305798354217436,-0.3595813739590099,-0.023583910477004182
project-plus-gift-size,SCHOOL_STATE x gift_decile=OR | 4,891,0.14927048260381592,0.13968550387240924,7.747789001122334,20.27167939689029,-12.523890395767953,-0.0006672888619704773,133,3.613735529886221,3.9284188541900433,-0.3146833243038225,-0.005438445563649845
project-plus-gift-size,SCHOOL_STATE x gift_decile=MS | 3,4025,0.13391304347826086,0.13970026370810668,7.769428571428572,20.28987129539349,-12.520442723964917,-0.0014168455140232594,539,3.6139362039393723,3.928843316655596,-0.31490711271622374,-0.010948613823536256
project-plus-gift-size,SUBJECT_CATEGORY x gift_decile=Health & Life Science | 4,3364,0.12425683709869204,0.139713571899583,7.831406064209275,20.28593128140353,-12.454525217194256,-0.0012886699619149044,418,3.681573340113565,3.9286226969576634,-0.24704935684409834,-0.007565567370168939
project-plus-gift-size,SUBJECT_CATEGORY x gift_decile=Social Sciences | 4,1197,0.14870509607351712,0.13968445718034114,7.824878863826232,20.273414438851223,-12.44853557502499,-0.0007687237205790315,178,3.594217850675175,3.9284774220391223,-0.33425957136394713,-0.006682464165679111
project-plus-gift-size,SUBJECT_CATEGORY x gift_decile=Performing Arts | 7,4914,0.18742368742368742,0.13958045792729115,32.598962148962144,20.238343250289283,12.360618898672861,0.0015452116454894198,921,4.524804052024753,3.9264507971338607,0.5983532548908923,0.027176514953349724
project-plus-gift-size,SUBJECT_CATEGORY x gift_decile=Other | 2,2129,0.15265382808830436,0.13967665357098932,7.922949741662752,20.278702172737628,-12.355752431074876,-0.0010173445522625192,325,3.4647501086545787,3.928780501147784,-0.4640303924932052,-0.012532128915184959
project-plus-gift-size,SUBJECT_CATEGORY x gift_decile=Foreign Languages | 3,4225,0.13041420118343194,0.13970766887225855,7.944383431952662,20.290691205212024,-12.346307773259362,-0.0014313642043181926,551,3.5120676978993512,3.9290425273475504,-0.4169748294481992,-0.014657478289397294
project-plus-gift-size,SCHOOL_STATE x gift_decile=NY | 2,11379,0.14676157834607612,0.13965195382689982,8.130902539766236,20.330871537075748,-12.199968997309512,-0.002317328401652184,1670,3.4116251812641814,3.9311597258286866,-0.5195345445645052,-0.03173487433545576
project-plus-gift-size,SUBJECT_CATEGORY x gift_decile=Literature & Writing | 4,10421,0.14787448421456675,0.13964972374197654,8.196804529315804,20.32510627978585,-12.128301750470046,-0.0022051007787725137,1541,3.589880102616535,3.9300196980376656,-0.3401395954211308,-0.019962553936362575
project-plus-gift-size,SCHOOL_STATE x gift_decile=NH | 7,911,0.17672886937431395,0.1396738119546003,32.35090010976948,20.261399126943004,12.089500982826479,0.0006513303487719598,161,4.521439553232052,3.9279627912558603,0.5934767619761918,0.011284224077711725
project-plus-gift-size,SCHOOL_STATE x gift_decile=MS | 2,947,0.16367476240760295,0.13967892748848823,8.261985216473073,20.271778845061103,-12.00979362858803,-0.0006596911522559118,155,3.4430278994495196,3.9285297141845725,-0.48550181473505294,-0.009057661337119013
project-plus-gift-size,CATEGORY x gift_decile=Technology | 4,27463,0.1404070931799148,0.1396802079160446,8.596872155263446,20.41701513768943,-11.820142982425983,-0.0034748771207639565,3856,3.597311491800951,3.9325708295089146,-0.33525933770796357,-0.031004402463191937
project-only,SUBJECT_CATEGORY x CATEGORY=Other | Supplies,12637,0.15043127324523226,0.13962615436348347,31.941116562475273,20.197698711888687,11.743417850586585,0.0023499896508754987,1901,4.035813489609115,3.9275971195858657,0.10821637002324946,0.00704986259528107
project-only,SCHOOL_STATE x CATEGORY=NY | Books,30814,0.16460050626338676,0.13932840068298236,31.81769812422925,20.09908156747273,11.718616556756519,0.0036462892202436645,5072,4.129033752354985,3.924842409105424,0.204191343249561,0.02161281349522493
project-plus-gift-size,SUBJECT_CATEGORY x gift_decile=Applied Sciences | 3,25028,0.1346092376538277,0.13974910824691006,8.68640642480422,20.402462387815486,-11.716055963011266,-0.0032899206412816922,3369,3.5577288647285368,3.9324704054666446,-0.37474154073810784,-0.03241989310450359
project-only,SCHOOL_STATE x CATEGORY=MS | Supplies,5356,0.17307692307692307,0.13960634518096818,31.94633681852129,20.237428540485666,11.708908278035622,0.0015279961531628437,927,4.029539102407611,3.927967414210319,0.1015716881972919,0.004628225281422104
project-plus-gift-size,SUBJECT_CATEGORY x gift_decile=Special Needs | 4,5096,0.15521978021978022,0.1396526819873513,8.659593799058085,20.29399508664825,-11.634401287590164,-0.0014810528705986598,791,3.5787852502162343,3.929199938684354,-0.35041468846811963,-0.014752675802744093
project-plus-gift-size,CATEGORY x gift_decile=Trips | 4,1438,0.1411682892906815,0.13968847693131403,8.793713490959666,20.274159986378056,-11.48044649541839,-0.0007769961830076471,203,3.701653748074418,3.9284327391244926,-0.22677899105007482,-0.00484145158333786
project-only,SUBJECT_CATEGORY x CATEGORY=Foreign Languages | Other,1142,0.10595446584938704,0.13970733544809388,8.804080560420315,20.272578067230086,-11.46849750680977,-0.0006917514199773638,121,3.789145134769574,3.9283358390316634,-0.13919070426208924,-0.002294493363819266
project-only,SCHOOL_STATE x CATEGORY=KS | Other,1136,0.14612676056338028,0.1396860711952972,31.65556338028169,20.260503695408524,11.395059684873168,0.0006855148342851405,166,3.9484484760819165,3.9282688186574335,0.020179657424483022,0.0003896002910811863
project-plus-gift-size,SCHOOL_STATE x gift_decile=DC | 4,800,0.15625,0.1396833186146094,9.007575000000001,20.270683330674064,-11.263108330674063,-0.00056865411474165,125,3.720513502355081,3.928366174629176,-0.20785267227409499,-0.003482503995050638
individual,SCHOOL_STATE=NY,160009,0.1576161340924573,0.13825293285422743,30.673143135698616,19.43258305517647,11.240560080522148,0.007724082193703509,25220,4.078625756800663,3.914544801571149,0.16408095522951394,0.037386811127879574
project-plus-gift-size,SCHOOL_STATE x gift_decile=NM | 3,2005,0.14164588528678304,0.13968764314112955,9.076413965087282,20.276917855613032,-11.20050389052575,-0.0008949902030944985,284,3.57715418234292,3.9286112364299144,-0.35145705408699435,-0.008873557379385284
gift-size decile,first_gift_decile=4,79848,0.15119977958120429,0.13924694838935817,9.524491909628294,20.679483315807513,-11.154991406179219,-0.0055224905690458076,12073,3.6396391539311366,3.9403293004762445,-0.30069014654510795,-0.04851959450345318
gift-size decile,first_gift_decile!=4,2076936,0.13924694838935817,0.15119977958120429,20.679483315807513,9.524491909628328,11.154991406179185,0.005522490569045788,289207,3.9403293004762445,3.6396391539311463,0.3006901465450982,0.04851959450345159
project-plus-gift-size,SUBJECT_CATEGORY x gift_decile=Performing Arts | 4,1415,0.13851590106007067,0.13969023401561403,9.135893992932862,20.273812836688286,-11.137918843755424,-0.0007477651997130469,196,3.6748138575283407,3.928444938927902,-0.25363108139956125,-0.005320596360113801
project-plus-gift-size,SUBJECT_CATEGORY x gift_decile=Mathematics | 4,11118,0.14058283864004317,0.1396848344523332,9.251174671703543,20.323582715110362,-11.072408043406819,-0.002079019875535032,1563,3.6050333870903595,3.9299656420030282,-0.32493225491266875,-0.01920498477614263
project-only,SCHOOL_STATE x CATEGORY=SD | Technology,865,0.15953757225433526,0.1396815000934636,31.306265895953754,20.262076205089336,11.044189690864417,0.0005798027828864213,138,4.079040882917711,3.9282108502513804,0.150830032666331,0.0026552107570763568
project-plus-gift-size,SCHOOL_STATE x gift_decile=OH | 4,1113,0.15902964959568733,0.13967947799084368,9.231176999101526,20.272203267567267,-11.04102626846574,-0.0006574616562014439,177,3.6866504540484737,3.928421976459475,-0.24177152241100153,-0.004819869559328604
project-plus-gift-size,GRADE_LEVEL x gift_decile=Grades 6-8 | 4,14783,0.13907867144693228,0.1396936789478623,9.331731718866264,20.3419718291448,-11.010240110278536,-0.002381826252236626,2056,3.645508052500475,3.930222893057719,-0.28471484055724394,-0.019284386970456358
project-plus-gift-size,CATEGORY x gift_decile=Other | 4,7785,0.15825305073859988,0.13962221480791753,9.323646756583173,20.30614737373074,-10.982500617147569,-0.0017269144201748307,1232,3.634146138621714,3.929487653526976,-0.29534151490526206,-0.015506407242903959
project-plus-gift-size,CATEGORY x gift_decile=Books | 4,15503,0.15764690705024834,0.13955945062791852,9.457735922079598,20.34476171506682,-10.887025792987222,-0.002411438117806516,2444,3.6825997583071297,3.9302892077893605,-0.24768944948223082,-0.018279340860492228
project-plus-gift-size,SUBJECT_CATEGORY x gift_decile=Health & Wellness | 4,1170,0.147008547008547,0.13968549100163574,9.394273504273503,20.272406697117386,-10.878133192843883,-0.0006641328544503221,172,3.701788173564606,3.9284093147388672,-0.22662114117426135,-0.0044536056379566435
project-plus-gift-size,SCHOOL_STATE x gift_decile=TX | 4,3868,0.1657187176835574,0.13964269855396122,9.413407445708376,20.286004623496687,-10.872597177788311,-0.0012061803189933632,641,3.6271422866022522,3.928922000480749,-0.30177971387849656,-0.01144004365334802
project-plus-gift-size,SUBJECT_CATEGORY x gift_decile=ESL | 4,889,0.16647919010123735,0.13967841662047548,9.415343082114735,20.27098014977538,-10.855637067660645,-0.0005777529383747027,148,3.6569975711287115,3.9284132668322096,-0.2714156957034981,-0.004948006212264337
project-plus-gift-size,SCHOOL_STATE x gift_decile=OK | 7,4306,0.19995355318160707,0.13956890616303627,31.012192289828146,20.245009003576342,10.767183286251804,0.0012601743739981343,861,4.435083684492398,3.9268274391962428,0.5082562452961557,0.0223220441608755
project-plus-gift-size,SCHOOL_STATE x gift_decile=OH | 2,3027,0.12223323422530559,0.13971399744725146,9.52786917740337,20.281598216511888,-10.753729039108519,-0.0010555670264034876,370,3.3630422365819856,3.9289749555704647,-0.5659327189884791,-0.016306844912089294
project-plus-gift-size,SCHOOL_STATE x gift_decile=IN | 3,11632,0.1502751031636864,0.1396320633689361,9.576738308115543,20.324470419811743,-10.7477321116962,-0.0020639312636270843,1748,3.567879032327952,3.930383154253084,-0.36250412192513215,-0.022651201414683568
project-plus-gift-size,SCHOOL_STATE x gift_decile=ID | 7,981,0.18246687054026503,0.13966999767603996,30.985147808358818,20.26162806156221,10.723519746796608,0.0005995129380433451,179,4.467421425256733,3.927959425817659,0.5394619994390739,0.010815072558903996
project-only,SUBJECT_CATEGORY x CATEGORY=Mathematics | Books,8569,0.14552456529349983,0.13966618797466734,30.942335161629128,20.223920845911604,10.718414315717524,0.0017678957377903464,1247,3.923673519621968,3.928299082531839,-0.004625562909871039,-0.0002443252187574852
project-plus-gift-size,SCHOOL_STATE x gift_decile=MO | 4,1201,0.14071606994171523,0.13968889158988543,9.615686927560366,20.272439776153362,-10.656752848592996,-0.0006591753172315936,169,3.718328470529538,3.928397773567636,-0.210069303038098,-0.004092184657850141
project-only,SCHOOL_STATE x CATEGORY=TN | Technology,24035,0.11329311420844601,0.1399869370469755,9.809065113376326,20.38435564147492,-10.575290528098593,-0.002910760069445272,2723,3.6721986715314947,3.930615535812805,-0.2584168642813105,-0.020120754744973223
project-plus-gift-size,SCHOOL_STATE x gift_decile=SC | 7,6203,0.20748025149121394,0.1394939321048591,30.79597452845397,20.23613505373664,10.559839474717332,0.0014827170229521896,1287,4.479391404702684,3.925915613932297,0.5534757907703876,0.029698152210032632
project-plus-gift-size,SCHOOL_STATE x gift_decile=LA | 3,7939,0.13427383801486334,0.1397094718325426,9.775902506612923,20.30526357182579,-10.529361065212868,-0.0016718974254785602,1066,3.5395368625278048,3.929660286371686,-0.3901234238438813,-0.019058208121845006
project-plus-gift-size,SCHOOL_STATE x gift_decile=NJ | 4,1005,0.14626865671641792,0.13968639642560762,9.754099502487563,20.27140635473302,-10.517306852245458,-0.0005951300215233586,147,3.6959241679059507,3.9283933632499983,-0.23246919534404764,-0.004223662623818247
project-plus-gift-size,SUBJECT_CATEGORY x gift_decile=Foreign Languages | 2,1204,0.13953488372093023,0.13968954991232058,9.764443521594684,20.27237151949823,-10.507927997903545,-0.0006507805564856347,168,3.4418676641152866,3.9285513222344925,-0.486683658119206,-0.00945260263789328
project-plus-gift-size,SCHOOL_STATE x gift_decile=WA | 3,10322,0.12458825808951754,0.13976208290666223,9.819132919976749,20.316745369822524,-10.497612449845775,-0.0018995740562427362,1286,3.606140826122087,3.9296608679035274,-0.32352004178144034,-0.017352574755192474
project-plus-gift-size,SUBJECT_CATEGORY x gift_decile=Team Sports | 5,3974,0.12053346753900353,0.1397248247639132,9.869876698540514,20.285697344401036,-10.415820645860522,-0.001171203711368316,479,4.018718108794638,3.9281359222014927,0.09058218659314532,0.0029691774938875783
project-plus-gift-size,SCHOOL_STATE x gift_decile=CO | 4,969,0.15995872033023736,0.13968035290597755,9.864582043343654,20.27118106609333,-10.406599022749676,-0.0005782273352727112,155,3.6860071020033693,3.9284046439433236,-0.24239754193995422,-0.004522238181623196
project-only,SUBJECT_CATEGORY x GRADE_LEVEL=Nutrition Education | Grades PreK-2,1072,0.1623134328358209,0.13967821304515632,30.618246268656712,20.261357839080542,10.35688842957617,0.00060526313728186,174,3.7960840861536496,3.928356329256983,-0.1322722431033334,-0.0026145022070030123
project-plus-gift-size,SCHOOL_STATE x gift_decile=MT | 7,541,0.19038817005545286,0.13967674329841304,30.57789279112754,20.263918468372996,10.313974322754543,0.0004282483458963098,103,4.53157040838243,3.928073617029788,0.6034967913526423,0.009178895903542712
project-plus-gift-size,SCHOOL_STATE x gift_decile=MA | 4,1626,0.17158671586715868,0.13966539808218237,10.008370233702337,20.274245034470788,-10.26587480076845,-0.0007387848075894664,279,3.7022172084695772,3.928489476470447,-0.22627226800086975,-0.005662436779082843
project-only,SCHOOL_STATE x CATEGORY=WV | Books,972,0.17901234567901234,0.1396717338988743,30.51906378600823,20.261882974953284,10.257180811054944,0.0005708062906769177,174,4.048651768015516,3.9282103780748616,0.12044138994065401,0.0023806527539443735
project-plus-gift-size,SUBJECT_CATEGORY x gift_decile=Literacy | 4,21644,0.15995194973202737,0.13948406193504875,10.11460635742007,20.369415799432353,-10.254809442012283,-0.0026799809075885236,3462,3.664443717321948,3.9313469144204696,-0.2669031970985216,-0.023403388634858253
project-plus-gift-size,SUBJECT_CATEGORY x gift_decile=Gym & Fitness | 4,870,0.14367816091954022,0.13968785396820096,10.017896551724137,20.270641324282877,-10.25274477255874,-0.0005398059329587036,125,3.6684436196638788,3.928387787205213,-0.2599441675413341,-0.004355280074335768
project-plus-gift-size,SCHOOL_STATE x gift_decile=WI | 4,798,0.18170426065162906,0.13967391253932077,10.068208020050125,20.270280307942627,-10.202072287892502,-0.0005144402905258407,145,3.6267105185929087,3.9284251464726716,-0.3017146278797629,-0.005444361452808242
project-plus-gift-size,SCHOOL_STATE x gift_decile=PA | 4,1955,0.16265984654731458,0.13966862335712021,10.126741687979539,20.275705037383474,-10.148963349403935,-0.0008007992087836986,318,3.68208964909548,3.928540064858127,-0.2464504157626468,-0.006583925570211328
project-plus-gift-size,SCHOOL_STATE x gift_decile=IL | 4,4546,0.17839859216893972,0.13960770137875086,10.288867135943688,20.287580555682037,-9.99871341973835,-0.001202336824520159,811,3.65882957114002,3.929007214474869,-0.27017764333484884,-0.011517166290336705
project-plus-gift-size,SUBJECT_CATEGORY x gift_decile=Early Development | 4,1452,0.17355371900826447,0.13966664996390346,10.288298898071625,20.27322768835613,-9.984928790284505,-0.000679059036751203,252,3.6757104047455473,3.9284913711888865,-0.25278096644333914,-0.0060122087632745146
project-plus-gift-size,SUBJECT_CATEGORY x gift_decile=Visual Arts | 4,3599,0.1594887468741317,0.13965636951771446,10.383098082800776,20.28302548085742,-9.899927398056645,-0.0010594629415505315,574,3.6919338039115397,3.9287310845304013,-0.23679728061886163,-0.008495514178648625
project-plus-gift-size,SUBJECT_CATEGORY x gift_decile=Applied Sciences | 4,4065,0.14464944649446496,0.13968009758821287,10.385463714637147,20.28516405531795,-9.899700340680802,-0.0011258179281680842,588,3.669457902908016,3.9287860610236853,-0.25932815811566945,-0.009416407416806606
project-plus-gift-size,GRADE_LEVEL x gift_decile=Grades PreK-2 | 4,26586,0.1688106522229745,0.13932601570370454,10.527850748514256,20.38804916256611,-9.860198414051853,-0.002852622512123037,4488,3.656097402788737,3.9323958003063697,-0.27629839751763274,-0.0275370143425454
project-plus-gift-size,SCHOOL_STATE x gift_decile=NV | 7,2425,0.18639175257731957,0.13963689431520002,30.104593814432988,20.25543159241333,9.849162222019658,0.0008654388046591662,452,4.357849143878577,3.927634501094349,0.4302146427842284,0.013699335409522955
project-plus-gift-size,SCHOOL_STATE x gift_decile=FL | 5,21976,0.13896978522024026,0.1396968720372043,10.543826902074992,20.366592147865287,-9.822765245790295,-0.0025864832095202975,3054,3.897124279487339,3.9285989885479116,-0.0314747090605727,-0.002593910324881393
project-plus-gift-size,GRADE_LEVEL x gift_decile=Grades 3-5 | 4,22657,0.16736549410778126,0.13939564046563302,10.56067087434347,20.369547768244345,-9.808876893900875,-0.002622121315479789,3792,3.6163242946712013,3.9322563524674967,-0.3159320577962954,-0.02897667514037599
project-plus-gift-size,CATEGORY x gift_decile=Supplies | 4,27401,0.15711105434108244,0.1394652817271482,10.59980730630269,20.39089711432842,-9.791089808025731,-0.0028751684637083,4305,3.6507588200681615,3.932302930508799,-0.2815441104406373,-0.02749026558584586
project-plus-gift-size,SCHOOL_STATE x gift_decile=LA | 4,1187,0.15501263689974726,0.13968102572048485,10.499764111204717,20.27188373800854,-9.772119626803823,-0.000600924739727851,184,3.674769131894533,3.9284348579455566,-0.25366572605102355,-0.005155955513594056
project-plus-gift-size,CATEGORY x gift_decile=Other | 7,26277,0.18274536667047228,0.1391584256705094,29.833984853674316,20.14850332338734,9.685481530286975,0.002785946390034546,4802,4.4754507207565,3.9194175120824184,0.5560332086740818,0.05729200348176013
project-plus-gift-size,SCHOOL_STATE x gift_decile=OK | 4,1033,0.16263310745401743,0.1396784693594019,10.622875121006777,20.271126656093397,-9.64825153508662,-0.000553503333272878,168,3.7247565681362538,3.9283934894816444,-0.20363692134539058,-0.003955133622773974
project-only,SCHOOL_STATE x CATEGORY=VT | Supplies,929,0.13993541442411195,0.13968935758666515,10.64772874058127,20.27065050757124,-9.62292176698997,-0.0005235362407875263,130,3.747448269238774,3.9283579984500845,-0.18090972921131065,-0.0030910853643773277
project-plus-gift-size,SCHOOL_STATE x gift_decile=AL | 7,2252,0.19404973357015987,0.13963264411946538,29.867890763765544,20.256469850529022,9.611420913236522,0.000813898838521092,437,4.513743336680564,3.9274295019997623,0.5863138346808019,0.018358059841284066
project-plus-gift-size,SCHOOL_STATE x gift_decile=MD | 4,1349,0.1653076352853966,0.13967343018926573,10.699406968124537,20.272493250782322,-9.573086282657785,-0.000627548907583803,223,3.6218053514802144,3.928506950228242,-0.3067015987480275,-0.00686244381139664
project-plus-gift-size,SUBJECT_CATEGORY x gift_decile=Gym & Fitness | 7,2827,0.16802263883975946,0.1396522771810208,29.806745666784575,20.25398432744943,9.552761339335145,0.0009062176385845586,475,4.629311201086711,3.9271729415658907,0.7021382595208205,0.02291911976239565
project-plus-gift-size,CATEGORY x gift_decile=Trips | 5,10551,0.12956117903516254,0.1397392547780227,10.810616055350204,20.312991264228998,-9.502375208878794,-0.0017383594587177312,1367,4.004577977945585,3.9279321717044353,0.07664580624114992,0.0042379542603273295
project-plus-gift-size,SCHOOL_STATE x gift_decile=UT | 7,2467,0.19132549655451966,0.13963033295471372,29.736850425618158,20.2556606943175,9.48118973130066,0.0008402806853456355,472,4.297544504512675,3.9277005216021976,0.36984398291047693,0.012034282805724675
project-plus-gift-size,SCHOOL_STATE x gift_decile=GA | 4,1585,0.18422712933753943,0.13965670919483536,10.801116719242902,20.273466728594432,-9.47235000935153,-0.000673035889241297,292,3.6279091491012245,3.928571338514181,-0.3006621894129564,-0.007697165016620114
project-plus-gift-size,SCHOOL_STATE x gift_decile=VA | 7,5509,0.17770920312216373,0.13959210235790404,29.697210019967326,20.24235537530069,9.454854644666636,0.0012512997920449606,979,4.515942519125429,3.9263641206057263,0.5895783985197025,0.027605604621327
project-only,SUBJECT_CATEGORY x CATEGORY=Music | Other,18032,0.143189884649512,0.13965995122389133,29.61312610913931,20.18770343639655,9.425422672742759,0.002250220945951484,2582,3.933232151118968,3.928237129455352,0.004995021663615873,0.00037880667032401085
project-plus-gift-size,SCHOOL_STATE x gift_decile=NC | 7,13439,0.20894411786591263,0.13925522955940364,29.48046878487983,20.20873306443899,9.271735720440837,0.0019129901182586074,2808,4.389399989282788,3.92394175781426,0.46545823146852827,0.03679739121054167
project-plus-gift-size,CATEGORY x gift_decile=Supplies | 7,86121,0.18986077727848027,0.1376027871266353,29.132209217264084,19.897771873066738,9.234437344197346,0.004740693165025837,16351,4.453729288125163,3.8981263820745147,0.5556029060506482,0.1035597420933285
project-only,SCHOOL_STATE x CATEGORY=MN | Other,3392,0.1058372641509434,0.13974278719341393,11.067438089622641,20.28099586141306,-9.21355777179042,-0.0009572800259594662,359,3.8935503329634957,3.9283213698569055,-0.03477103689340977,-0.0009869089321629392
individual,SCHOOL_STATE=MS,15673,0.16346583296114336,0.13951541979841306,29.40192369042302,20.19963404045843,9.202289649964587,0.0020493386063610924,2562,4.0075512261298805,3.9276000551252324,0.0799511710046481,0.006039918153048732
project-plus-gift-size,SCHOOL_STATE x gift_decile=TN | 5,8899,0.14361164175750085,0.13967321341691943,11.110261827171593,20.30444123870691,-9.194179411535318,-0.0015452944846835453,1278,3.8656187091192677,3.928546872347483,-0.06292816322821526,-0.003364794324866395
project-only,SUBJECT_CATEGORY x CATEGORY=Team Sports | Trips,808,0.18193069306930693,0.13967363273060554,29.38372524752475,20.263088707852035,9.120636539672716,0.0004627803979466494,147,4.360280902508814,3.9280690532607694,0.43221184924804446,0.007852726596909408
project-plus-gift-size,SCHOOL_STATE x gift_decile=MI | 5,10452,0.14915805587447378,0.13964335433660777,11.21156429391504,20.31060046628387,-9.099036172368828,-0.0016567832943796333,1559,3.9762947963757522,3.9280301878103105,0.04826460856544168,0.0028490259026289558
project-plus-gift-size,SCHOOL_STATE x gift_decile=NV | 4,585,0.1811965811965812,0.13967820224385596,11.187555555555557,20.26896880575494,-9.081413250199384,-0.00039210100585822895,106,3.456604213994839,3.9284459464016166,-0.4718417324067774,-0.007280211331040786
project-plus-gift-size,SUBJECT_CATEGORY x gift_decile=Special Needs | 5,29790,0.1399462907015777,0.1396858665327688,11.414456529036588,20.390484566482087,-8.976028037445499,-0.0027467855180140915,4169,3.999551573256353,3.92727986846444,0.07227170479191303,0.006945916812916598
project-plus-gift-size,SUBJECT_CATEGORY x gift_decile=Civics & Government | 5,1541,0.1382219338092148,0.13969051285632292,11.30190136275146,20.272915286118547,-8.971013923367087,-0.000628511366448528,213,3.9592299256273153,3.9282580406822576,0.03097188494505776,0.0006772904966346353
project-plus-gift-size,SUBJECT_CATEGORY x gift_decile=Character Education | 4,743,0.18438761776581428,0.1396740600016419,11.308479138627188,20.269592642254946,-8.961113503627757,-0.00043602064924666437,137,3.597761623946531,3.9284303011053328,-0.33066867715880166,-0.005799969278784622
project-plus-gift-size,SUBJECT_CATEGORY x gift_decile=Other | 3,7995,0.15447154471544716,0.13963446387709544,11.390157598499062,20.29953182001583,-8.909374221516767,-0.0014196310369716434,1235,3.5149811383844862,3.9299810955101373,-0.4149999571256511,-0.021815275050292373
project-plus-gift-size,SUBJECT_CATEGORY x gift_decile=History & Geography | 5,8542,0.14750643877312106,0.1396583811321071,11.41653828143292,20.3016954886833,-8.88515720725038,-0.0014632167563298779,1260,3.962841563267254,3.9281347881425472,0.034706775124706546,0.0018427253193550968
project-only,SUBJECT_CATEGORY x CATEGORY=Community Service | Technology,1481,0.11276164753544902,0.13970796681487474,11.401715057393652,20.272596962004876,-8.870881904611224,-0.0006092852409752748,167,3.810595689404139,3.9283452060459476,-0.11774951664180877,-0.0022801745124529323
project-only,SUBJECT_CATEGORY x CATEGORY=Performing Arts | Trips,3625,0.15144827586206897,0.13966966675475428,29.108262068965516,20.251619847860745,8.85664222110477,0.0009512251441679837,549,4.0883058226813365,3.9279878017616805,0.16031802091965597,0.005625272685833595
project-plus-gift-size,SUBJECT_CATEGORY x gift_decile=Other | 7,4317,0.17905953208246467,0.13961050273941483,29.095869817002548,20.248797365999106,8.847072451003442,0.0010367666618111004,773,4.5161965737322864,3.9267676278980153,0.5894289458342712,0.024532085422195975
project-plus-gift-size,SUBJECT_CATEGORY x gift_decile=Health & Wellness | 5,7080,0.13644067796610168,0.13970016337132926,11.48467231638418,20.295428351996367,-8.810756035612187,-0.0013214212962191357,966,3.9923840168194853,3.928073737980901,0.06431027883858409,0.0029911811167378333
project-plus-gift-size,SUBJECT_CATEGORY x gift_decile=College & Career Prep | 5,3470,0.1351585014409222,0.13969676507931494,11.482170028818443,20.28066127838299,-8.798491249564547,-0.0009245891449711371,469,4.017334975229749,3.928141089936409,0.08919388529334027,0.002893039249230228
project-plus-gift-size,SCHOOL_STATE x gift_decile=NY | 7,23588,0.18242326606749196,0.13921693083992281,28.94730201797524,20.170516928589777,8.776785089385463,0.002393418086769345,4303,4.473769177063847,3.920376159565684,0.5533930174981632,0.05402151025204415
project-plus-gift-size,SUBJECT_CATEGORY x gift_decile=Other | 4,1187,0.15922493681550126,0.1396787061774534,11.496402695871947,20.271334929488212,-8.774932233616266,-0.0005396039006882332,189,3.702369134887407,3.928421745391759,-0.2260526105043521,-0.0046566680586592624
project-plus-gift-size,SUBJECT_CATEGORY x gift_decile=Civics & Government | 7,1156,0.1652249134948097,0.1396757696597001,29.000821799307957,20.261821631561656,8.739000167746301,0.0005303343253309796,191,4.439331322743953,3.927955744731956,0.5113755780119966,0.010589856545386557
project-plus-gift-size,SCHOOL_STATE x gift_decile=PA | 7,7523,0.17998139040276487,0.13954843083273738,28.96634720191413,20.236053769179264,8.730293432734864,0.0013495566372585715,1354,4.526501160598245,3.9255792993498195,0.6009218612484251,0.033068946462711094
project-plus-gift-size,SUBJECT_CATEGORY x gift_decile=Visual Arts | 7,11407,0.19198737617252565,0.13941139482710965,28.93388533356711,20.220421007589806,8.713464325977302,0.001657107004005829,2190,4.482787161240382,3.9242197185634007,0.5585674426769813,0.039037732828015224
project-plus-gift-size,SCHOOL_STATE x gift_decile=SD | 3,951,0.12933753943217666,0.13969403010344494,11.575909568874868,20.270339260972438,-8.69442969209757,-0.00047858720170904247,123,3.6675064949253047,3.928386443646896,-0.26087994872159115,-0.004335864510131487
project-plus-gift-size,SCHOOL_STATE x gift_decile=MD | 5,7839,0.14670238550835565,0.13966388157910045,11.63973848705192,20.297974624757728,-8.658236137705808,-0.0013661380044996296,1150,4.00560943088872,3.9279836359668203,0.0776257949218997,0.003938180797412753
project-only,SCHOOL_STATE x CATEGORY=CA | Technology,198504,0.10332285495506388,0.14337581959678902,12.409236539314069,21.06296949363727,-8.6537329543232,-0.006559151757238647,20510,3.824196674734186,3.9358831275045256,-0.11168645277033962,-0.023144331664686497
project-only,SCHOOL_STATE x CATEGORY=FL | Technology,50274,0.12248876158650594,0.14009997578933878,11.889522417153996,20.466430797859964,-8.576908380705968,-0.00339317624871095,6158,3.7398255790547434,3.932212215939255,-0.19238663688451174,-0.022396569547613175
project-plus-gift-size,SCHOOL_STATE x gift_decile=IN | 7,5786,0.20860698237124092,0.139504081361303,28.796882129277567,20.243559608144682,8.553322521132884,0.0011600220133633618,1207,4.463411057341244,3.926127450193896,0.5372836071473484,0.027922651160245806
project-plus-gift-size,SCHOOL_STATE x gift_decile=NY | 4,5922,0.1778115501519757,0.13958450146964332,11.747026342451875,20.289962396471736,-8.542936054019862,-0.0011721138426812083,1053,3.718428727985576,3.929015958117275,-0.2105872301316989,-0.01022485261380118
project-plus-gift-size,SCHOOL_STATE x gift_decile=NE | 5,848,0.14386792452830188,0.1396878200466062,11.727146226415096,20.269864397644454,-8.542718171229359,-0.00044405227749462424,122,4.023319087267383,3.928241436653176,0.09507765061420725,0.0015737709502879696
project-plus-gift-size,CATEGORY x gift_decile=Visitors | 5,1739,0.1437607820586544,0.13968617824685794,11.756538240368027,20.273372653471274,-8.516834413103247,-0.0006338380849106582,250,4.048299192849992,3.928180263462218,0.12011892938777402,0.002845589906474895
project-plus-gift-size,GRADE_LEVEL x gift_decile=Grades 9-12 | 5,56362,0.13876370604307867,0.13971430503013205,11.976349490791668,20.48896078026225,-8.512611289470582,-0.0035606676941500404,7821,4.0079683144819676,3.9261561557855793,0.08181215869638825,0.010703077671006167
project-only,SCHOOL_STATE x CATEGORY=IA | Other,1296,0.11805555555555555,0.1397024710877537,11.784421296296296,20.27160549258451,-8.487184196288213,-0.0005453321442881599,153,3.782761101848129,3.928353874144999,-0.14559277229687018,-0.0026986486491349577
project-plus-gift-size,CATEGORY x gift_decile=Technology | 5,139448,0.14644168435545868,0.13922271748484139,12.362065070850782,20.812898664377176,-8.450833593526394,-0.005449002144600907,20421,3.978807674297342,3.9246061119330977,0.05420156236424445,0.01120935041709993
gift-size decile,first_gift_decile=5,398958,0.15229171993041873,0.13682924248475106,13.418452368419734,21.820746803153437,-8.402294434733703,-0.00855404620020779,60758,4.015730358901064,3.9061891817053453,0.10954117719571865,0.0361611727876693
gift-size decile,first_gift_decile!=5,1757826,0.13682924248475106,0.15229171993041873,21.820746803153437,13.418452368419738,8.4022944347337,0.008554046200207787,240522,3.9061891817053453,4.015730358901065,-0.10954117719571954,-0.0361611727876696
project-only,SCHOOL_STATE x CATEGORY=WV | Supplies,2657,0.1580730146782085,0.13966678844840624,28.630406473466316,20.25618916619122,8.374217307275096,0.0007701899020132828,420,4.087592094402236,3.9280575378202323,0.15953455658200388,0.0048971973489197965
project-only,SCHOOL_STATE x CATEGORY=TN | Other,6270,0.12025518341307816,0.13974612580992266,11.925915470494418,20.290823263647663,-8.364907793153245,-0.0011808323161026828,754,3.748836736710532,3.9287301485021735,-0.17989341179164153,-0.007394825366360963
project-only,SUBJECT_CATEGORY x GRADE_LEVEL=Character Education | Grades 9-12,2390,0.14393305439330545,0.13968475589887458,11.932117154811715,20.275751431725116,-8.3436342769134,-0.0007278450621368258,344,3.837389578363676,3.9283838340819535,-0.09099425571827746,-0.002528227993871588
project-plus-gift-size,SCHOOL_STATE x gift_decile=SC | 4,1587,0.18651543793320732,0.13965498281595604,11.978519218651543,20.27260852720192,-8.294089308550378,-0.0005896887225312815,296,3.7164438118802776,3.928488265621852,-0.2120444537415742,-0.005465506852697143
project-plus-gift-size,SUBJECT_CATEGORY x gift_decile=Foreign Languages | 5,3238,0.13866584311303273,0.13969100265329834,11.99540457072267,20.278941740738297,-8.283537170015627,-0.0008409176896547263,449,3.9736975822203235,3.9282121499906157,0.0454854322297078,0.0014435863122700403
project-only,SCHOOL_STATE x CATEGORY=NJ | Technology,13512,0.123149792776791,0.13979373593272343,28.464342806394317,20.214823312206754,8.249519494187563,0.0017066689255694992,1664,3.929590358522562,3.9282726595097137,0.0013176990128482835,8.034546115200081e-05
project-plus-gift-size,GRADE_LEVEL x gift_decile=Grades 3-5 | 7,83839,0.18498550793783322,0.13785749260110616,28.195158100645283,19.945836059326222,8.249322041319061,0.00418078040742999,15509,4.45959812061422,3.8994449130794866,0.5601532075347331,0.10183422621988418
project-only,SUBJECT_CATEGORY x CATEGORY=Gym & Fitness | Technology,3390,0.11091445427728613,0.1397347628905811,12.035536873156342,20.279463265895604,-8.243926392739262,-0.0008562840773612021,376,3.8984385505990966,3.928317226135972,-0.0298786755368754,-0.0008678710676359065
project-plus-gift-size,SCHOOL_STATE x gift_decile=ME | 7,1390,0.19784172661870503,0.1396519615439219,28.461676258992807,20.261220574985362,8.200455684007444,0.0005456710148625933,275,4.428007873934749,3.9278233828106237,0.5001844911241249,0.012427088433689707
project-plus-gift-size,SCHOOL_STATE x gift_decile=TX | 5,23491,0.13720148141841557,0.1397168602718895,12.176977565876292,20.35558435245416,-8.178606786577866,-0.002225755727635527,3223,4.024683332080915,3.9272374919191537,0.0974458401617615,0.008247628400350216
individual,SCHOOL_STATE=NH,6691,0.15513376176954116,0.13964140155797913,28.41115528321626,20.241159777739846,8.169995505476415,0.001191291710203602,1038,3.9176432876498155,3.928316710439124,-0.010673422789308606,-0.0005145458467809482
project-only,SUBJECT_CATEGORY x CATEGORY=Financial Literacy | Technology,945,0.12804232804232804,0.13969456902857774,12.12462433862434,20.270074537105966,-8.145450198481626,-0.00044695245139977745,121,3.887783258493285,3.9282962080959436,-0.04051294960265839,-0.00066783694000866
project-plus-gift-size,SUBJECT_CATEGORY x gift_decile=Environmental Science | 4,2831,0.1709643235605793,0.1396483581582328,12.134083362769339,20.277194256327782,-8.143110893558443,-0.0007730374956320451,484,3.6837864821746384,3.928673342899744,-0.24488686072510557,-0.008068822436580643
individual,SCHOOL_STATE=TN,55733,0.11910358315540165,0.14023552974201958,12.354515995909066,20.4763809874201,-8.121864991511034,-0.003378721832807769,6638,3.7567626228243856,3.932144056916311,-0.1753814340919253,-0.021180467088147883
project-only,SCHOOL_STATE x CATEGORY=WA | Books,17714,0.089364344586203,0.140106214382886,12.218772157615446,20.333150228837763,-8.114378071222317,-0.0019202077665227573,1583,3.875719559226301,3.928557561290199,-0.05283800206389788,-0.003142780198191488
project-plus-gift-size,SUBJECT_CATEGORY x gift_decile=Applied Sciences | 7,15089,0.1839750811849692,0.13937745570681165,28.323823977732122,20.209738926411088,8.114085051321034,0.0017732532348885667,2776,4.48391354126214,3.9231127070916982,0.560800834170442,0.044083840740675416
project-plus-gift-size,SUBJECT_CATEGORY x gift_decile=Extracurricular | 5,1621,0.13942011104256632,0.1396896661644618,12.163510178901912,20.272600234877824,-8.109090055975912,-0.0005826742913743076,226,4.026034150647856,3.928206553608979,0.09782759703887711,0.0022035543761373395
individual,SCHOOL_STATE=VT,2646,0.14247921390778534,0.13968603682772412,12.168934240362812,20.27645210752514,-8.10751786716233,-0.0007441179138285174,377,3.768845700079856,3.928479691725619,-0.15963399164576275,-0.004642963532871166
project-plus-gift-size,SUBJECT_CATEGORY x gift_decile=Music | 7,9731,0.18610625834960437,0.13947909064191708,28.306516288151272,20.230066179083607,8.076450109067665,0.001419197370980727,1811,4.4630749066464865,3.9250458339671455,0.5380290726793411,0.03421581352285606
project-plus-gift-size,SCHOOL_STATE x gift_decile=CO | 5,6723,0.14160345084039863,0.13968347874781228,12.232945113788487,20.291625632947156,-8.058680519158669,-0.0011778583084043808,952,4.00584501526112,3.9280340662666,0.07781094899452023,0.003592882906558738
project-plus-gift-size,CATEGORY x gift_decile=Books | 7,47114,0.1901982425605977,0.13856148117952097,28.127361293882924,20.09095379372129,8.036407500161634,0.003080110995961878,8961,4.453585067429718,3.912176778515958,0.5414082889137601,0.07566893589481184
project-only,SCHOOL_STATE x CATEGORY=NY | Trips,6462,0.14593005261528938,0.13967070978206986,28.255722686474776,20.242496942318404,8.013225744156372,0.0011483248629772943,943,4.219512309204646,3.927365524063515,0.292146785141131,0.013426021629524035
project-only,SUBJECT_CATEGORY x CATEGORY=Music | Books,2516,0.17925278219395865,0.1396432570135192,28.265095389507152,20.257163922965944,8.007931466541208,0.0007167169835705521,451,3.8471949613382166,3.9284014991263487,-0.08120653778813214,-0.0025830040148908653
project-only,SCHOOL_STATE x CATEGORY=SC | Other,5284,0.17789553368660105,0.13959563095514757,28.160194928084785,20.247118996049267,7.913075932035518,0.0010256981620672808,940,3.90414681578147,3.928355468806717,-0.024208653025246996,-0.001110777582326496
project-plus-gift-size,SUBJECT_CATEGORY x gift_decile=Literacy | 7,73645,0.1889605540090977,0.13794758775098542,27.898654491139926,19.996687009364233,7.901967481775692,0.003762600949536221,13916,4.435560607286075,3.903714167735871,0.5318464395502045,0.09184290493134671
project-only,SUBJECT_CATEGORY x GRADE_LEVEL=Other | Grades 3-5,11574,0.1500777604976672,0.139633415842738,28.047812337998963,20.22452329142601,7.8232890465729525,0.0014986084818352943,1737,4.0106202887824525,3.9278024593017657,0.08281782948068672,0.0051586885221352255
project-plus-gift-size,SCHOOL_STATE x gift_decile=VA | 5,8710,0.15246842709529276,0.13963764749259103,12.479324913892079,20.29808101117559,-7.8187560972835115,-0.001300150199506535,1328,3.996146496396437,3.927979466584752,0.06816702981168499,0.003715226152084546
project-plus-gift-size,SCHOOL_STATE x gift_decile=AK | 7,644,0.18322981366459629,0.13967645885703156,28.069642857142856,20.264174932982087,7.805467924160769,0.00035359207266955154,118,4.602573942705805,3.928015738316935,0.6745582043888705,0.010981116122642671
gift-size decile,first_gift_decile=7,272518,0.1802339661967283,0.13382558513500747,27.050265376965925,19.28538262113735,7.764882755828573,0.006764345307505121,49117,4.451702628027377,3.826326231554285,0.6253763964730918,0.19005707834691662
gift-size decile,first_gift_decile!=7,1884266,0.13382558513500747,0.1802339661967283,19.28538262113735,27.05026537696592,-7.76488275582857,-0.0067643453075051175,252163,3.826326231554285,4.451702628027379,-0.6253763964730936,-0.19005707834691715
project-only,SUBJECT_CATEGORY x GRADE_LEVEL=Music | Grades PreK-2,13831,0.1579784541970935,0.13957142317167012,27.95366567854819,20.216891289729638,7.736774388818553,0.0016192548659639155,2185,3.8973038694512687,3.928506228969033,-0.0312023595177644,-0.002178229818941115
project-plus-gift-size,SCHOOL_STATE x gift_decile=LA | 5,6787,0.14159422425224694,0.13968345072109403,12.56348754972742,20.290822080216852,-7.727334530489433,-0.0011347749235301751,961,4.0783082294414585,3.927799857151065,0.1505083722903935,0.006982319583639331
project-plus-gift-size,GRADE_LEVEL x gift_decile=Grades PreK-2 | 7,96682,0.1864773173910345,0.13749367749752198,27.643063134813097,19.92031868324966,7.722744451563436,0.004189970867641117,18029,4.435847704199836,3.8959731165970295,0.5398745876028066,0.1053538463729016
project-plus-gift-size,SCHOOL_STATE x gift_decile=AZ | 4,1075,0.16651162790697674,0.13967608800631254,12.569776744186047,20.270343761611606,-7.700567017425559,-0.00045065497405765256,179,3.817535244112499,3.928345773343654,-0.1108105292311552,-0.0022215168356095566
project-plus-gift-size,SCHOOL_STATE x gift_decile=IL | 5,23950,0.15661795407098122,0.13949937032136583,12.656625052192066,20.35195838963557,-7.695333337443504,-0.0021143695118596485,3751,3.975867065024214,3.9276799980752735,0.04818706694894059,0.004395969202859026
project-plus-gift-size,SCHOOL_STATE x gift_decile=NY | 5,33430,0.14609632067005685,0.13958859427113895,12.69882590487586,20.385650833539763,-7.686824928663903,-0.0024897087465074155,4884,4.026247230902676,3.926665636623015,0.09958159427966118,0.010346394581601925
project-plus-gift-size,SCHOOL_STATE x gift_decile=TX | 7,16043,0.16923268715327558,0.13946806269417925,27.883390263666396,20.209423634152845,7.673966629513551,0.0017288882630194867,2715,4.52173517665311,3.9228833537207333,0.5988518229323772,0.04655964987678585
project-plus-gift-size,SUBJECT_CATEGORY x gift_decile=Health & Life Science | 7,8441,0.18481222603956876,0.13951217286997467,27.89789835327568,20.236521277095882,7.661377076179797,0.001254231670980626,1560,4.459535054026667,3.9255148299211338,0.5340202241055336,0.03153289402133413
project-only,SCHOOL_STATE x CATEGORY=OK | Technology,8506,0.16118034328709147,0.13960437150126753,27.782803903127203,20.2367451791621,7.546058723965103,0.0012400816318462887,1371,3.967586212046741,3.928100253115204,0.039485958931536835,0.0021864629956418417
project-only,SUBJECT_CATEGORY x CATEGORY=Foreign Languages | Technology,7339,0.12849162011173185,0.13972769714972935,12.754080937457418,20.292155784400155,-7.538074846942736,-0.0011509705782738987,943,3.786947523475078,3.9287236936961043,-0.1417761702210263,-0.006515525840953675
project-plus-gift-size,SCHOOL_STATE x gift_decile=WA | 4,1413,0.1408351026185421,0.13968871252327325,12.73496815286624,20.271443050871518,-7.536474898005277,-0.0005056179925134827,199,3.7993797420653306,3.928365134098707,-0.12898539203337656,-0.0027264322263175133
project-plus-gift-size,GRADE_LEVEL x gift_decile=Grades 6-8 | 5,69105,0.14705158816294045,0.13944576728510466,12.987544461326966,20.507449052272882,-7.519904590945917,-0.003472330795111408,10162,4.014488233008067,3.9252706809074533,0.08921755210061377,0.013251358189109361
project-only,SUBJECT_CATEGORY x GRADE_LEVEL=Health & Wellness | Grades 9-12,4015,0.12029887920298879,0.13972562778449524,12.839516811955168,20.28035721900492,-7.440840407049752,-0.0008409799553220894,483,3.967593987259163,3.9282168093843945,0.03937717787476824,0.0012961070366291911
project-only,SUBJECT_CATEGORY x CATEGORY=Economics | Technology,1322,0.13767019667170954,0.13969070203974832,27.661376701966713,20.261970125198214,7.399406576768499,0.0004801809966866636,182,3.75577663401329,3.928384207669441,-0.1726075736561512,-0.0034892769575742932
project-plus-gift-size,SCHOOL_STATE x gift_decile=AZ | 5,7697,0.14862933610497597,0.13965744523139362,12.896519423151876,20.292901348340013,-7.3963819251881375,-0.0011564563228572877,1144,4.00726851644052,3.9279788639997735,0.07928965244074693,0.004012125754247015
project-only,SCHOOL_STATE x CATEGORY=MT | Technology,1616,0.16274752475247525,0.13967217404861246,27.64737004950495,20.260971228229074,7.3863988212758755,0.0005299271383763023,263,4.095140580936413,3.928134150348511,0.16700643058790243,0.004057817821427456
project-only,SUBJECT_CATEGORY x CATEGORY=Special Needs | Trips,1460,0.14315068493150684,0.13968711896680036,27.614664383561642,20.26152800228643,7.353136381275213,0.0005014498386464078,209,4.020636526976037,3.9282158244205054,0.09242070255553125,0.002001994299495164
project-only,SCHOOL_STATE x CATEGORY=OH | Other,3905,0.1357234314980794,0.13969665735974943,27.60281690140845,20.253198619151377,7.349618282257072,0.0008192326981504717,530,3.906667344065012,3.9283180243254843,-0.02165068026047212,-0.0007464457755511384
project-plus-gift-size,SUBJECT_CATEGORY x gift_decile=Mathematics | 5,60407,0.14576125283493635,0.13951450526312778,13.1267108116609,20.472238423718633,-7.345527612057733,-0.003177777510483375,8805,4.01743762769196,3.9255958327939693,0.0918417948979906,0.01272727368059708
project-plus-gift-size,SCHOOL_STATE x gift_decile=DE | 5,986,0.14908722109533468,0.1396851653076958,12.958904665314401,20.269847875357524,-7.310943210043122,-0.0004097680232727477,147,4.041160119158431,3.928224834112261,0.11293528504617001,0.002051887096928352
project-only,SCHOOL_STATE x CATEGORY=OK | Supplies,12648,0.16524351676154334,0.13953872328994057,27.503587128399747,20.22381491659111,7.279772211808638,0.001457394235816173,2090,4.036668540007633,3.927522785720204,0.10914575428742879,0.007453143650885518
project-plus-gift-size,SCHOOL_STATE x gift_decile=KY | 7,1937,0.19359834796076406,0.13964100467457782,27.52076406814662,20.259984708891164,7.260779359255455,0.0005702672540712951,375,4.322812197403547,3.9277882552108396,0.3950239421927071,0.011458815323214945
project-plus-gift-size,SCHOOL_STATE x gift_decile=MI | 4,1747,0.14653692043503147,0.13968391261959773,13.016565540927303,20.27238281755719,-7.255817276629887,-0.000541230571516787,256,3.7204054256688948,3.9284567201262113,-0.20805129445731652,-0.0049874313567010685
project-plus-gift-size,SUBJECT_CATEGORY x gift_decile=Social Sciences | 5,4108,0.15262901655306718,0.13966477073187047,13.04475170399221,20.280287024150404,-7.235535320158194,-0.0008271749698582282,627,3.9994260999852767,3.928131564772522,0.07129453521275453,0.0026730602560357656
project-plus-gift-size,SCHOOL_STATE x gift_decile=IA | 5,2006,0.14755732801595214,0.13968213894888476,13.055967098703888,20.273218271209373,-7.217251172505485,-0.0005768471017937072,296,4.001406469235363,3.928208021666767,0.07319844756859561,0.0018867110633345148
project-plus-gift-size,SCHOOL_STATE x gift_decile=MI | 7,6415,0.17661730319563523,0.13957930011081818,27.455102104442712,20.245060503569388,7.210041600873325,0.001029472525485772,1133,4.504566105154161,3.9261045624680717,0.5784615426860888,0.02913012949198207
project-only,SUBJECT_CATEGORY x CATEGORY=History & Geography | Supplies,10401,0.1448899144313047,0.13966426308818136,27.42264013075666,20.23182820121106,7.1908119295456,0.0013061445808707202,1507,3.9939921734798314,3.9279495928679693,0.06604258061186208,0.003833212392949119
project-plus-gift-size,SUBJECT_CATEGORY x gift_decile=Literature & Writing | 5,49337,0.15229949125402842,0.13939425285665547,13.246083264081724,20.43085922445499,-7.184775960373267,-0.002816437346593528,7514,4.006517790575629,3.9262787553013574,0.08023903527427123,0.010294565568905813
project-plus-gift-size,SCHOOL_STATE x gift_decile=IN | 4,1442,0.21151178918169208,0.1396414118965807,13.101366158113732,20.271299320479066,-7.169933162365334,-0.0004859347953706145,305,3.6926823415862637,3.9285186855853813,-0.23583634399911757,-0.006170378857600058
project-plus-gift-size,SCHOOL_STATE x gift_decile=CA | 5,65908,0.1565515567154215,0.13915794145611696,13.32094191903866,20.485441676120438,-7.164499757081778,-0.003233264561109647,10318,4.017269330032641,3.9251242243350237,0.09214510569761725,0.013787138435332177
project-plus-gift-size,SCHOOL_STATE x gift_decile=MA | 5,11407,0.14420969580082404,0.13966542943268245,13.191004646269835,20.304126127948606,-7.113121481678771,-0.0013527574092996768,1645,3.999244671361431,3.9278903399931733,0.07135433136825764,0.004325990168566298
project-plus-gift-size,GRADE_LEVEL x gift_decile=Grades 3-5 | 5,124335,0.15348051634696586,0.13884579637668645,13.56413182128926,20.676523081267966,-7.112391259978706,-0.004346546516672406,19083,4.016314339772427,3.9223267893080607,0.09398755046436591,0.018834574693824907
project-plus-gift-size,SCHOOL_STATE x gift_decile=IL | 7,15650,0.18945686900958467,0.1393257031087265,27.292611501597445,20.215150298860323,7.077461202737123,0.0015749934670258856,2965,4.406119326674392,3.9235306159752423,0.48258871069914955,0.03919340705276295
project-plus-gift-size,SUBJECT_CATEGORY x gift_decile=Character Education | 7,2718,0.18579838116261957,0.13963128334972094,27.328289183222957,20.257595031907098,7.070694151315859,0.0006577160584490152,505,4.504725565446993,3.9273120874331084,0.5774134780138844,0.01943298158565395
project-only,SCHOOL_STATE x CATEGORY=ME | Technology,3598,0.14508060033351863,0.1396804549165748,13.218204558087827,20.278283385643412,-7.060078827555586,-0.0007554453768682139,522,3.7933797238245304,3.9285140720858878,-0.1351343482613574,-0.004623762968029498
project-only,SCHOOL_STATE x CATEGORY=FL | Other,13595,0.11739610150790732,0.13983087819133078,13.254282456785583,20.310986581211456,-7.056704124425872,-0.001464346706726206,1596,3.794416621684489,3.928992841059367,-0.1345762193748783,-0.008037158088167141
project-only,SUBJECT_CATEGORY x GRADE_LEVEL=Other | Grades 6-8,3888,0.20113168724279834,0.13957850263087487,27.252538580246913,20.253889235708552,6.998649344538361,0.000778414742536531,782,3.9776093699913906,3.9281515650051273,0.04945780498626329,0.002070355729782789
project-plus-gift-size,SCHOOL_STATE x gift_decile=CT | 5,5314,0.15995483628152052,0.1396394093340832,13.299648099360182,20.283713302997484,-6.984065203637302,-0.0009078390761991603,850,4.028595103285019,3.927996117799326,0.1005989854856928,0.004389961162550192
project-only,SCHOOL_STATE x CATEGORY=MT | Supplies,1219,0.20426579163248565,0.13965294481957166,27.195447087776866,20.262587182478836,6.932859905298031,0.0004320330820634543,249,4.157678813795876,3.9280901883314634,0.2295886254644124,0.005428022228845705
project-plus-gift-size,SUBJECT_CATEGORY x gift_decile=Literacy | 5,111345,0.15801338183124522,0.13869198739243752,13.694556648255421,20.62425453900116,-6.929697890745739,-0.0040203613742489045,17594,4.017157906687318,3.922767790084767,0.09439011660255137,0.018210158825222547
project-plus-gift-size,GRADE_LEVEL x gift_decile=Grades 6-8 | 7,48134,0.1750114264345369,0.1388831716975316,27.017514646611545,20.11240079671828,6.905113849893265,0.0026743684178507877,8424,4.493906822792664,3.912009685418904,0.58189713737376,0.0789256974344512
individual,SCHOOL_STATE=FL,126516,0.12436371684213854,0.14064448634367482,13.790146621771159,20.670079418086676,-6.879932796315517,-0.004238925380661168,15734,3.7723399509057045,3.936872457399836,-0.16453250649413143,-0.03011586159137509
project-only,SCHOOL_STATE x CATEGORY=TX | Supplies,39773,0.1458778568375531,0.13957320013925295,26.984974983028685,20.14028343735578,6.844691545672905,0.0024145254003038346,5802,3.971397978216435,3.927433272320214,0.043964705896220924,0.004970974957092508
individual,SCHOOL_STATE=UT,19912,0.14348131779831258,0.13965412996192567,27.042681799919645,20.2033631916184,6.8393186083012445,0.0017150693914916775,2857,3.7985814650583465,3.9295216262237567,-0.13094016116541018,-0.010440711674305415
project-only,SUBJECT_CATEGORY x CATEGORY=Literature & Writing | Trips,2119,0.13308164228409627,0.13969596201729736,13.47609721566777,20.273183599306616,-6.797086383638847,-0.0005583420165720708,282,3.930667393058414,3.9282777005275835,0.002389692530830434,6.012212893516598e-05
individual,SCHOOL_STATE=SC,45106,0.17279297654414047,0.1389823637884185,26.92085310158294,20.124366967880515,6.796486133702423,0.002549984878966492,7794,3.967758279969469,3.927231525436177,0.04052675453329169,0.005292997472461826
individual,SCHOOL_STATE=OK,31997,0.16223395943369692,0.13934996778500622,26.946854080070008,20.165906747358672,6.780947332711335,0.002149437723626537,5191,4.008530047102256,3.92687300113728,0.0816570459649757,0.008742110289373146
project-only,SUBJECT_CATEGORY x GRADE_LEVEL=Foreign Languages | Grades 9-12,10825,0.11491916859122402,0.1398144139752903,13.532404618937644,20.30047485063787,-6.768070231700225,-0.0012540408502098273,1244,3.8529800740312123,3.9285921432633053,-0.07561206923209296,-0.003989091171543995
project-only,SCHOOL_STATE x CATEGORY=VT | Technology,883,0.13590033975084936,0.13969101549653717,13.534496036240089,20.269262841846633,-6.734766805606544,-0.0003572230596600393,120,3.8588996027336315,3.9283075825339213,-0.06940797980028979,-0.0011394220944181887
project-plus-gift-size,SUBJECT_CATEGORY x gift_decile=Environmental Science | 7,10602,0.17826825127334464,0.13949888686048062,26.967464629315224,20.233403285462273,6.73406134385295,0.0012348846913100512,1890,4.443616057042148,3.925026704834611,0.5185893522075373,0.03368674957716646
project-plus-gift-size,SUBJECT_CATEGORY x gift_decile=Music | 4,2701,0.17326915957052944,0.1396473580637329,13.551514253980008,20.27492550194212,-6.7234112479621135,-0.000623455340727809,468,3.6369155182995767,3.928733238852438,-0.29181772055286137,-0.00945514364725826
project-plus-gift-size,SCHOOL_STATE x gift_decile=ID | 5,1337,0.14884068810770382,0.1396837871680445,13.553089005235602,20.270669847136116,-6.717580841900514,-0.0004383988880939752,199,3.9469063968110194,3.9282676261048635,0.018638770706155938,0.0003939775218813676
project-plus-gift-size,SCHOOL_STATE x gift_decile=NM | 5,1656,0.14794685990338163,0.1396831185897079,13.580265700483091,20.27164329450501,-6.691377594021921,-0.00048596434139612326,245,4.006824518527105,3.928216013092181,0.0786085054349237,0.0018435165583608679
project-plus-gift-size,GRADE_LEVEL x gift_decile=Grades PreK-2 | 5,149146,0.15883764901505906,0.1382669584855437,14.041290547517198,20.728972389444706,-6.687681841927509,-0.004448834779228426,23690,4.0183423169244055,3.9205938615234874,0.09774845540091803,0.021646132258249882
project-only,SUBJECT_CATEGORY x CATEGORY=Foreign Languages | Trips,1526,0.09436435124508519,0.13972155537759284,13.584823066841414,20.271236459857704,-6.68641339301629,-0.00046616781725393436,144,4.128869662724259,3.92818401744332,0.20068564528093935,0.0036088169949018835
project-only,SCHOOL_STATE x CATEGORY=WA | Other,7487,0.08908775210364632,0.13986573284194787,13.608938159476425,20.289696989294637,-6.6807588298182115,-0.00103026771710967,667,4.0509735333920105,3.928007704794774,0.12296582859723637,0.004754854169794085
project-plus-gift-size,SUBJECT_CATEGORY x gift_decile=Gym & Fitness | 5,3667,0.15107717480229071,0.13967006902086604,13.610709026452142,20.277841157726215,-6.667132131274073,-0.0007201956545587991,554,4.047580745025215,3.9280601603303333,0.11952058469488147,0.004212782576950323
project-plus-gift-size,SCHOOL_STATE x gift_decile=CA | 7,49689,0.1818712391072471,0.1386947432365413,26.750505141983137,20.11360149400003,6.636903647983107,0.002610717400887219,9037,4.449113834067158,3.9121742446860286,0.5369395893811295,0.07535214013614314
project-plus-gift-size,SUBJECT_CATEGORY x gift_decile=Performing Arts | 5,6854,0.15830172162241027,0.13963012749252302,13.658964108549752,20.28757050229542,-6.6286063937456685,-0.0009782021338958706,1085,4.036196553815392,3.9278898923944574,0.1083066614209347,0.005337743870153724
project-plus-gift-size,SUBJECT_CATEGORY x gift_decile=Music | 5,14442,0.15780362830632877,0.13956735199141873,13.728639385126714,20.310578787140425,-6.581939402013711,-0.0014074536946340184,2279,4.016163035990759,3.927610088090746,0.08855294790001356,0.006312443030440529
project-plus-gift-size,SCHOOL_STATE x gift_decile=LA | 7,4754,0.17101388304585613,0.13962026551674467,26.82035969709718,20.2520276204328,6.568332076664383,0.000807664538750609,813,4.535476127601064,3.9266369931356997,0.6088391344653643,0.02598556645970512
project-plus-gift-size,CATEGORY x gift_decile=Books | 5,71768,0.15856649202987405,0.139039700414769,13.943132593913722,20.48416139252648,-6.541028798612759,-0.003076014253631116,11380,4.03447857302787,3.924111118824376,0.11036745420349359,0.017311002897204893
project-plus-gift-size,SCHOOL_STATE x gift_decile=WI | 5,4876,0.16099261689909763,0.13964119283909907,13.763904840032815,20.28123980672036,-6.517334966687546,-0.0008115885395062716,785,3.987054598338414,3.92812639694021,0.058928201398204205,0.0024715113235158842
project-plus-gift-size,CATEGORY x gift_decile=Supplies | 5,135716,0.15644433965044652,0.13856436300015634,14.174105411300067,20.675614130746713,-6.501508719446646,-0.004139446770042737,21232,4.037451604044437,3.9200030246642448,0.11744857938019182,0.024731213343735712
individual,SUBJECT_CATEGORY=Other,31813,0.15518813063841827,0.1394574325955507,26.656451765001727,20.170841526778478,6.485610238223249,0.002049990396653629,4937,4.0177084861600925,3.9267900801168634,0.0909184060432291,0.009496567920541555
project-only,SCHOOL_STATE x CATEGORY=FL | Trips,1308,0.11467889908256881,0.13970464064550012,13.790993883792048,20.270435101109918,-6.47944121731787,-0.0004182492650645384,150,3.9268524640325406,3.9282806483533323,-0.0014281843207917255,-2.6211559927201468e-05
project-plus-gift-size,SCHOOL_STATE x gift_decile=HI | 5,1788,0.15268456375838926,0.139678681538156,13.798780760626398,20.27187185962294,-6.473091098996543,-0.0004884733504930612,273,4.037404094724846,3.9281809665236493,0.10922312820119684,0.0027037728162467643
project-plus-gift-size,SCHOOL_STATE x gift_decile=WA | 7,5438,0.1875689591761677,0.13956843761998303,26.711079440970945,20.250215511591346,6.460863929379599,0.0008495471599750614,1020,4.474629545708193,3.926423957142548,0.5482055885656445,0.02619861000178518
project-plus-gift-size,SUBJECT_CATEGORY x gift_decile=Character Education | 5,3970,0.1491183879093199,0.13967207571113902,13.827453400503778,20.278379832163854,-6.450926431660076,-0.000725007937778148,592,4.022578406998379,3.9280942807538075,0.0944841262445717,0.0034424189052028407
project-plus-gift-size,SCHOOL_STATE x gift_decile=NJ | 5,7180,0.14944289693593316,0.1396568856403319,13.877378830083567,20.287846231212818,-6.410467401129251,-0.000968173772173156,1073,4.033499313752525,3.9279038621504077,0.10559545160211758,0.0051753704944587425
project-plus-gift-size,SCHOOL_STATE x gift_decile=KY | 5,2907,0.15376676986584106,0.1396704640051405,13.878627450980392,20.27512704764478,-6.396499596664388,-0.0006153150059918371,447,4.019191332101959,3.928144854396939,0.0910464777050195,0.002883139215354707
project-only,SCHOOL_STATE x CATEGORY=PA | Trips,1307,0.17214996174445293,0.13966978074922629,26.636511094108645,20.262643057661943,6.3738680364467015,0.00041127728364377994,225,4.30422961076994,3.9279989631323864,0.37623064763755343,0.008455792494265098
project-only,SCHOOL_STATE x CATEGORY=ME | Other,1323,0.14890400604686319,0.13968380777940312,26.618715041572184,20.2626066674368,6.356108374135385,0.0004126325319240034,197,4.000569951610838,3.928232637604171,0.07233731400666654,0.001521334011119988
project-plus-gift-size,SCHOOL_STATE x gift_decile=GA | 7,7346,0.18309283964062076,0.1395411265642461,26.588420909338417,20.24489957374904,6.343521335589376,0.0009690372966567849,1345,4.438640503990463,3.925991324888315,0.5126491791021479,0.028117774750461535
project-plus-gift-size,SUBJECT_CATEGORY x gift_decile=ESL | 7,3380,0.19467455621301774,0.13960315853411623,26.59805325443787,20.256567541436716,6.341485713001152,0.0006577097662601424,658,4.451672984506506,3.9271343370892304,0.5245386474172755,0.020145905112978226
project-plus-gift-size,SCHOOL_STATE x gift_decile=GA | 5,11231,0.1465586323568694,0.1396535065784905,14.006615617487311,20.299273282925192,-6.292657665437881,-0.0011875040718266944,1646,4.0505415910259845,3.9276083089683254,0.12293328205765919,0.007455313376710539
project-plus-gift-size,SCHOOL_STATE x gift_decile=OR | 5,6235,0.15573376102646352,0.13964294698702517,14.020835605453088,20.28461340801814,-6.26377780256505,-0.000881762059406217,971,4.049169347590256,3.9278890611727713,0.1212802864174849,0.005655486475494665
project-only,SUBJECT_CATEGORY x GRADE_LEVEL=Other | Grades PreK-2,12900,0.15364341085271319,0.13960550104389977,26.46955968992248,20.229181089088772,6.240378600833708,0.0012616201017774445,1982,4.032964422766306,3.9275866996181765,0.10537772314812965,0.007008716746143881
project-plus-gift-size,SCHOOL_STATE x gift_decile=WI | 7,2863,0.18197694725812086,0.1396332548872498,26.472273838630805,20.25825685807418,6.214016980556625,0.0005932259758813826,521,4.502138301547751,3.9272858516391445,0.5748524499086063,0.019650360836741293
project-only,SCHOOL_STATE x CATEGORY=WA | Technology,18519,0.0938495599114423,0.1400864719761115,14.109904962470976,20.319826429371474,-6.209921466900498,-0.0015022693336905293,1738,3.951842483612134,3.928143222892703,0.02369926071943107,0.001476639605936889
project-plus-gift-size,SUBJECT_CATEGORY x gift_decile=Early Development | 5,8033,0.16382422507157973,0.13959923695207122,14.088196190713306,20.289602894891033,-6.201406704177726,-0.0009904768018763935,1316,4.025363848570782,3.9278540114264535,0.09750983714432859,0.005290502320749965
project-only,SCHOOL_STATE x CATEGORY=MD | Other,4146,0.14158224794983115,0.13968581805208308,14.1070164013507,20.278368820024546,-6.171352418673846,-0.0007087656514351739,587,3.918501677421261,3.9282990259952766,-0.009797348574015707,-0.00035544731242636294
project-plus-gift-size,SCHOOL_STATE x gift_decile=DC | 5,4593,0.1495754408883083,0.13966836586529727,14.13010886131069,20.279601299327055,-6.149492438016365,-0.0007432759222753941,687,4.049958850264395,3.928001842285456,0.12195700797893894,0.004785865909810243
project-plus-gift-size,SUBJECT_CATEGORY x gift_decile=Health & Life Science | 5,11984,0.16113150867823764,0.13956965684446102,14.177036882510013,20.300530296531143,-6.12349341402113,-0.0011934815791182019,1931,4.02105489087019,3.9276814771854043,0.09337341368478613,0.006130406101275989
individual,OPTIONAL_SUBJECT_CATEGORY=Community Service,9793,0.13928316144184621,0.13969131682433694,26.350784233636272,20.238753567201723,6.112030666434549,0.0010774091966139444,1364,3.9309285624346133,3.9282678915065654,0.0026606709280478924,0.0001469549205965829
project-plus-gift-size,SCHOOL_STATE x gift_decile=CT | 7,4135,0.17218863361547762,0.13962703627019546,26.34287545344619,20.25483355623699,6.088041897209202,0.0006982712559421511,712,4.443999869264151,3.927058275003753,0.5169415942603983,0.020650891780054453
project-plus-gift-size,SCHOOL_STATE x gift_decile=MT | 3,956,0.14853556485355648,0.13968554077598028,14.189414225941423,20.269200469610748,-6.079786243669325,-0.0003355416803960091,142,3.6271726151131904,3.9284219228290613,-0.3012493077158709,-0.005379463634095318
project-plus-gift-size,SCHOOL_STATE x gift_decile=AR | 5,2268,0.15784832451499117,0.13967034823598432,14.208086419753085,20.272883120849414,-6.064796701096329,-0.0005153885890285155,358,4.060790342373044,3.928122292705998,0.13266804966704537,0.0037602852674195842
project-only,SUBJECT_CATEGORY x GRADE_LEVEL=Applied Sciences | Grades 3-5,31119,0.1514508820977538,0.1395172804745809,26.214711590989427,20.17942591142066,6.035285679568769,0.0018870361666977404,4713,3.994211114595508,3.927232168532424,0.06697894606308408,0.0068380836109201495
project-plus-gift-size,CATEGORY x gift_decile=Other | 5,39723,0.153714472723611,0.13942630845308662,14.365546660624826,20.37722691032521,-6.011680249700383,-0.0021193649304999205,6106,4.030185456303068,3.9261719091520844,0.10401354715098332,0.012058500977400027
project-plus-gift-size,SUBJECT_CATEGORY x gift_decile=Special Needs | 7,19203,0.1698692912565745,0.13941834250959378,26.21899755246576,20.213031262908867,6.005966289556891,0.001479281704429967,3262,4.442882184592629,3.9226472824530827,0.5202349021395465,0.044294385079814
project-plus-gift-size,SCHOOL_STATE x gift_decile=OH | 5,7122,0.15094074698118506,0.13965218718105452,14.29934849761303,20.28627525164421,-5.986926754031179,-0.0009005590267939142,1075,4.026000760841307,3.9279300101275445,0.09807075071376259,0.0048110365674909495
project-plus-gift-size,SCHOOL_STATE x gift_decile=MN | 7,3107,0.176054071451561,0.13963700220599468,26.206559382040552,20.2579361761304,5.9486232059101525,0.0005915610036967655,547,4.485624156540097,3.927266189924672,0.558357966615425,0.01955612879679546
project-only,SCHOOL_STATE x CATEGORY=FL | Books,20821,0.13006099610969693,0.13978332021668916,14.38529033187647,20.323834663802693,-5.938544331926222,-0.001522473780668771,2708,3.76675234774013,3.929744966542622,-0.16299261880249194,-0.012656183752448886
project-only,SCHOOL_STATE x CATEGORY=TN | Supplies,16494,0.1251970413483691,0.13980114844250077,14.39010488662544,20.311791673091026,-5.921686786465585,-0.0013525922773107947,2065,3.807010640931861,3.9291168642438365,-0.12210622331197563,-0.008288491052802783
project-plus-gift-size,SCHOOL_STATE x gift_decile=NH | 5,1420,0.1619718309859155,0.13967478347044862,14.361443661971832,20.27039597023983,-5.908952308267997,-0.00039740848354781613,230,4.079331076863194,3.928164535328236,0.15116654153495768,0.0034349852484548108
project-plus-gift-size,SCHOOL_STATE x gift_decile=MT | 5,913,0.16100766703176342,0.13968043542493963,14.369769989047098,20.26900282530819,-5.89923283626109,-0.0003181738449508757,147,4.145310127304826,3.9281739926196404,0.21713613468518522,0.003945080874018107
project-plus-gift-size,SUBJECT_CATEGORY x gift_decile=Literature & Writing | 7,32811,0.17646520983816402,0.1391213541791727,26.065711499192346,20.17691982431038,5.888791674881965,0.0018898728436158249,5790,4.451040530556587,3.91803666735362,0.5330038632029668,0.06020422886500093
project-only,SCHOOL_STATE x CATEGORY=KS | Books,1703,0.13975337639459776,0.1396894130661446,14.420369935408104,20.27112535445303,-5.850755419044926,-0.0004308967624562099,238,3.746971475355295,3.9284232774732737,-0.18145180211797873,-0.0041942013433747625
project-plus-gift-size,SCHOOL_STATE x gift_decile=MO | 5,7051,0.15458800170188625,0.1396405972276557,14.435709828393136,20.285630261990672,-5.849920433597536,-0.0008755677215825084,1090,4.0469790893931314,3.927848936676123,0.11913015271700855,0.005884628127169418
project-only,SUBJECT_CATEGORY x CATEGORY=Civics & Government | Trips,2381,0.13229735405291895,0.13969763317262368,14.453338933221335,20.272930176016278,-5.819591242794942,-0.0005067080646349885,315,3.8749658329458034,3.9283357376135632,-0.053369904667759815,-0.0014190433602502901
project-plus-gift-size,SUBJECT_CATEGORY x gift_decile=Environmental Science | 5,14938,0.15443834515999463,0.1395865995967964,14.502451466059712,20.306706163748466,-5.804254697688753,-0.001262144195618515,2307,4.019477258336019,3.9275762208402183,0.09190103749580114,0.0065909218412308025
project-plus-gift-size,SUBJECT_CATEGORY x gift_decile=Community Service | 5,889,0.15073115860517436,0.1396849104432266,14.471316085489313,20.268895280150467,-5.797579194661154,-0.0003085556742822598,134,4.134175274298242,3.9281883206866035,0.20598695361163832,0.003573276546183564
project-only,SCHOOL_STATE x CATEGORY=WI | Technology,7635,0.15376555337262607,0.1396394572921654,14.50075180091683,20.286988826740256,-5.786237025823425,-0.0009010650984954847,1174,3.6895831028678647,3.9292137076415568,-0.23963060477369202,-0.012282863818438692
project-only,SUBJECT_CATEGORY x GRADE_LEVEL=Extracurricular | Grades 9-12,3472,0.12355990783410138,0.13971547086534603,14.491768433179724,20.27581677434575,-5.7840483411660255,-0.0006079913731394823,429,3.9200194920074853,3.9282917163186184,-0.008272224311133058,-0.00025663308429291784
project-only,SUBJECT_CATEGORY x CATEGORY=Social Sciences | Technology,9822,0.1340867440439829,0.1397150950971652,14.516373447363064,20.29281150295161,-5.776438055588548,-0.0010197516783046715,1317,3.7753383809541954,3.9289514335452282,-0.15361305259103286,-0.00833759540697885
project-only,SUBJECT_CATEGORY x CATEGORY=Health & Life Science | Books,4958,0.15449778136345302,0.13965534388003492,26.000978217022993,20.25329284988656,5.747685367136434,0.000721725396107393,766,3.9993766993971347,3.9280987140582657,0.07127798533886898,0.0029531677748352173
project-only,SUBJECT_CATEGORY x CATEGORY=History & Geography | Trips,5942,0.11679569168630091,0.13975271079884063,14.544523729384045,20.28231335914028,-5.737789629756234,-0.0007885647574829881,694,4.033773485222564,3.928036371319687,0.10573711390287732,0.004170398227359471
project-only,SCHOOL_STATE x CATEGORY=AL | Supplies,5287,0.15661055418952147,0.13964788238143022,25.97989218838661,20.25246574826737,5.727426440119242,0.000742603021897361,828,4.03294627448396,3.9279914927940944,0.1049547816898655,0.004520546209682725
project-plus-gift-size,SCHOOL_STATE x gift_decile=NC | 4,3355,0.1856929955290611,0.1396177909743019,14.597096870342773,20.275338416079656,-5.678241545736883,-0.0005867425289406685,623,3.785687526486066,3.928575407122545,-0.14288788063647884,-0.005340243292539852
project-only,SCHOOL_STATE x CATEGORY=OK | Books,5720,0.16258741258741258,0.1396285745101029,25.927954545454543,20.251450951715057,5.676503593739486,0.0007654692727162173,930,4.036607029784845,3.9279445146347394,0.1086625151501055,0.004959307198222315
project-plus-gift-size,SUBJECT_CATEGORY x gift_decile=Early Development | 7,5370,0.19478584729981377,0.1395519411884463,25.904096834264433,20.252433975980445,5.651662858283988,0.0007384949830550982,1046,4.4249720852307135,3.926549487090378,0.4984225981403356,0.024120120244091683
individual,SUBJECT_CATEGORY=Foreign Languages,18372,0.12840191595906814,0.13978643965709134,14.687575114304376,20.31443653514851,-5.626861420844133,-0.0013558520238658215,2359,3.8529668772729484,3.9288742866669017,-0.07590740939395335,-0.005504429565725364
project-plus-gift-size,SCHOOL_STATE x gift_decile=MA | 7,7195,0.18012508686587908,0.13955411941538592,25.85760250173732,20.247791340577194,5.609811161160124,0.00084813214038209,1296,4.462168522915421,3.9259734155906503,0.536195107324771,0.028870902415932542
project-plus-gift-size,SCHOOL_STATE x gift_decile=UT | 5,3642,0.13673805601317957,0.13969445582316448,14.673204283360791,20.275966554922988,-5.602762271562197,-0.0006031574090820085,498,4.022624535364946,3.9281237324362235,0.0945008029287222,0.003158363097159779
project-plus-gift-size,SCHOOL_STATE x gift_decile=FL | 6,1506,0.19189907038512616,0.13965298212109992,14.698625498007969,20.27039614379212,-5.5717706457841505,-0.000385904221416247,289,3.7564742170652465,3.9284448985501625,-0.171970681484916,-0.00437991874784033
project-only,SCHOOL_STATE x CATEGORY=RI | Technology,2900,0.1406896551724138,0.1396881169088029,14.719941379310345,20.273973510179747,-5.554032130869402,-0.0005336305766600733,408,3.869906886994875,3.9283590945596467,-0.05845220756477154,-0.0017685113491989625
project-plus-gift-size,SCHOOL_STATE x gift_decile=MO | 7,4394,0.17910787437414658,0.13960899279405684,25.806511151570323,20.2551959356808,5.551315215889524,0.0006563093053210289,787,4.4629954139321635,3.926879501743732,0.5361159121884316,0.022513820998662174
project-plus-gift-size,SUBJECT_CATEGORY x gift_decile=Applied Sciences | 5,20292,0.15109402720283854,0.1395811451669372,14.769946777054997,20.318710872776492,-5.548764095721495,-0.0014045315140341018,3066,4.040632353372005,3.927124818797257,0.11350753457474783,0.009372614299928736
project-only,SUBJECT_CATEGORY x CATEGORY=History & Geography | Technology,18656,0.1281089193825043,0.13979050833252266,14.769033554888509,20.314473174664936,-5.5454396197764275,-0.0013464314967013542,2390,3.851352891436886,3.928895065401016,-0.07754217396412999,-0.0056595067343391805
project-only,SCHOOL_STATE x CATEGORY=CT | Books,4391,0.1751309496697791,0.13961716099243957,25.79769984058301,20.25522164864873,5.542478191934279,0.0006550412677347673,769,3.9545521138838606,3.9282127074638438,0.026339406420016864,0.0010934157004209813
project-only,SUBJECT_CATEGORY x GRADE_LEVEL=College & Career Prep | Grades 3-5,3896,0.1175564681724846,0.13972951681648094,25.79583932238193,20.256499362716497,5.539339959665433,0.0006167375291915119,458,4.008747365714202,3.928157426035153,0.0805899396790486,0.002583177993662861
project-only,SUBJECT_CATEGORY x CATEGORY=Visual Arts | Books,3242,0.19154842689697718,0.13961139369466674,14.736838371375695,20.27483009850748,-5.537991727131784,-0.0005625454876865902,621,3.296205620706684,3.929585463324847,-0.6333798426181629,-0.0236337755961127
project-only,SUBJECT_CATEGORY x GRADE_LEVEL=Applied Sciences | Grades PreK-2,15336,0.16164580073030776,0.13953222305654867,25.764730699008865,20.22712999802003,5.537600700988836,0.0012199825474254245,2479,3.9903929627808967,3.9277646170980356,0.06262834568286113,0.004654641015511754
project-only,SCHOOL_STATE x CATEGORY=IA | Books,1870,0.13636363636363635,0.13969234967149502,14.770106951871657,20.271275275950686,-5.501168324079028,-0.0004245343861968714,255,3.9305499898772225,3.928278014320489,0.00227197555673353,5.435769002857021e-05
project-plus-gift-size,SCHOOL_STATE x gift_decile=TN | 6,719,0.1808066759388039,0.139675751890597,14.77392211404729,20.268337244007018,-5.494415129959728,-0.0002629898600026629,130,3.858606789726932,3.928310013699417,-0.06970322397248507,-0.0011909730693344758
project-plus-gift-size,SCHOOL_STATE x gift_decile=NC | 5,18653,0.174288318232992,0.13938762405109884,14.824064761700532,20.313985303052053,-5.4899205413515215,-0.001332845234235288,3251,4.003291472308425,3.92746168638545,0.07582978592297529,0.006445602852296999
individual,SUBJECT_CATEGORY=Performing Arts,36356,0.14644075255803718,0.1395737087040918,25.621949334360213,20.174683318650757,5.447266015709456,0.0018386563311065434,5324,3.971051661728696,3.927510509877145,0.04354115185155116,0.0047197443698437196
project-plus-gift-size,SCHOOL_STATE x gift_decile=PA | 5,12097,0.15210382739522196,0.13961944097203927,14.858300405059104,20.29701030033753,-5.438709895278425,-0.0010649736399681033,1840,4.063449843406915,3.9274493447648116,0.13600049864210373,0.008717466449895319
project-only,SUBJECT_CATEGORY x CATEGORY=Applied Sciences | Trips,3119,0.11574222507213851,0.13972414465573801,25.69476434754729,20.25864422739841,5.436120120148882,0.0005416365605585014,361,4.102977584224511,3.9280703597989453,0.1749072244255654,0.004978197465508976
individual,SCHOOL_STATE=IN,43091,0.16683298136501823,0.1391360997079519,25.59302568981922,20.15791598874576,5.435109701073461,0.001994089834986829,7189,3.9622375140681187,3.9274498506231343,0.03478766344498441,0.004368037257248651
project-plus-gift-size,SUBJECT_CATEGORY x gift_decile=Visual Arts | 5,17118,0.15831288701951163,0.13954047033508968,14.886947657436616,20.30954374187373,-5.422596084437112,-0.001261621044017225,2710,4.027419953211941,3.9273800831799566,0.100039870031984,0.007770819363745244
project-plus-gift-size,SCHOOL_STATE x gift_decile=CO | 7,4286,0.1731217918805413,0.1396228939585542,25.661544563695756,20.255763122660273,5.405781441035483,0.0006312161602934242,742,4.501981068177693,3.9268635232671283,0.5751175449105643,0.0234527746538072
project-only,SUBJECT_CATEGORY x CATEGORY=Gym & Fitness | Other,3944,0.13057809330628803,0.13970615558982552,25.63404665314402,20.256672260827557,5.377374392316462,0.0006023747642646843,515,3.927553745330123,3.9282811807537406,-0.0007274354236175284,-2.4722801037900224e-05
project-plus-gift-size,SCHOOL_STATE x gift_decile=VA | 4,1362,0.16666666666666666,0.1396724168167533,14.892555066079295,20.269901360383255,-5.37734629430396,-0.0003541970007140671,227,3.85724321618327,3.928333500407471,-0.07109028422420094,-0.0016048358751956054
project-plus-gift-size,SCHOOL_STATE x gift_decile=NV | 5,3594,0.16471897607122982,0.1396476855270552,14.912863105175292,20.27544162846753,-5.362578523292237,-0.0005734902549011159,592,4.0789508880455045,3.9279832935884404,0.1509675944570641,0.0055003281703295695
project-only,SCHOOL_STATE x CATEGORY=NE | Supplies,2201,0.13312130849613812,0.13969617322702352,14.914675147660153,20.271972715834103,-5.35729756817395,-0.0004484970284090074,293,3.818469756136618,3.9283868335499403,-0.10991707741332224,-0.002818764654522118
project-only,SUBJECT_CATEGORY x CATEGORY=Civics & Government | Supplies,1363,0.13132795304475423,0.13969475104863505,25.589471753484958,20.263139562990244,5.326332190494714,0.0003509654748391179,179,4.046242135070271,3.92820981054884,0.11803232452143098,0.0023662985628694847
project-only,SCHOOL_STATE x CATEGORY=NY | Technology,48405,0.15246358847226527,0.13939619015366783,25.47151885135833,20.147006833211673,5.324512018146656,0.0020678614134382093,7380,3.994207775787701,3.9266244509116386,0.06758332487606244,0.008595150650326304
project-only,SCHOOL_STATE x CATEGORY=AZ | Books,8529,0.15382811584007502,0.13963333030762176,25.562275765036933,20.245480327056143,5.31679543798079,0.0008749114266968012,1312,3.860718379036163,3.9285754380298847,-0.06785705899372152,-0.003676083601123758
project-plus-gift-size,SCHOOL_STATE x gift_decile=AL | 5,3508,0.1627708095781072,0.13965186069969665,14.963380843785632,20.27514515092352,-5.311764307137889,-0.0005612296450670351,571,4.07628839356273,3.927998892070139,0.14828950149259068,0.005306249148523246
project-plus-gift-size,SCHOOL_STATE x gift_decile=MN | 5,4923,0.14523664432256753,0.13967677280270427,15.007806215722121,20.278536373864295,-5.2707301581421735,-0.0006595002616225377,715,3.987126235721113,3.9281399505920627,0.05898628512905013,0.002361343868591244
project-plus-gift-size,SCHOOL_STATE x gift_decile=IN | 5,9033,0.15764419351267575,0.13961394966176247,15.047809144248866,20.288454355276752,-5.240645211027886,-0.0008873907425573436,1424,4.028531405937537,3.927803848467894,0.1007275574696429,0.005683889609170155
project-only,SUBJECT_CATEGORY x GRADE_LEVEL=Parent Involvement | Grades PreK-2,1334,0.1896551724137931,0.13965853998005057,25.49772863568216,20.263268004361038,5.234460631321124,0.00034122511874468754,253,3.842561318884858,3.9283519800368936,-0.0857906611520356,-0.0020445087141752463
project-plus-gift-size,SUBJECT_CATEGORY x gift_decile=ESL | 5,4746,0.16603455541508638,0.139631363386706,15.050166455962916,20.27800944964726,-5.2278429936843445,-0.0006422935123668593,788,4.006197013118187,3.928075610205619,0.07812140291256764,0.0032827330307362637
individual,SCHOOL_STATE=SD,3572,0.15509518477043674,0.13966390675883286,25.480380739081745,20.2578562027334,5.222524536348345,0.0005568032664938907,554,4.06153420046212,3.928034455155816,0.13349974530630382,0.004705510791211747
project-only,SUBJECT_CATEGORY x CATEGORY=Literature & Writing | Technology,109822,0.12345431698566772,0.14056049892474798,15.338261186283258,20.530911892844124,-5.192650706560865,-0.0029930284079779006,13558,3.8565579487422736,3.9316596118447533,-0.07510166310247968,-0.012809136974872602
individual,SCHOOL_STATE=CA,455455,0.11910067954023998,0.1452011927146366,16.170656135073717,21.36298670039716,-5.1923305653234415,-0.005556500882279069,54245,3.8733562450578143,3.9403403161296287,-0.06698407107181437,-0.021174667791597244
project-plus-gift-size,SUBJECT_CATEGORY x gift_decile=Mathematics | 7,40167,0.17215624766599447,0.13907334203589974,25.32801354345607,20.170453450010083,5.157560093445987,0.001828194084937932,6915,4.447695504892508,3.916078219529877,0.5316172853626306,0.06549742655957759
project-plus-gift-size,GRADE_LEVEL x gift_decile=Grades 9-12 | 6,2614,0.19472073450650346,0.1396226853033883,25.4080298393267,20.260266552779026,5.147763286547676,0.00046960586365869003,509,4.158696083067261,3.927890000039773,0.2308060830274874,0.007798482234283378
project-plus-gift-size,SCHOOL_STATE x gift_decile=OR | 7,4229,0.17450934026956727,0.13962105497885072,25.396081816032158,20.256427807884116,5.139654008148042,0.000596145156274064,738,4.446256514964446,3.9270080128574376,0.5192485021070086,0.021117474806696773
project-plus-gift-size,SCHOOL_STATE x gift_decile=MD | 7,5085,0.18112094395280237,0.1395915506769302,25.391276302851523,20.254394480826544,5.136881822024979,0.0006532177489583397,921,4.51293193382729,3.9264872009734653,0.5864447328538249,0.026635643612603583
project-only,SCHOOL_STATE x CATEGORY=MN | Books,5587,0.12493287989976731,0.13972778876132683,15.144607123679972,20.279807972026735,-5.135200848346763,-0.000684398464311037,698,3.951181920430715,3.928226755187547,0.022955165243167652,0.0009079785417647447
project-only,SCHOOL_STATE x CATEGORY=OK | Other,4592,0.1565766550522648,0.13965343240751754,25.348941637630663,20.255661506965918,5.093280130664745,0.000615546935625873,719,3.934673235884603,3.9282646432891926,0.006408592595410489,0.00025726421908900925
project-only,SCHOOL_STATE x CATEGORY=NV | Supplies,5773,0.16594491598822103,0.1396189977643071,25.331889831976444,20.25291083588136,5.078978996095085,0.000688051071842256,958,3.859965051755918,3.928497855597198,-0.06853280384128002,-0.0031743937386644145
project-plus-gift-size,SCHOOL_STATE x gift_decile=MS | 7,2272,0.1756161971830986,0.13965157771226153,25.317601232394363,20.26117905121902,5.056422181175343,0.00043007491726999034,399,4.424205794407025,3.927622287204162,0.49658350720286304,0.014858059273569101
project-plus-gift-size,SCHOOL_STATE x gift_decile=SC | 6,520,0.2423076923076923,0.13966471637981248,25.293846153846154,20.265293206212224,5.02855294763393,0.000204699993912566,126,4.17456520777502,3.9281768938551846,0.24638831391983507,0.004144629000605532
project-only,SCHOOL_STATE x CATEGORY=CT | Supplies,9490,0.1554267650158061,0.13961991231754944,25.24263119072708,20.244513522601,4.998117668126081,0.0008673762018973174,1475,4.013550405876709,3.9278604181370413,0.0856899877396673,0.004920752162125843
project-only,SUBJECT_CATEGORY x GRADE_LEVEL=Nutrition Education | Grades 3-5,678,0.17256637168141592,0.13967912523781298,15.270147492625368,20.268076722573007,-4.997929229947639,-0.0002323069311994737,117,3.6595562154823433,3.928384334832076,-0.26882811934973283,-0.004357670589444954
project-only,SUBJECT_CATEGORY x CATEGORY=History & Geography | Books,12108,0.14816650148662042,0.1396416055385522,25.23449620085894,20.238458261294475,4.996037939564463,0.0009787346058702012,1794,3.9759244076137232,3.927994534372174,0.04792987324154918,0.003033833396986207
project-plus-gift-size,SCHOOL_STATE x gift_decile=RI | 5,1446,0.1376210235131397,0.13969085127251504,15.289647302904566,20.269844525545412,-4.980197222640847,-0.00033799521006405947,199,4.105423480759046,3.9281628539681113,0.17726062679093468,0.0037468513117748167
project-only,SUBJECT_CATEGORY x GRADE_LEVEL=College & Career Prep | Grades PreK-2,1353,0.13155949741315595,0.13969456688708662,15.339807834441979,20.269598159254457,-4.929790324812478,-0.00032364326461576683,178,3.9952669421510616,3.928240337136721,0.06702660501434066,0.001339985222645354
project-only,SUBJECT_CATEGORY x GRADE_LEVEL=ESL | Grades PreK-2,10988,0.14251911175828177,0.1396749737626503,25.165440480524207,20.241419561784994,4.924020918739213,0.0009191694782733282,1566,3.9594974852504223,3.928116826195446,0.031380659054976334,0.0018565105413718157
project-only,SCHOOL_STATE x CATEGORY=TX | Trips,2337,0.0975609756097561,0.13973516173755957,15.37617458279846,20.27181029285009,-4.89563571005163,-0.00042230723520678414,228,4.062143153106216,3.9281785567587515,0.13396459634746494,0.003030848212490698
project-only,SUBJECT_CATEGORY x CATEGORY=Character Education | Technology,3499,0.13861103172334951,0.13969121597930603,15.381600457273507,20.274443359796773,-4.892842902523267,-0.0005163048029347655,485,3.862993307682082,3.928385205053336,-0.06539189737125417,-0.0021568308156427033
individual,SUBJECT_CATEGORY=Parent Involvement,2148,0.17737430167597765,0.13965189479800766,25.133635940409686,20.261653448656755,4.871982491752931,0.0004029322025778641,381,3.8905716069353518,3.9283276837942354,-0.0377560768588836,-0.0011039405518949192
individual,SCHOOL_STATE=NV,17724,0.15651094561047169,0.13955008274662703,25.082726811103587,20.226598945331123,4.856127865772464,0.001149488503319674,2774,3.924105514156355,3.9283187299818905,-0.004213215825535688,-0.0003310773214989697
individual,SUBJECT_CATEGORY=Music,77585,0.14622671908229684,0.13944552685914144,24.946580009022362,20.09186931121071,4.854710697811651,0.002370404320482169,11345,3.9448395540336967,3.927631968433379,0.017207585600317543,0.0026949981828530683
project-only,SUBJECT_CATEGORY x GRADE_LEVEL=Civics & Government | Grades 6-8,2645,0.12362948960302457,0.139709183112139,15.445799621928167,20.27242478317323,-4.826625161245062,-0.0004429099501610467,327,3.9407403689845077,3.928266398432931,0.01247397055157684,0.0003379199984831788
project-only,SCHOOL_STATE x CATEGORY=AZ | Trips,710,0.18732394366197183,0.13967377743064477,15.443225352112677,20.268093905867794,-4.824868553755117,-0.00022949258413745708,133,3.7088874155874065,3.928376830856594,-0.2194894152691873,-0.003793277700302693
individual,SCHOOL_STATE=WA,69526,0.09550384028996346,0.1411612747441859,15.627556885194029,20.42102771674608,-4.793470831552053,-0.0022199027167745795,6640,3.956449284889527,3.9276451135506973,0.028804171338829843,0.0034791347011183618
project-plus-gift-size,SUBJECT_CATEGORY x gift_decile=College & Career Prep | 7,2858,0.15815255423372987,0.13966496527735864,25.02720433869839,20.260188715861172,4.767015622837217,0.0004546898308248467,452,4.49974891844124,3.9274212938859034,0.5723276245553364,0.01822464256952649
project-plus-gift-size,SCHOOL_STATE x gift_decile=AZ | 7,4932,0.16869424168694241,0.13962298522389086,24.96624087591241,20.255733893409023,4.710506982503386,0.0005899396000400361,832,4.533998573281642,3.9266025824611033,0.6073959908205389,0.026224318338503822
individual,SCHOOL_STATE=DE,4938,0.1387201296071284,0.13969168797395354,24.923499392466585,20.255818841125244,4.667680551341341,0.0005849307148270024,685,3.8233865573368595,3.92851896976486,-0.10513241242800042,-0.004119635172567012
project-only,SCHOOL_STATE x CATEGORY=NC | Supplies,32438,0.16881435353597632,0.13924473696845993,24.860572785005242,20.19635583374836,4.664216951256883,0.001488471655272316,5476,4.01411856227045,3.9266908705130796,0.08742769175736997,0.009608790370299821
project-only,SCHOOL_STATE x CATEGORY=KY | Other,1486,0.13324360699865412,0.1396939077566072,15.609650067294753,20.269716322290467,-4.660066254995714,-0.00032061019151013244,198,3.8839623389502,3.9283090817954305,-0.04434674284523066,-0.0009350238401429019
project-only,SCHOOL_STATE x CATEGORY=IN | Supplies,17554,0.1694770422695682,0.13944503396081767,24.88802950894383,20.22858248996134,4.65944701898249,0.0010976738790529018,2975,3.943106287983713,3.928132073889115,0.014974214094598093,0.0012181583738420268
project-only,SUBJECT_CATEGORY x GRADE_LEVEL=Foreign Languages | Grades PreK-2,2469,0.14945321992709598,0.13967827360437077,15.62854191980559,20.271821028958158,-4.643279109152568,-0.00041168221182131707,369,3.831444486624131,3.9283986843042613,-0.09695419768013025,-0.002789875334269166
project-plus-gift-size,CATEGORY x gift_decile=Technology | 7,101865,0.17101065135227997,0.1381368316707374,24.653981446031512,20.049012720209408,4.604968725822104,0.0025612896714156718,17420,4.438355702361666,3.896977464852757,0.5413782375089093,0.10395920119468637
individual,SCHOOL_STATE=WV,6738,0.16340160284951025,0.13961515241999473,24.844168892846543,20.252159711931743,4.5920091809148005,0.0006719149301540349,1101,4.0344085718463,3.927890677464583,0.10651789438171688,0.005288011012576397
project-only,SUBJECT_CATEGORY x GRADE_LEVEL=Special Needs | Grades 9-12,20777,0.12518650430764788,0.13983053426323042,15.71878038215334,20.310741439517752,-4.591961057364411,-0.0011760156914135127,2601,3.878374929491911,3.928714527357583,-0.050339597865672214,-0.0038314946868893015
project-only,SCHOOL_STATE x CATEGORY=MA | Technology,19790,0.1360788276907529,0.13972290048544825,15.751479029813037,20.30831776785522,-4.556838738042181,-0.0011392272709520443,2693,3.940569287950915,3.9281690978367845,0.012400190114130627,0.0009602137780556445
project-only,SCHOOL_STATE x CATEGORY=SC | Trips,765,0.1450980392156863,0.13968754449752066,15.722261437908498,20.268117980407407,-4.545856542498909,-0.0002244372300755795,111,4.042813408495075,3.928237724400257,0.114575684094818,0.0018090269931597504
project-only,SUBJECT_CATEGORY x CATEGORY=Parent Involvement | Technology,864,0.1863425925925926,0.13967076700434153,24.79429398148148,20.264691046049943,4.529602935431537,0.00023765967007939327,161,3.639300612260604,3.928434446546614,-0.28913383428601014,-0.005497521021155321
project-only,CATEGORY x GRADE_LEVEL=Other | Grades 9-12,20873,0.11843050831217362,0.1398972148184077,24.739363292291475,20.222794985371582,4.516568306919893,0.0011593505168487014,2472,3.9889084426132846,3.927778365499263,0.06113007711402174,0.00453692137041759
individual,SCHOOL_STATE=MN,27258,0.11523222540171693,0.14000251699204425,15.807563284173453,20.323580191084773,-4.51601690691132,-0.0013227147322030536,3141,3.9406361174441598,3.928149760559175,0.012486356884984673,0.0010434342128251724
individual,SCHOOL_STATE=NE,4935,0.13880445795339413,0.13969149322280514,15.762873353596758,20.27683411336018,-4.513960759763423,-0.0005654958455829918,685,3.7900658324592276,3.9285949014887454,-0.13852906902951778,-0.00542829002033792
project-only,SUBJECT_CATEGORY x CATEGORY=Environmental Science | Visitors,965,0.11606217616580311,0.1397000397528735,15.7739689119171,20.2685165637746,-4.4945476518575,-0.00024921716882467184,112,3.9338792301437984,3.928277854999428,0.005601375144370202,8.88370337385731e-05
project-only,SUBJECT_CATEGORY x GRADE_LEVEL=Community Service | Grades 6-8,1428,0.12184873949579832,0.1397012836858505,24.719453781512602,20.263555352340862,4.455898429171739,0.0003005253124072265,174,4.0957502484039585,3.9281831612954297,0.16756708710852886,0.0033121425084177317
project-only,SUBJECT_CATEGORY x GRADE_LEVEL=Foreign Languages | Grades 6-8,3195,0.13615023474178403,0.1396947142653496,15.833762128325509,20.273081874025173,-4.439319745699665,-0.0004476673640037615,435,3.930917555713905,3.9282761234905292,0.0026414322233758725,8.251662647472012e-05
project-plus-gift-size,SUBJECT_CATEGORY x gift_decile=Health & Life Science | 6,636,0.22641509433962265,0.13966388207117508,24.669292452830188,20.265206896743635,4.404085556086553,0.0001982648626492927,144,4.152488705466597,3.9281727230708277,0.22431598239576944,0.0040337480459288755
project-plus-gift-size,CATEGORY x gift_decile=Supplies | 6,6954,0.2168536094334196,0.1394398626868171,24.623461317227495,20.252412255852786,4.371049061374709,0.000649721514944262,1508,4.146357860509034,3.927182898518195,0.21917496199083875,0.012725448823888433
project-only,SUBJECT_CATEGORY x CATEGORY=Literacy | Technology,199958,0.1314426029466188,0.1405321679086439,16.309228387961472,20.670879424128664,-4.361651036167192,-0.003316794599288748,26283,3.866681410590352,3.9341672527107487,-0.06748584212039654,-0.015667513677351017
project-only,SUBJECT_CATEGORY x CATEGORY=Music | Supplies,38921,0.1487371855810488,0.13952318917701476,24.54452506359035,20.18788634109005,4.3566387225003,0.0015205987821814957,5789,3.971049480573359,3.9274420339881915,0.043607446585167686,0.004925162073790161
project-only,SUBJECT_CATEGORY x CATEGORY=Economics | Supplies,692,0.18208092485549132,0.13967585798750703,15.927658959537572,20.267898146275762,-4.34023918673819,-0.0002038086064848106,126,3.8641534217242364,3.9283067672257603,-0.06415334550152396,-0.0010791575786260432
project-plus-gift-size,SCHOOL_STATE x gift_decile=FL | 7,14392,0.16210394663702057,0.13953888924155802,24.56048151750973,20.237659840029274,4.322821677480455,0.0009227828813554506,2333,4.358120497456989,3.924925436240125,0.433195061216864,0.031240928376965356
project-only,SCHOOL_STATE x CATEGORY=NH | Other,747,0.13654618473895583,0.13969055262038638,15.955836680053547,20.267999102056226,-4.312162422002679,-0.00021038059585343948,102,4.089626910940855,3.9282252938904167,0.16140161705043843,0.0024428992448170326
project-only,SCHOOL_STATE x CATEGORY=PA | Technology,20819,0.1368461501513041,0.1397171770136683,24.527912483788846,20.224970156346192,4.302942327442654,0.0011030995015930023,2849,3.9073508060927757,3.9284797392418533,-0.0211289331490776,-0.0016824095546236412
project-plus-gift-size,SCHOOL_STATE x gift_decile=NC | 6,924,0.2305194805194805,0.13965053389366655,24.5625,20.264664328852522,4.297835671147478,0.00023319446261417366,213,4.150732646698651,3.9281225556254826,0.2226100910731681,0.004868018185082607
project-only,CATEGORY x GRADE_LEVEL=Technology | Grades 3-5,246966,0.13218418729703685,0.14066000006283322,16.46889126438457,20.757589880292254,-4.288698615907684,-0.003580653259400878,32645,3.8890884500594223,3.933042556093041,-0.0439541060336186,-0.011240226199623407
project-only,SCHOOL_STATE x CATEGORY=UT | Books,3868,0.1608066184074457,0.13965152379377552,24.542218200620475,20.258823702364605,4.28339449825587,0.0004751896955067413,622,3.7590510801830725,3.928630037239555,-0.16957895705648252,-0.006332708532037722
project-only,SCHOOL_STATE x CATEGORY=KY | Technology,6040,0.1316225165562914,0.13971211822513513,15.997902317880795,20.27849323768891,-4.280590919808114,-0.0005931147434482719,795,3.9397466247144237,3.928249599619269,0.011497025095154711,0.0004852509648725618
project-only,SCHOOL_STATE x CATEGORY=FL | Supplies,40364,0.12662273312853037,0.13993867001823834,16.068954018432265,20.34656057398815,-4.277606555555884,-0.0015199210451358842,5111,3.8035656882813123,3.9304321359610164,-0.12686644767970412,-0.013478932079833592
project-plus-gift-size,SCHOOL_STATE x gift_decile=SC | 5,9149,0.17051043829926768,0.1395581651444496,16.022557656574488,20.28458495507849,-4.262027298504002,-0.0007262822693046441,1560,4.082927085318645,3.9274750208699682,0.15545206444867699,0.00917915324624302
project-only,SCHOOL_STATE x CATEGORY=NE | Technology,1421,0.14637579169598874,0.13968505537118342,16.015292047853624,20.269308353163712,-4.254016305310088,-0.0002862058887905997,208,3.707969063570253,3.928432142288294,-0.22046307871804105,-0.004764185736843763
project-only,SUBJECT_CATEGORY x CATEGORY=Social Sciences | Books,5198,0.1592920353982301,0.13964210586980952,24.48080223162755,20.256324302165932,4.224477929461617,0.0005431161317044503,828,3.929142736837374,3.928277559550752,0.0008651772866219432,3.7264370815418174e-05
project-plus-gift-size,SUBJECT_CATEGORY x gift_decile=Other | 5,5660,0.1625441696113074,0.1396293286672456,16.065844522968195,20.277558295105255,-4.21171377213706,-0.0005649655308067272,920,4.046244629303675,3.927918612495953,0.11832601680772159,0.0053713217995094605
project-plus-gift-size,SCHOOL_STATE x gift_decile=NY | 6,1630,0.22269938650306748,0.1396266809703622,24.474521472392638,20.263322955111327,4.211198517281311,0.0003034316200191341,363,4.071786295523734,3.928106823751961,0.14367947177177287,0.004100693995242834
project-plus-gift-size,SCHOOL_STATE x gift_decile=KS | 5,2022,0.1582591493570722,0.1396720380255453,16.086236399604353,20.270428297881622,-4.18419189827727,-0.00033575615929558024,320,4.065563580195509,3.928133968509375,0.13742961168613377,0.003682948644188437
project-only,SUBJECT_CATEGORY x GRADE_LEVEL=Music | Grades 6-8,19120,0.14926778242677824,0.13960379180264065,24.4105339958159,20.229439977470733,4.181094018345167,0.0010276039467853363,2854,3.928944703440408,3.92827357979742,0.0006711236429879364,5.348522381424874e-05
individual,CATEGORY=Technology,767210,0.130566598454139,0.14472636937651395,17.57925175636397,21.750189086727293,-4.170937330363323,-0.005235447346431104,100172,3.891494468322369,3.946602798632852,-0.05510833031048268,-0.02135949911233571
project-only,SCHOOL_STATE x CATEGORY=MO | Technology,11867,0.12715934945647595,0.13975878786918094,16.13692340102806,20.28935297729469,-4.152429576266631,-0.0008053787324339999,1509,3.9467701880321093,3.9281868602850296,0.018583327747079714,0.0010793166582302837
project-only,SCHOOL_STATE x CATEGORY=IA | Technology,3681,0.12550937245313773,0.13971370621842058,24.407383863080685,20.25942623738855,4.147957625692136,0.0004489229285426793,462,4.007813298203367,3.928157788976969,0.07965550922639819,0.0025643345350935837
project-only,SCHOOL_STATE x CATEGORY=TN | Books,8467,0.1241289713003425,0.1397507909679996,16.1416180465336,20.28276269749762,-4.141144650964019,-0.000678979289862438,1051,3.8711206324752374,3.9284800326534492,-0.05735940017821184,-0.002782391541420507
individual,OPTIONAL_SUBJECT_CATEGORY=Economics,4836,0.15095119933829612,0.13966415545357044,16.171968569065342,20.27570710351737,-4.103738534452027,-0.0005089333131360329,730,3.793287289193317,3.928607818290244,-0.13532052909692682,-0.005473554526060397
project-only,SUBJECT_CATEGORY x GRADE_LEVEL=Health & Life Science | Grades 3-5,13880,0.15432276657060517,0.13959468086297847,24.33568227665706,20.240148751413965,4.095533525243095,0.0008586748455444109,2142,3.95482047917846,3.9280898917618083,0.026730587416651463,0.0018477363137716467
project-only,SUBJECT_CATEGORY x GRADE_LEVEL=Social Sciences | Grades 9-12,5861,0.1298413240061423,0.1397162985378835,16.185768640163793,20.277625093971285,-4.091856453807491,-0.0005585227231350384,761,3.8145173908801464,3.9285680165772687,-0.11405062569712232,-0.004709902680162551
project-only,SUBJECT_CATEGORY x GRADE_LEVEL=Special Needs | Grades 6-8,22672,0.13245412844036697,0.13976632903990044,24.30773420959774,20.223573102067743,4.084161107529997,0.0010921405950090077,3003,3.897426354473901,3.928590565701542,-0.03116421122764068,-0.0025470041580082335
project-plus-gift-size,SCHOOL_STATE x gift_decile=AK | 5,975,0.1476923076923077,0.13968584415409713,16.18848205128205,20.268349941947545,-4.0798678906654935,-0.00022739227840630025,144,4.231945831022052,3.9281347275270204,0.30381110349503126,0.0054632640615521755
project-plus-gift-size,SCHOOL_STATE x gift_decile=PA | 6,527,0.1935483870967742,0.13967630018128638,24.323738140417458,20.265513980940117,4.058224159477341,0.00016630823911521514,102,4.171676391315113,3.928197506180165,0.24347888513494853,0.003685182314122565
project-only,SCHOOL_STATE x CATEGORY=MI | Technology,16809,0.1423047177107502,0.1396689213659038,16.24668748884526,20.298080314022357,-4.051392825177096,-0.0009341181437298881,2392,3.8995798676692,3.9285096238884774,-0.02892975621927718,-0.0021123484799462715
project-only,SUBJECT_CATEGORY x CATEGORY=Applied Sciences | Supplies,42716,0.15034179230265007,0.13947422694066605,24.18586688828542,20.187312565158734,3.9985543231266867,0.0014607635726589536,6422,4.012778886911533,3.9264395522471767,0.08633933466435595,0.010259738020364704
project-only,SCHOOL_STATE x CATEGORY=ME | Supplies,3196,0.15018773466833543,0.13967388376978326,16.288419899874842,20.272409207332135,-3.9839893074572927,-0.00040181396384701007,480,3.8646571888680366,3.9283814629574043,-0.06372427408936776,-0.002090982494413257
project-only,SCHOOL_STATE x CATEGORY=NC | Trips,2104,0.15114068441064638,0.1396782816938014,16.307048479087452,20.270371916015367,-3.963323436927915,-0.00032441127360660426,318,3.96059200059726,3.9282457959877126,0.03234620460954751,0.0008641292122354997
project-only,SCHOOL_STATE x CATEGORY=NV | Technology,6481,0.15229131306897084,0.13965148167490815,24.213653757136246,20.254608908604972,3.959044848531274,0.0005681767093018104,987,3.9819633098552614,3.928103491328192,0.053859818527069336,0.0025321068715628073
individual,SCHOOL_STATE=MT,3716,0.16953713670613563,0.13963794919621675,24.186633476856834,20.25973980385199,3.9268936730048445,0.00042700998699111997,630,4.092728943916071,3.9279353410064086,0.16479360290966216,0.006193372381166098
project-only,SUBJECT_CATEGORY x CATEGORY=Visual Arts | Other,4538,0.14499779638607316,0.13967827097831753,16.348281181137065,20.274767145577222,-3.9264859644401575,-0.00047174185918075066,658,3.979271447575285,3.9281683273204866,0.05110312025479846,0.001962712598393715
project-only,SUBJECT_CATEGORY x CATEGORY=Other | Other,6818,0.15547081255500148,0.13963941755357992,24.168807568201817,20.25413055834371,3.9146770098581065,0.0005761855920768408,1060,4.084652768241125,3.9277278248414773,0.1569249433996478,0.00764452823365825
project-only,SUBJECT_CATEGORY x GRADE_LEVEL=Health & Wellness | Grades PreK-2,12389,0.14666236177254016,0.1396491784396065,16.37680765194931,20.28897787954178,-3.912170227592469,-0.0007751940446229172,1817,3.874394138795204,3.9286068908614857,-0.054212752066281844,-0.003453317177922773
project-only,SCHOOL_STATE x CATEGORY=MN | Technology,7329,0.11857006412880339,0.13976147442026002,16.38287488061127,20.279747610440783,-3.8968727298295143,-0.0005946000291715305,869,3.9616774486172206,3.928183328191696,0.0334941204255248,0.0014778227452695548
project-plus-gift-size,CATEGORY x gift_decile=Books | 6,3761,0.21297527253390056,0.13956144453635655,24.128274395107685,20.25975967279495,3.868514722312735,0.00042319684355288475,801,4.092446479820626,3.927842311369206,0.16460416845141967,0.006973488919332439
project-only,SCHOOL_STATE x CATEGORY=NJ | Books,6719,0.14362256288138117,0.1396771725505973,16.427916356600683,20.278501263915274,-3.850584907314591,-0.0005626353097622046,965,3.8942629227464876,3.9283892439198627,-0.03412632117337511,-0.0015864544532479534
project-plus-gift-size,SCHOOL_STATE x gift_decile=NJ | 7,6945,0.11677465802735781,0.13976348926594037,16.439438444924406,20.278868831572968,-3.839430386648562,-0.0005703324153737127,811,4.4642494369628345,3.926833294665563,0.5374161422972716,0.022909042367646477
project-only,SUBJECT_CATEGORY x GRADE_LEVEL=Special Needs | Grades PreK-2,65228,0.1343441466854725,0.1398561645014525,16.548530998957503,20.382455650243166,-3.8339246512856633,-0.0017215415841717614,8763,3.89563576974126,3.9292578662368385,-0.03362209649557846,-0.004648498731923481
project-plus-gift-size,GRADE_LEVEL x gift_decile=Grades PreK-2 | 6,7550,0.22701986754966888,0.13938268238823692,24.06654701986755,20.253156501339543,3.8133905185280064,0.0005905392577962726,1714,4.068241459500196,3.9274791319664466,0.14076232753374907,0.008710118704516889
project-only,SUBJECT_CATEGORY x CATEGORY=Visual Arts | Supplies,60506,0.14712590486893862,0.13947482156469704,23.961839486993025,20.159845177977346,3.8019943090156794,0.0016461040625245637,8902,3.949084527123254,3.927646502294265,0.021438024828988933,0.002986667495140221
project-only,SCHOOL_STATE x CATEGORY=MS | Other,1490,0.14161073825503356,0.13968813535415586,24.040154362416107,20.263896786238906,3.7762575761772013,0.00026015379661077767,211,3.9105396603002087,3.928292370320161,-0.017752710019952378,-0.0003863891050885454
project-only,SCHOOL_STATE x CATEGORY=UT | Supplies,5684,0.1442646023926812,0.13967737436660313,24.032225545390574,20.256555167123793,3.7756703782667813,0.000507543852634856,820,3.79465163492093,3.928644628794544,-0.13399299387361374,-0.005743390082262098
project-plus-gift-size,SUBJECT_CATEGORY x gift_decile=History & Geography | 7,7178,0.17163555307885206,0.13958278865987533,24.00978127612148,20.254005980630865,3.755775295490615,0.0005671565150086288,1232,4.386470552293436,3.926398602183045,0.4600719501103909,0.02415530042140245
project-only,SCHOOL_STATE x CATEGORY=NM | Supplies,3009,0.15553339980059822,0.13966732829566691,24.01271851113327,20.261271822729853,3.7514466884034157,0.0003671404224025873,468,3.9659751133707637,3.928221291554813,0.03775382181595077,0.0012232561059914943
project-only,SUBJECT_CATEGORY x CATEGORY=Special Needs | Books,9459,0.13521513902103816,0.13970917304087643,16.563956020721005,20.282815377271717,-3.7188593565507126,-0.0006443226841992352,1279,3.9108402520085135,3.928354288238789,-0.017514036230275476,-0.0009368473497640373
individual,SCHOOL_STATE=ND,2015,0.15583126550868487,0.13967436880705078,16.557965260545906,20.26997357489364,-3.7120083143477345,-0.0002973507166006341,314,3.875640224922756,3.9283348566868623,-0.05269463176410616,-0.0013988652492178781
individual,SUBJECT_SUBCATEGORY=Music & The Arts,210451,0.14586768416400966,0.13902143158442054,23.601881197998583,19.905861684511333,3.6960195134872507,0.0028756795558398944,30698,3.927752074497855,3.9283398242503518,-0.0005877497524968689,-0.00014627931313864747
project-only,SCHOOL_STATE x CATEGORY=IL | Books,24013,0.15654020738766503,0.13949974000959314,23.906991213092905,20.225517137095355,3.6814740759975493,0.0010128362462400698,3759,3.9325225732817004,3.9282263341252484,0.004296239156452053,0.00039234614495682455
project-only,SUBJECT_CATEGORY x CATEGORY=Health & Wellness | Technology,3314,0.13367531683765843,0.13969871881196394,16.596116475558237,20.2721539933224,-3.676037517764165,-0.00037752678068917974,443,3.9172390156101398,3.928296195695106,-0.011057180084966145,-0.00034857628411212507
project-only,SCHOOL_STATE x CATEGORY=CA | Other,39323,0.12760979579381024,0.1399137929813111,16.660732395798895,20.333467775793743,-3.6727353799948474,-0.0012883766190618143,5018,3.8726007452165345,3.9292230153335472,-0.05662227011701271,-0.005961788243215825
project-only,SCHOOL_STATE x CATEGORY=MO | Supplies,12899,0.14419722459105358,0.13966234196330493,16.619351887743235,20.288449226521006,-3.669097338777771,-0.0007417544529353534,1860,3.9182274062822855,3.9283423837170495,-0.010114977434763972,-0.0006518501333941079
project-only,SCHOOL_STATE x CATEGORY=AZ | Other,4453,0.14170222322030093,0.1396852993336062,16.627134516056593,20.274035155373404,-3.6469006393168115,-0.00043403722034189156,631,3.8633175840786746,3.9284162798236157,-0.06509869574494109,-0.002448515256195024
project-only,SCHOOL_STATE x CATEGORY=NH | Technology,3254,0.15519360786724032,0.13966603669324318,16.65177627535341,20.271967472011067,-3.6201911966576574,-0.00036841551377618363,505,3.9248945289389394,3.928285621381863,-0.003391092442923682,-0.00011412798541741276
project-plus-gift-size,CATEGORY x gift_decile=Technology | 6,6449,0.21088540859047913,0.13947594212064632,23.859323926190108,20.255730483854837,3.6035934423352707,0.0005158901107006649,1360,4.054984581165028,3.9277053896967837,0.1272791914682445,0.007019651330993218
project-only,SCHOOL_STATE x CATEGORY=DC | Books,6105,0.14758394758394758,0.1396670539862062,23.84983783783784,20.25633380434737,3.5935040334904684,0.0005005770476551973,901,4.088810854608873,3.9277984177597007,0.16101243684917232,0.007233401424042742
project-plus-gift-size,SCHOOL_STATE x gift_decile=MS | 5,2857,0.1704585229261463,0.13964865104527682,16.69599579978999,20.271241564825544,-3.575245765035554,-0.00034095626562026033,487,4.1250823676525314,3.9279613036047953,0.1971210640477361,0.006515043853795008
project-plus-gift-size,SUBJECT_CATEGORY x gift_decile=Literacy | 6,5703,0.22181308083464843,0.13947173537398172,23.81713133438541,20.25709208067943,3.5600392537059804,0.000479354732138321,1265,4.03171006953038,3.9278438287095248,0.10386624082085527,0.00552557052396781
project-only,CATEGORY x GRADE_LEVEL=Books | Grades PreK-2,128209,0.1509566411094385,0.13897736095535043,23.612149927072203,20.055055819972143,3.5570941071000597,0.0022053235261022524,19354,3.953418923844451,3.926554165476609,0.026864758367841635,0.005419033517682032
project-only,SUBJECT_CATEGORY x GRADE_LEVEL=Literature & Writing | Grades 3-5,91145,0.1320972077458994,0.1400244670051253,16.861145647045916,20.416764918749113,-3.555619271703197,-0.0018755603925861136,12040,3.929730824554096,3.928219542181623,0.0015112823724727775,0.0002435420750547343
project-plus-gift-size,SCHOOL_STATE x gift_decile=WA | 5,8469,0.15846026685559098,0.13961546607457473,16.728157987956074,20.280454318849884,-3.5522963308938103,-0.0005825006288975206,1342,4.062039302164613,3.9276814633848964,0.1343578387797164,0.0073610705185481575
individual,OPTIONAL_SUBJECT_CATEGORY=Performing Arts,42007,0.15511700430880568,0.13938301768933556,23.74743185659533,20.19736200081616,3.550069855779171,0.0012863293707189073,6516,3.928854975715106,3.92826722559907,0.0005877501160358456,7.034066136767568e-05
gift-size decile,first_gift_decile=6,19677,0.21334553031458048,0.13901128956107486,23.775483559485693,20.234197351840596,3.541286207645097,0.0008828273287372702,4198,4.101130358629165,3.9258374262416393,0.17529293238752564,0.01690478914595759
gift-size decile,first_gift_decile!=6,2137107,0.13901128956107486,0.21334553031458048,20.234197351840596,23.775483559485572,-3.5412862076449763,-0.0008828273287372392,297082,3.9258374262416393,4.101130358629155,-0.17529293238751587,-0.016904789145956618
project-only,SCHOOL_STATE x CATEGORY=OH | Technology,12730,0.13322859387274155,0.1397278240193577,16.77790259230165,20.287218647478092,-3.5093160551764413,-0.0007048175496112041,1696,3.8689104930162985,3.9286160386138387,-0.059705545597540155,-0.0036751313731914976
project-only,SUBJECT_CATEGORY x CATEGORY=Health & Life Science | Other,5984,0.1410427807486631,0.13968569834480193,16.78561497326203,20.276190194346288,-3.4905752210842564,-0.00048140985022038923,844,3.8918212365919476,3.928382358920237,-0.036561122328289564,-0.0015898373410686449
individual,SALES_TAX>0=True,1010462,0.13487097980923576,0.14393686939620803,18.41344254410359,21.899946969525136,-3.486504425421547,-0.004561689195651574,136282,3.907684716733458,3.9452907971149638,-0.0376060803815057,-0.015399358323152527
project-only,SUBJECT_CATEGORY x CATEGORY=ESL | Books,5730,0.15148342059336825,0.13965804670640533,23.6912722513089,20.25738265984954,3.4338895914593586,0.00046345914846061196,868,3.9413237526045863,3.928242248948055,0.013081503656531268,0.0005768489855403583
project-only,SCHOOL_STATE x CATEGORY=CA | Visitors,1557,0.13744380218368657,0.13969108590417623,16.856377649325626,20.268969166588946,-3.412591517263319,-0.00024032407934082212,214,4.035192883072075,3.9282039427609448,0.1069889403111306,0.002345106628905787
project-only,SCHOOL_STATE x CATEGORY=PA | Other,5750,0.14747826086956523,0.1396686430804906,23.655688695652174,20.257445851622983,3.398242844029191,0.0004594456408970867,848,3.956400151668468,3.9282005651183267,0.02819958655014121,0.001229135400100694
project-only,SUBJECT_CATEGORY x CATEGORY=Foreign Languages | Books,4269,0.13656594050128837,0.13969565833455283,16.87686577652846,20.273228130814417,-3.396362354285955,-0.00039579686835421174,583,3.860229011852718,3.928411876388304,-0.06818286453558597,-0.002465244698105412
project-only,CATEGORY x GRADE_LEVEL=Visitors | Grades 6-8,1690,0.14201183431952663,0.13968764239518092,23.658917159763313,20.26384529862734,3.395071861135971,0.00024908501255238363,240,3.974351423651591,3.928243207436113,0.046108216215478226,0.0010702420485836416
project-plus-gift-size,GRADE_LEVEL x gift_decile=Grades 9-12 | 7,43854,0.16313221142883202,0.13920290781048117,23.580027363524422,20.197733228265957,3.3822941352584657,0.001251643642794146,7154,4.4245517150213995,3.91620916389228,0.5083425511291195,0.06367714828765578
individual,SUBJECT_CATEGORY=Social Sciences,24705,0.1436956081764825,0.1396430432455833,23.586503541793157,20.228035837321222,3.358467704471934,0.0009370384595387254,3550,3.922541869226714,3.9283483554646463,-0.00580648623793234,-0.0005154954562827097
project-only,SUBJECT_CATEGORY x CATEGORY=Parent Involvement | Supplies,849,0.18138987043580684,0.1396730420907866,23.6211542991755,20.26518453942257,3.3559697597529308,0.00017454679546134914,154,4.0467717249388935,3.9282193389564615,0.11855238598243201,0.0022046048190556616
project-only,CATEGORY x GRADE_LEVEL=Visitors | Grades 9-12,1601,0.11992504684572143,0.13970414577323595,16.91533416614616,20.268995041256353,-3.3536608751101937,-0.00023948540489501948,192,4.013645390315193,3.9282255008280083,0.08541988948718471,0.0017735453924297587
project-only,SCHOOL_STATE x CATEGORY=AR | Books,2031,0.14869522402757263,0.13968097503518964,16.92904972919744,20.269651366073045,-3.340601636875604,-0.0002686584858775178,302,3.857543961629932,3.9283509134615544,-0.07080695183162256,-0.001843455725981374
project-only,CATEGORY x GRADE_LEVEL=Technology | Grades PreK-2,258980,0.1339331222488223,0.14047499109497083,17.337222719901153,20.666244274962008,-3.329021555060855,-0.002837249732696568,34686,3.8737697973446115,3.9353721400989845,-0.06160234275437304,-0.016176534544842042
project-plus-gift-size,SUBJECT_CATEGORY x gift_decile=Mathematics | 6,2851,0.20799719396702912,0.1395990497383159,23.577120308663623,20.26212357580296,3.3149967328606635,0.0003158057062085978,593,4.089975589708898,3.9279610491426187,0.16201454056627895,0.00590778431804172
project-plus-gift-size,SCHOOL_STATE x gift_decile=OK | 5,6290,0.16995230524642288,0.13960094750322485,16.963580286168522,20.276166345965155,-3.312586059796633,-0.0004683642893882004,1069,4.035424381449586,3.9278984142635487,0.10752596718603691,0.005260190543878828
project-only,SCHOOL_STATE x CATEGORY=AK | Supplies,1568,0.1447704081632653,0.13968576699504828,16.966039540816325,20.268906800988855,-3.3028672601725297,-0.0002334165872407197,227,3.9839422902483754,3.9282379667645153,0.05570432348386012,0.001257503718067384
project-only,SUBJECT_CATEGORY x CATEGORY=Early Development | Other,10759,0.14387954270843015,0.13966845679803358,23.549830839297332,20.250044785125986,3.2997860541713457,0.0006095527423524098,1548,3.875638825211173,3.9285518083048094,-0.052912983093636345,-0.003112434681203519
project-only,SUBJECT_CATEGORY x GRADE_LEVEL=Team Sports | Grades 6-8,5289,0.12535450935904707,0.13972470305531734,23.555197579882776,20.258421028168783,3.296776551713993,0.0004275320046699138,663,4.119312255145615,3.9278586223769194,0.19145363276869531,0.007380964374704963
project-plus-gift-size,SUBJECT_CATEGORY x gift_decile=Visual Arts | 6,829,0.22919179734620024,0.13965504845880364,23.539589867310013,20.265247034376873,3.27434283293314,0.0001682842319653785,190,4.0941027852590866,3.928175296353398,0.16592748890568876,0.0034271196922389417
project-only,SCHOOL_STATE x CATEGORY=AZ | Supplies,14748,0.14944399240574993,0.13962230326661176,17.01749932194196,20.288875121613266,-3.2713757996713078,-0.0007068586034474554,2204,3.806256728538376,3.9291791707744697,-0.1229224422360935,-0.00861814352543801
project-only,SCHOOL_STATE x CATEGORY=MD | Supplies,15316,0.14847218594933403,0.13962664863542207,17.025955210237658,20.289682339404553,-3.2637271291668952,-0.0007185623852901177,2274,3.947882375316275,3.928130856861651,0.019751518454623973,0.001406441381212926
project-only,SCHOOL_STATE x CATEGORY=AL | Books,2319,0.17033203967227253,0.139656480843272,23.486675291073738,20.263039497044506,3.2236357940292315,0.00027700539644144226,395,3.9775551691761133,3.9282152490699747,0.049339920106138635,0.0014688695361658427
project-only,SCHOOL_STATE x CATEGORY=VA | Supplies,14210,0.14630541871921182,0.13964558516998712,23.46726812104152,20.2452774606618,3.2219906603797206,0.0006834573146675022,2079,3.922485222772626,3.928320201904738,-0.00583497913211195,-0.0003974056502806442
project-only,SCHOOL_STATE x CATEGORY=DC | Other,1710,0.15380116959064327,0.13967826626835086,23.47374269005848,20.26396072246243,3.209781967596051,0.00023687915559537567,263,4.015771141805591,3.9282034958090377,0.08756764599655353,0.00212766390644005
project-plus-gift-size,SCHOOL_STATE x gift_decile=ME | 5,2028,0.1711045364891519,0.13965989652656727,17.07204635108481,20.26951213037578,-3.197465779290969,-0.0002569573793405573,347,4.048499959300159,3.928141313921593,0.12035864537856611,0.003358635710178874
project-plus-gift-size,SCHOOL_STATE x gift_decile=TX | 6,1138,0.19507908611599298,0.13966022250406607,23.461942003514938,20.264818666886864,3.1971233366280742,0.00019250473106158055,222,4.140385593500264,3.9281235307033424,0.21226206279692184,0.004738707682633395
project-only,SCHOOL_STATE x CATEGORY=IN | Books,7974,0.16503636819663908,0.1395954039677775,23.445096563832458,20.254710183776133,3.1903863800563244,0.0005076946313764521,1316,4.025481377100509,3.9278534958060956,0.09762788129441358,0.005296906934563966
project-only,SUBJECT_CATEGORY x GRADE_LEVEL=Visual Arts | Grades 9-12,23579,0.12409347300564061,0.1398618510644781,23.420360914372957,20.231645013020312,3.1887159013526443,0.0008693946827361351,2926,4.003605395711773,3.9275412098392892,0.07606418587248376,0.006137185919049994
project-plus-gift-size,SCHOOL_STATE x gift_decile=WV | 5,1310,0.1717557251908397,0.1396699751423585,17.082297709923665,20.26844080698723,-3.186143097063564,-0.00020582327472617686,225,4.045423407516605,3.9281923875755353,0.11723101994106955,0.0026347698804901755
individual,SCHOOL_STATE=ME,10971,0.1489381095615714,0.1396421775802458,17.099389299061162,20.28269825469414,-3.1833089556329774,-0.0005937723896858974,1634,3.886212683973968,3.9285093342898967,-0.04229665031592855,-0.0025557725924947017
individual,SUBJECT_CATEGORY=Applied Sciences,108325,0.14362335564274176,0.13948143458082393,23.283542857142855,20.106960993605433,3.1765818635374217,0.0018191152025449286,15558,4.010433704650325,3.9238065389829773,0.0866271656673474,0.015772073588670246
individual,SCHOOL_STATE=NM,8361,0.14854682454251883,0.13965499345333762,23.4200777418969,20.25423285824067,3.1658448836562307,0.0005158231208923302,1242,4.051347615196163,3.927770501637027,0.12357711355913636,0.006514377791657553
individual,OPTIONAL_SUBJECT_CATEGORY=Character Education,34238,0.13759565395174952,0.13972323803583056,17.162124832057945,20.316581200124755,-3.1544563680668105,-0.001033783124669236,4711,3.907193389992556,3.928614897200952,-0.021421507208395862,-0.0021865298883471597
project-only,SUBJECT_CATEGORY x GRADE_LEVEL=Environmental Science | Grades 9-12,11315,0.14043305346884666,0.13968554194910296,23.40150950066284,20.24997187561321,3.151537625049631,0.0005969432722246666,1589,3.9859497358875005,3.927974164649318,0.05797557123818242,0.0034548548097737986
project-only,SCHOOL_STATE x CATEGORY=KS | Supplies,4057,0.14444170569386247,0.1396805075608751,17.137431599704215,20.272402599121946,-3.1349709994177317,-0.00035616617720656024,586,3.8701579515911475,3.9283932068767964,-0.05823525528564888,-0.0021109752339185574
project-only,SUBJECT_CATEGORY x CATEGORY=Literacy | Supplies,111570,0.15276508021869678,0.13897616581932257,23.23692722057901,20.104463894731797,3.132463325847212,0.0018190777195873648,17044,3.9294270418590673,3.9282111520243674,0.0012158898346998903,0.0002311029542025403
project-only,SCHOOL_STATE x CATEGORY=ID | Books,1242,0.14492753623188406,0.13968644545084252,23.37012077294686,20.264717319356336,3.1054034535905224,0.0001953346275330127,180,4.008152489496598,3.928232188841364,0.07992030065523403,0.0016066996707232901
project-only,SUBJECT_CATEGORY x GRADE_LEVEL=Character Education | Grades PreK-2,6945,0.15133189344852413,0.13965185299922458,23.361598272138227,20.25650697098713,3.1050913011510985,0.00046124920714795374,1051,3.9165435920435288,3.9283210222630265,-0.011777430219497731,-0.0005712999459650612
project-only,SUBJECT_CATEGORY x CATEGORY=Nutrition Education | Supplies,1792,0.14006696428571427,0.13968914965809617,23.366473214285715,20.26392778720292,3.102545427082795,0.00023438625900516964,251,3.7707649738602274,3.928411274328403,-0.15764630046817585,-0.0037420602659652678
project-only,SCHOOL_STATE x CATEGORY=NM | Books,2017,0.1502231036192365,0.13967960340955657,23.343292017848288,20.26362551960374,3.079666498244549,0.00024681921124723467,303,4.123122732090054,3.928083784875325,0.1950389472147287,0.005086221603215684
project-only,SCHOOL_STATE x CATEGORY=GA | Technology,21778,0.13242722013040684,0.13976354164812652,17.220787951143357,20.297573248037708,-3.07678529689435,-0.0008065436989985818,2884,3.9415747876548806,3.9281514424477777,0.013423345207102866,0.0010753277440707287
project-only,SUBJECT_CATEGORY x CATEGORY=Extracurricular | Supplies,3423,0.13438504236050247,0.139697895522395,23.327434998539292,20.26163991081848,3.0657950877208116,0.0003199831870426731,460,4.095520853662209,3.9280242002378807,0.1674966534243283,0.005380521472859139
project-only,SUBJECT_CATEGORY x CATEGORY=Other | Trips,614,0.2915309446254072,0.1396462245555777,17.21442996742671,20.267374710713902,-3.052944743287192,-0.00013504135702551885,179,3.701073856017665,3.928415007881132,-0.22734115186346715,-0.004557709450498363
individual,OPTIONAL_SUBJECT_CATEGORY=Nutrition Education,5510,0.13448275862068965,0.1397027993644696,17.23442831215971,20.274271566522902,-3.0398432543631912,-0.0004023435268114817,741,3.933456560077811,3.9282671739681914,0.005189386109619498,0.00021147618777135857
project-only,SCHOOL_STATE x CATEGORY=RI | Other,726,0.15426997245179064,0.13968455394057117,23.29848484848485,20.26548464373407,3.033000204750781,0.00014587911981874853,112,3.966923677287042,3.9282655662500257,0.03865811103701633,0.0006131122850996016
project-plus-gift-size,SCHOOL_STATE x gift_decile=IL | 6,1133,0.22506619593998234,0.1396445899637743,23.290767872903793,20.264916050882075,3.0258518220217177,0.00018179167906667742,255,4.094470300429391,3.928139156487449,0.16633114394194193,0.003979522023332223
project-only,SUBJECT_CATEGORY x CATEGORY=Mathematics | Trips,1630,0.12883435582822086,0.13969767357692303,23.287815950920244,20.26422049189988,3.0235954590203633,0.00021786065526194706,210,4.14856551358077,3.9281262854166537,0.22043922816411676,0.00478650190119546
project-only,SUBJECT_CATEGORY x CATEGORY=Extracurricular | Other,1070,0.13644859813084112,0.13969107219232235,23.28155140186916,20.265009055004512,3.0165423468646466,0.0001761242070576801,146,3.915927331248308,3.928285926258349,-0.012358595010041107,-0.00022377490963476388
project-only,SCHOOL_STATE x CATEGORY=UT | Other,1645,0.13434650455927052,0.1396935418086722,17.26238905775076,20.26879860649359,-3.0064095487428304,-0.0002176160388571504,221,3.921695596915612,3.9282847706971906,-0.006589173781578417,-0.0001467705329623488
individual,OPTIONAL_SUBJECT_CATEGORY=Mathematics,205098,0.13761713912373597,0.13990723917679382,17.561182654145824,20.550801486509613,-2.9896188323637887,-0.0022994484148280763,28225,3.895732769705945,3.931644255125501,-0.03591148541955613,-0.008609171845817241
individual,OPTIONAL_SUBJECT_SUBCATEGORY=Music & The Arts,107857,0.15301742121512743,0.1389878702364701,23.087045439795283,20.118030330021515,2.9690151097737676,0.0016967661174439428,16504,3.92463917668191,3.9284909351078943,-0.0038517584259842863,-0.0007210930452404746
project-only,SCHOOL_STATE x CATEGORY=IA | Supplies,3777,0.1387344453269791,0.13969113895124355,17.31890653958168,20.27167653426115,-2.952769994679471,-0.00032370394845311466,524,3.945655721486696,3.9282496638809694,0.017406057605726666,0.0005967043109059041
individual,OPTIONAL_SUBJECT_CATEGORY=Visual Arts,39972,0.15188131692184528,0.13945924342832525,23.154030821575105,20.211980123884405,2.9420506976907,0.0010403785763098583,6071,3.919708216892716,3.928456215506601,-0.008747998613884977,-0.001011322301120415
project-only,SUBJECT_CATEGORY x GRADE_LEVEL=Performing Arts | Grades 3-5,9074,0.15858496804055544,0.13960963072295607,23.195592902799206,20.254130296920902,2.9414626058783035,0.0004991978466188029,1439,3.9799430742353827,3.928031995038768,0.05191107919661464,0.0029445703100776212
project-only,SCHOOL_STATE x CATEGORY=TX | Technology,38617,0.13652018541057048,0.1397472437253531,17.382884480928087,20.319077834750516,-2.9361933538224285,-0.001020883490812173,5272,3.8664712500493956,3.929380770377772,-0.06290952032837627,-0.006786436100694509
project-only,SCHOOL_STATE x CATEGORY=SC | Supplies,16555,0.17414678344910903,0.13942293091066424,23.179731199033526,20.243971341384494,2.935759857649032,0.0006717959898453189,2883,3.976018083550096,3.927818709214131,0.04819937433596522,0.0038605298395637984
project-only,SUBJECT_CATEGORY x CATEGORY=Mathematics | Technology,153132,0.12827495232870986,0.14056183409094994,17.55068960112844,20.47406575093878,-2.923376149810341,-0.0019685705713761784,19643,3.9148911076206305,3.9292137520327652,-0.01432264441213471,-0.0029090952305587
project-plus-gift-size,GRADE_LEVEL x gift_decile=Grades 3-5 | 6,6131,0.21007992170934595,0.1394887971234783,23.175530908497798,20.258212649832398,2.9173182586654,0.00040724597888199286,1288,4.102296700656576,3.9275328054008045,0.17476389525577174,0.009381028374429019
individual,SCHOOL_STATE=NC,94555,0.16808206863730105,0.13838763784235408,23.050193326635288,20.138871075908636,2.911322250726652,0.0015628710210653662,15893,3.989646071954263,3.9248625006979116,0.06478357125635137,0.011914364579510015
project-only,SCHOOL_STATE x CATEGORY=LA | Books,7023,0.14224690303289192,0.1396811087372038,23.163716360529687,20.25704076406633,2.9066755964633586,0.00043418533738593946,999,4.066738830753351,3.9278193006428026,0.1389195301105488,0.006570462513837415
project-only,SUBJECT_CATEGORY x GRADE_LEVEL=Performing Arts | Grades PreK-2,4639,0.1504634619530071,0.13966623996059746,17.366356973485665,20.272756928552674,-2.906399955067009,-0.00035304128330482476,698,3.87353620415248,3.928407061093963,-0.054870856941483304,-0.0021703856253415016
project-only,SCHOOL_STATE x CATEGORY=KS | Technology,3405,0.13773861967694567,0.1396925483159258,17.37009691629956,20.271085494007323,-2.900988577707764,-0.00030198611718921614,469,3.8967982635246496,3.9283290209555193,-0.03153075743086964,-0.0010227126949954107
project-only,SCHOOL_STATE x CATEGORY=MS | Technology,5452,0.16397652237710933,0.13962791424103765,23.14540535583272,20.259209754700805,2.8861956011319165,0.00037999647426948296,894,4.013458270401577,3.928026432039126,0.08543183836245083,0.00382308822641019
project-only,SCHOOL_STATE x CATEGORY=ID | Supplies,2505,0.1600798403193613,0.13966575360016042,17.387704590818363,20.269853064528778,-2.8821484737104157,-0.00025739099768723933,401,3.8430911078705545,3.9283934737020125,-0.085302365831458,-0.0025586752398762897
project-only,CATEGORY x GRADE_LEVEL=Books | Grades 6-8,78390,0.1452353616532721,0.1394802910324029,23.041515882127822,20.161841575755123,2.8796743063726993,0.0014130574144118123,11385,3.924827799170372,3.928415512563822,-0.003587713393449654,-0.0005628473000828915
individual,SCHOOL_STATE=MA,51091,0.1427844434440508,0.13961436923616122,23.07611614570081,20.19833524640106,2.877780899299747,0.0011474918733469079,7295,3.964492640510958,3.9273813483535434,0.0371112921574146,0.0046931806945624014
project-only,SCHOOL_STATE x CATEGORY=DE | Books,840,0.15357142857142858,0.13968405487341043,17.39190476190476,20.267625592315937,-2.8757208304111757,-0.0001487740784450925,129,3.8521841099284098,3.928312533440245,-0.07612842351183513,-0.0012957458057287743
individual,SCHOOL_STATE=MO,36129,0.1399983392842315,0.13968420134345286,17.458602230894847,20.314343044955447,-2.8557408140605993,-0.0009609569540348266,5058,3.9106131651902705,3.928581597986346,-0.01796843279607563,-0.0018993029047780995
project-only,SCHOOL_STATE x CATEGORY=WI | Other,2877,0.1411192214111922,0.1396875538266044,17.435005213764338,20.270287658659356,-2.835282444895018,-0.0002713325511253357,406,3.8837541215332085,3.928340020523214,-0.044585898990005646,-0.0013456708347030465
project-only,SUBJECT_CATEGORY x CATEGORY=Performing Arts | Books,1514,0.17701453104359313,0.1396632440483095,17.454108322324966,20.268481197251383,-2.8143728749264163,-0.0001954418569683554,268,3.8693586056196456,3.9283323967215185,-0.05897379110187284,-0.0014464529585673474
project-only,SUBJECT_CATEGORY x CATEGORY=Literature & Writing | Visitors,1017,0.12979351032448377,0.13969413206529277,17.45695181907571,20.267831017916127,-2.810879198840418,-0.0001600021182895104,132,3.956215956844546,3.9282676923039186,0.027948264540627488,0.00048119130145546894
project-only,SUBJECT_CATEGORY x GRADE_LEVEL=Gym & Fitness | Grades 9-12,2777,0.10046813107670148,0.13974002869999957,23.07374144760533,20.262886429802684,2.810855017802645,0.0002642847507721324,279,4.0284192445267974,3.928187117448184,0.10023212707861351,0.0025082971405645917
project-only,SCHOOL_STATE x CATEGORY=NC | Technology,28948,0.16453641011468842,0.13935143497901153,23.017658905623875,20.22907771087621,2.788581194747664,0.00084136378937648,4763,3.9586973908077794,3.927791336873861,0.030906053933918542,0.003171718336920473
project-plus-gift-size,SCHOOL_STATE x gift_decile=HI | 7,1363,0.1892883345561262,0.13965809927619707,23.03247982391783,20.26475650000626,2.767723323911568,0.0001823722771804256,258,4.467726642421344,3.92781758819787,0.5399090542234743,0.012993182765659804
project-only,SCHOOL_STATE x CATEGORY=LA | Supplies,11838,0.14833586754519346,0.1396417438947181,23.017279945936814,20.251324010021694,2.7659559359151196,0.0005358148810623902,1756,3.9997312049387395,3.927861044565282,0.07187016037345728,0.004501037679405972
project-only,SCHOOL_STATE x CATEGORY=CO | Books,6957,0.14072157539169183,0.13968612358110677,17.516353313209716,20.275405286099762,-2.7590519728900453,-0.00041019919534313184,979,3.86939086461501,3.928471919346875,-0.0590810547318652,-0.0027663297054875864
project-only,SUBJECT_CATEGORY x CATEGORY=Health & Life Science | Technology,21379,0.12853734973572198,0.1398011150109698,17.53755460966369,20.293826983640102,-2.7562723739764117,-0.0007159424572514814,2748,3.9049399693574145,3.9284947827115677,-0.023554813354153215,-0.001842338560618319
project-plus-gift-size,SCHOOL_STATE x gift_decile=AR | 7,1509,0.18687872763419483,0.13965642435420075,23.020258449304176,20.264577568987715,2.7556808803164614,0.00019105000484954398,282,4.330035915617081,3.927903538827633,0.40213237678944846,0.010117223991966148
individual,CATEGORY=Supplies,716375,0.1460994590821846,0.13650150755792279,22.092813303088466,19.35820718976346,2.7346061133250075,0.0033769922869997266,104662,3.94882979190402,3.917341015715679,0.03148877618834112,0.012335248394113969
individual,OPTIONAL_SUBJECT_CATEGORY=Gym & Fitness,17262,0.12843239485575253,0.13978028737260004,17.575932684509326,20.288213554242486,-2.71228086973316,-0.0006336665172104595,2217,3.8961402804686056,3.9285181935125544,-0.03237791304394877,-0.002276664350110261
project-only,SUBJECT_CATEGORY x GRADE_LEVEL=Character Education | Grades 3-5,7680,0.14036458333333332,0.13968705097566242,17.56881640625,20.276146003171554,-2.7073295969215536,-0.00042283664846675203,1078,3.918686585590208,3.9283143862098773,-0.00962780061966928,-0.0004729652404599972
project-only,SCHOOL_STATE x CATEGORY=CT | Technology,8474,0.1596648572102903,0.13961067071325833,17.57921052631579,20.277105613249482,-2.6978950869336913,-0.00044252715593684136,1353,3.8822627130907303,3.92848752548931,-0.04622481239857956,-0.0025428327879356543
project-plus-gift-size,GRADE_LEVEL x gift_decile=Grades 6-8 | 6,3382,0.20313424009461856,0.13958982112954293,22.951505026611475,20.262288694818707,2.6892163317927675,0.0002789955409763838,687,4.1383477834279345,3.9277998309376096,0.21054795249032487,0.008262372822214587
individual,SCHOOL_STATE=WI,25008,0.15075175943698016,0.13955969107448438,17.62293905950096,20.297517436165897,-2.674578376664936,-0.0007507368922235443,3770,3.8399590893651294,3.929399125210371,-0.08944003584524163,-0.008179737920050823
project-plus-gift-size,SCHOOL_STATE x gift_decile=CT | 4,806,0.19478908188585609,0.13966886489565292,17.592952853598014,20.267505081220676,-2.6745522276226623,-0.00013553857986214855,157,3.719356173690832,3.928388866307039,-0.20903269261620716,-0.00392484012388367
project-only,SUBJECT_CATEGORY x GRADE_LEVEL=ESL | Grades 6-8,4206,0.12791250594388967,0.1397124749950989,17.6125130765573,20.27169132082554,-2.65917824426824,-0.00030759813384487384,538,3.975993948877341,3.9281945812814567,0.04779936759588432,0.001660337189754725
project-plus-gift-size,SCHOOL_STATE x gift_decile=CA | 6,3265,0.22940275650842268,0.13955344717181506,22.92096784073507,20.262481097218085,2.6584867435169848,0.00027100207130255864,749,4.114515647896037,3.927815790344323,0.18669985755171403,0.007649190888268036
project-only,SUBJECT_CATEGORY x CATEGORY=Literacy | Trips,2073,0.1447178002894356,0.1396846259196709,17.621075735648816,20.26905069867838,-2.647974963029565,-0.0002151444783217777,300,4.039756312318248,3.9281688238904526,0.11158748842779564,0.0028955489713592725
project-only,SUBJECT_CATEGORY x GRADE_LEVEL=Health & Life Science | Grades 9-12,20848,0.1254796623177283,0.13982815964523282,17.651865886415962,20.292026020442556,-2.640160134026594,-0.0006772963738674922,2616,3.9454353709830747,3.9281296727350874,0.017305698247987333,0.0013209470236992503
individual,OPTIONAL_SUBJECT_CATEGORY=Extracurricular,17437,0.14348798531857546,0.13965850327226018,22.8732270459368,20.24525919825068,2.627967847686122,0.0006170476632055359,2502,4.040607776948241,3.9273392915486394,0.11326848539960199,0.008456935517714042
project-only,SCHOOL_STATE x CATEGORY=HI | Supplies,3094,0.14899806076276664,0.13967609080229745,22.886835811247575,20.26274121159498,2.6240945996525937,0.0002604074485684074,461,4.029645482068052,3.9281245963220757,0.10152088574597595,0.003264708860263759
project-only,CATEGORY x GRADE_LEVEL=Technology | Grades 9-12,122999,0.12148879259180968,0.14079020152080973,17.802377255099636,20.415530840280557,-2.613153585180921,-0.0015888774828882568,14943,3.9173598256158213,3.9288498225310273,-0.011489996915206024,-0.002052407112056712
individual,SUBJECT_CATEGORY=Health & Wellness,34362,0.13512019090856178,0.13976344006988242,17.699348117106105,20.30806785361252,-2.6087197365064156,-0.0008564552472035366,4643,3.9170948430946124,3.9284550078100695,-0.011360164715457088,-0.001151284335843609
project-only,SUBJECT_CATEGORY x GRADE_LEVEL=Economics | Grades 9-12,1749,0.10348770726129217,0.13971884447352365,17.693739279588335,20.268593614488857,-2.5748543349005217,-0.00019217500378608017,181,3.7890417570049504,3.92836363770795,-0.13932188070299967,-0.0028086604430252638
project-only,SUBJECT_CATEGORY x CATEGORY=Health & Wellness | Supplies,22095,0.13776872595609865,0.1397093440777556,17.725161801312513,20.29280965049241,-2.5676478491798953,-0.0006779098338380644,3044,3.905860647317045,3.928508763857518,-0.02264811654047305,-0.0018634614528333475
project-only,SCHOOL_STATE x CATEGORY=IL | Trips,3116,0.18677792041078306,0.13962133439323052,22.825089858793323,20.26280374226668,2.562286116526643,0.000255174862840795,582,3.925830662981954,3.92828467785748,-0.0024540148755258784,-8.865228182804668e-05
individual,SCHOOL_STATE=AK,3863,0.1519544395547502,0.13966745644638145,22.801775821900076,20.26195653718831,2.539819284711765,0.0002815797260027035,587,4.148326444663024,3.9278503719249427,0.220476072738081,0.007998860805760748
project-only,SCHOOL_STATE x CATEGORY=IN | Technology,11516,0.16108023619312262,0.1395746358963076,22.76802969781174,20.253077172642296,2.514952525169445,0.00048055551000292555,1855,3.939303542083868,3.928211643776165,0.011091898307702852,0.0007138514248267164
individual,SCHOOL_STATE=LA,32391,0.1506900064832824,0.1395217363265648,22.728634805964617,20.22896506437368,2.499669741590939,0.0007971396406369647,4881,3.986875504109268,3.927315005019202,0.059560499090066,0.006186386714604258
project-only,SUBJECT_CATEGORY x GRADE_LEVEL=Character Education | Grades 6-8,4163,0.14124429497958202,0.13968645664982363,17.8004948354552,20.27127466005395,-2.4707798245987505,-0.0002843434331149507,588,3.898395951831867,3.928338375109969,-0.029942423278102037,-0.0010872327119499424
project-only,SCHOOL_STATE x CATEGORY=VA | Books,8631,0.14227783570849264,0.13967906382832135,17.80931757617889,20.276378251456016,-2.467060675277125,-0.000408380652478285,1228,3.9912702204151387,3.9280221417540098,0.06324807866112891,0.0033153604234091314
project-only,SUBJECT_CATEGORY x GRADE_LEVEL=Gym & Fitness | Grades PreK-2,5852,0.14730006835269993,0.13966875754324173,22.71964798359535,20.259831370773224,2.4598166128221273,0.0003354983540418454,862,3.9480971279286106,3.9282230751285523,0.019874052800058273,0.000873351384032998
project-only,SCHOOL_STATE x CATEGORY=GA | Other,5554,0.1616852718761253,0.13963267526019998,17.84200036010083,20.272765125067984,-2.4307647649671544,-0.00032300664545547095,898,3.867204685675861,3.9284625233885757,-0.06125783771271465,-0.0027474054090422736
project-only,SCHOOL_STATE x CATEGORY=KY | Books,2364,0.15693739424703892,0.1396705377781491,22.6940820642978,20.263841859990155,2.430240204307644,0.00021084353448238262,371,3.846828800070101,3.9283803609178123,-0.08155156084771109,-0.0023530046556212094
project-only,SCHOOL_STATE x CATEGORY=CO | Supplies,9999,0.13781378137813782,0.1396981998663117,17.849306930693068,20.277764084433233,-2.4284571537401654,-0.00043253889875099073,1378,3.9486224684938955,3.928186466734665,0.02043600175923066,0.0011344782825497847
project-only,SCHOOL_STATE x CATEGORY=CO | Trips,929,0.12378902045209902,0.1396963153829919,17.883326157158237,20.26753254741158,-2.3842063902533432,-0.00012971304153138445,115,4.172163862531785,3.92818681010095,0.2439770524308349,0.003920903151074292
project-only,SUBJECT_CATEGORY x CATEGORY=Foreign Languages | Supplies,3938,0.13915693245302183,0.13969043768109748,17.887305738953785,20.27085763682121,-2.3835518978674237,-0.0002668032496898218,548,3.8868624788266604,3.9283554090347783,-0.04149293020811795,-0.0014545885727462586
project-only,SCHOOL_STATE x CATEGORY=MN | Supplies,9857,0.11281322917723445,0.1398128580990411,17.905561529877243,20.27734518686476,-2.3717836569875175,-0.00041944812159252847,1112,3.9376618742984943,3.928245181045361,0.009416693253133435,0.0004698064537032426
individual,CATEGORY=Books,398751,0.14626170216501025,0.13819877101283082,22.192268909670446,19.829710574261117,2.3625583354093287,0.0024047454369238454,58322,3.9444241219996004,3.9244045302685366,0.020019591731063713,0.006507632029815367
project-only,CATEGORY x GRADE_LEVEL=Supplies | Grades PreK-2,289625,0.1517306862321968,0.1378216852448024,22.309539024600777,19.949599766275927,2.35993925832485,0.0021097532473439303,43945,3.9328148661473126,3.927505509221055,0.005309356926257447,0.001541814235308822
project-only,SCHOOL_STATE x CATEGORY=WI | Books,4777,0.15616495708603725,0.13965289146364301,17.922832321540714,20.27170804741806,-2.3488757258773454,-0.0002895220630285253,746,3.8725343829274874,3.9284183116006175,-0.05588392867313008,-0.0022850153118930162
project-plus-gift-size,SUBJECT_CATEGORY x gift_decile=Health & Wellness | 7,4558,0.16344888108819658,0.13963914570309996,22.60893374286968,20.261544777360736,2.3473889655089444,0.0002826430562036523,745,4.40236176691241,3.9271047298713766,0.4752570370410334,0.019419595799000728
project-only,SCHOOL_STATE x CATEGORY=TX | Books,21850,0.15267734553775744,0.1395565389843433,22.579095652173912,20.24283736640102,2.3362582857728924,0.0006134242867796521,3336,3.9044752842646484,3.9285464716857437,-0.024071187421095264,-0.002072353422706422
project-only,SCHOOL_STATE x CATEGORY=NC | Books,20249,0.1724529606400316,0.13937894768866413,22.580777322336903,20.24457208985577,2.3362052324811344,0.0005907312594510784,3492,4.007471936418919,3.927351295237784,0.08012064118113527,0.007055391142316137
project-only,SUBJECT_CATEGORY x CATEGORY=Community Service | Supplies,2248,0.12188612099644128,0.13970803922515104,22.590849644128117,20.26408041453009,2.3267692295980282,0.00019685683904903812,274,4.12940221320116,3.928096859537108,0.20130535366405145,0.00499233991971879
project-only,SUBJECT_CATEGORY x GRADE_LEVEL=Literature & Writing | Grades 9-12,43805,0.13124072594452688,0.13986461767958885,18.00413879694099,20.313407606038677,-2.309268809097688,-0.0008540948179701536,5749,3.8756910791104877,3.929302954662752,-0.0536118755522641,-0.006034546555601091
project-only,CATEGORY x GRADE_LEVEL=Other | Grades 6-8,27085,0.13361639283736385,0.13976669942559958,17.98814288351486,20.29548125814962,-2.30733837463476,-0.0006736851697607243,3619,3.9173882524057277,3.928412359774333,-0.01102410736860504,-0.0009880630521820794
project-only,SCHOOL_STATE x CATEGORY=OR | Other,2518,0.14773629864972201,0.1396800580801071,17.966671961874503,20.26919373466415,-2.302521772789646,-0.0002061595400323193,372,4.033465125037225,3.9281499012380197,0.105315223799205,0.0030427442987804934
project-only,SUBJECT_CATEGORY x CATEGORY=Special Needs | Technology,55621,0.12714622175077758,0.14002150237749283,18.02682440085579,20.325793377286768,-2.2989689764309773,-0.0009554424739611974,7072,3.8713772392484924,3.9296477311027522,-0.05827049185425981,-0.007258268240195947
project-plus-gift-size,SCHOOL_STATE x gift_decile=IA | 7,1286,0.15707620528771385,0.13967909040045504,22.563429237947123,20.265135212373195,2.2982940255739273,0.00014710317587801508,202,4.462841687950919,3.927921287796776,0.5349204001541432,0.011391746763751542
project-only,SCHOOL_STATE x CATEGORY=DE | Technology,1550,0.1406451612903226,0.13968877625352977,17.97249677419355,20.268155392871492,-2.2956586186779404,-0.00016130303322302466,218,3.902863224423453,3.9282983416217245,-0.025435117198271406,-0.0005626987189656484
project-only,SUBJECT_CATEGORY x GRADE_LEVEL=History & Geography | Grades 6-8,19296,0.126917495854063,0.1398047614770235,17.992508291873964,20.28703391551204,-2.2945256236380764,-0.000566500848001427,2449,3.938950878478026,3.928192486076917,0.010758392401108985,0.0007947683477246359
project-only,SCHOOL_STATE x CATEGORY=ND | Supplies,886,0.17155756207674944,0.1396763668782104,17.987212189616255,20.267442300145923,-2.2802301105296685,-0.00012115233993217199,152,3.874242904041883,3.9283072135000054,-0.05406430945812257,-0.0009988355462194132
project-plus-gift-size,SUBJECT_CATEGORY x gift_decile=Literature & Writing | 6,2439,0.21648216482164823,0.1396025242010913,22.543964739647397,20.26392720757353,2.280037532073866,0.00020092209008787116,528,4.096577503244892,3.9279844742064247,0.16859302903846718,0.005801586905361764
project-only,SUBJECT_CATEGORY x GRADE_LEVEL=Gym & Fitness | Grades 3-5,8222,0.14765263926052055,0.13965899052482544,18.027285332036,20.27507451495465,-2.2477891829186483,-0.000363195469796587,1214,3.924368153443136,3.9282957634985767,-0.003927610055440844,-0.0002047067043452899
project-only,SUBJECT_CATEGORY x CATEGORY=Environmental Science | Supplies,37547,0.14938610275121847,0.13951766602791477,22.467294590779556,20.227513713662038,2.239780877117518,0.0007680775689395836,5609,3.9578580230095377,3.9277188288915155,0.03013919411802224,0.0033516965019119746
project-only,SUBJECT_CATEGORY x GRADE_LEVEL=Literacy | Grades 9-12,34450,0.13747460087082727,0.13972541550952866,18.06370566037736,20.30226172223599,-2.238556061858631,-0.0007358539383872585,4736,3.9159662765503547,3.9284765944429885,-0.012510317892633793,-0.0012802793135978472
project-only,SCHOOL_STATE x CATEGORY=IL | Supplies,38593,0.16420076179618065,0.13924287280986464,22.464110849117716,20.22646567755221,2.2376451715655072,0.0007777682564521603,6337,3.9257292635438708,3.928334739814698,-0.0026054762708271895,-0.0003075983402924423
project-only,CATEGORY x GRADE_LEVEL=Trips | Grades 6-8,12929,0.12939902544667028,0.13975152237441432,18.047105731301723,20.27989017913991,-2.2327844478381884,-0.0004519070690324071,1673,4.0053576867076774,3.927849536554159,0.07750815015351842,0.004738678949265279
project-only,SUBJECT_CATEGORY x GRADE_LEVEL=Social Sciences | Grades 3-5,7030,0.15832147937411095,0.1396285342415923,22.482654338549075,20.259258468643385,2.2233958699056906,0.0003322852047763638,1113,3.888102659988682,3.9284289120645393,-0.04032625207585738,-0.0020128104588074355
project-only,SUBJECT_CATEGORY x GRADE_LEVEL=Extracurricular | Grades PreK-2,775,0.1432258064516129,0.1396881923962284,22.466709677419356,20.265714702489642,2.2009949749297135,0.00010937482004476652,111,4.0913203194277745,3.9282198465074005,0.163100472920374,0.002575181291223223
individual,SUBJECT_CATEGORY=Special Needs,151564,0.13228735055818006,0.14024895023987394,18.224660407484627,20.42083789309901,-2.196177485614381,-0.0014718672515176608,20050,3.903989889184802,3.930011670981363,-0.026021781796560894,-0.00533594086703079
individual,SUBJECT_SUBCATEGORY=Special Needs,151564,0.13228735055818006,0.14024895023987394,18.224660407484627,20.42083789309901,-2.196177485614381,-0.0014718672515176608,20050,3.903989889184802,3.930011670981363,-0.026021781796560894,-0.00533594086703079
project-only,SCHOOL_STATE x CATEGORY=CO | Other,3000,0.128,0.13970574579437864,22.452289999999998,20.263461015589307,2.1888289844106907,0.0002138925686740533,384,4.058787531690165,3.9281133850103522,0.13067414667981314,0.0038357426147819164
project-only,SUBJECT_CATEGORY x GRADE_LEVEL=Visual Arts | Grades PreK-2,23352,0.1565176430284344,0.1395052666314183,22.41286784857828,20.243012057567334,2.1698557910109457,0.0005887819389993288,3655,3.9592314544873424,3.9278998355047214,0.031331618982620935,0.002821936239047286
individual,SUBJECT_SUBCATEGORY=Applied Learning,131433,0.1442940509613263,0.13939065376816168,22.29650795462327,20.134770743441504,2.161737211181766,0.0013558992568313446,18965,3.967249695889721,3.925662076140819,0.04158761974890224,0.008309854701230515
project-only,SUBJECT_CATEGORY x CATEGORY=Special Needs | Supplies,60373,0.1342487535818992,0.1398461465809901,18.18355605982807,20.326490921865986,-2.142934862037915,-0.0009268100362509384,8105,3.9236683498364995,3.928407427416454,-0.004739077579954731,-0.0006308407801339842
project-only,SUBJECT_CATEGORY x GRADE_LEVEL=Performing Arts | Grades 9-12,12468,0.1340230991337825,0.13972241031638993,22.391997914661534,20.25414703802984,2.1378508766316955,0.00042495443156775995,1671,4.024237224524744,3.9277447576877296,0.0964924668370144,0.005895831011970128
project-only,SUBJECT_CATEGORY x CATEGORY=Visual Arts | Technology,26634,0.13636704963580387,0.13973100485881276,18.158996771044528,20.292856498368657,-2.133859727324129,-0.0006178902216966907,3632,3.8547455150358396,3.929177228799232,-0.07443171376339253,-0.006682952713925144
project-only,SCHOOL_STATE x CATEGORY=ID | Technology,2326,0.13413585554600171,0.13969545936843514,18.142721410146173,20.26879847274813,-2.126077062601958,-0.00018296795659205245,312,4.020330178653958,3.9281845129465722,0.09214566570738558,0.0024383628641117478
project-only,SUBJECT_CATEGORY x GRADE_LEVEL=Foreign Languages | Grades 3-5,1883,0.1651619755708975,0.13966720512914516,18.14981943706851,20.26835519589995,-2.1185357588314417,-0.00016405776272008816,311,3.7694196112289537,3.928444092279111,-0.1590244810501571,-0.004201370962569846
individual,SUBJECT_CATEGORY=Literature & Writing,273091,0.13529922260345453,0.14032594483283634,18.42080500638981,20.534088585560383,-2.1132835791705737,-0.001842632380668852,36949,3.901547431315796,3.932016689183473,-0.03046925786767707,-0.008222866428736233
project-only,SUBJECT_CATEGORY x CATEGORY=Character Education | Trips,1822,0.1207464324917673,0.13970547972539654,18.174335894621294,20.268274498575842,-2.0939386039545482,-0.00015950713064443993,220,4.1248604192370255,3.928136285843393,0.1967241333936327,0.004372013308282448
project-only,SCHOOL_STATE x CATEGORY=NJ | Other,3812,0.13641133263378805,0.13969526775081142,18.181036201469045,20.27019807038828,-2.089161868919234,-0.00023008583993250461,520,3.9077724661827364,3.9283153937552497,-0.020542927572513303,-0.0007015522312755394
project-only,SUBJECT_CATEGORY x CATEGORY=Health & Wellness | Other,7648,0.1325836820083682,0.1397147504857766,18.216587343096233,20.273800508669527,-2.0572131655732946,-0.00032063235780823535,1014,3.9330567229227045,3.9282638060626254,0.0047929168600790995,0.00022837992065712355
project-only,SCHOOL_STATE x CATEGORY=NY | Visitors,1611,0.159528243327126,0.13967463400849955,18.215344506517688,20.268038839573432,-2.0526943330557437,-0.00014703992984573935,257,3.945710904886488,3.9282650555129943,0.017445849373493694,0.00041902939059515097
project-only,SCHOOL_STATE x CATEGORY=AZ | Technology,13471,0.14341919679311113,0.1396660217149805,18.229897557716576,20.27930593431757,-2.0494083766009936,-0.00042334398016569786,1932,3.856158988191322,3.928745407829878,-0.07258641963855617,-0.004766867517056822
project-only,SUBJECT_CATEGORY x GRADE_LEVEL=Social Sciences | Grades 6-8,6558,0.12839280268374503,0.1397239173928694,18.240940835620616,20.272683383049035,-2.0317425474284185,-0.00029330441515898947,842,3.98477755793851,3.9281215984810833,0.05665595945742652,0.0024607361016505077
project-only,SCHOOL_STATE x CATEGORY=SC | Technology,13355,0.1711718457506552,0.1394933072194134,22.282586297266942,20.253944054130088,2.0286422431368543,0.00041725747586736844,2286,3.9370364329407166,3.9282129882958903,0.008823444644826317,0.0006299317240799708
project-only,SCHOOL_STATE x CATEGORY=MA | Other,4564,0.14241893076248904,0.1396836754606871,22.283382997370726,20.26222859651894,2.0211544008517848,0.00024352177766953734,650,4.039748481829053,3.928038928234225,0.11170955359482848,0.0042643134328759534
individual,SUBJECT_CATEGORY=Civics & Government,8774,0.12878960565306588,0.13973398634084572,18.26261454296786,20.274690904604725,-2.012076361636865,-0.000335802239263572,1130,3.9825022271929313,3.9280758020706843,0.054426425122247046,0.002737185120903383
individual,OPTIONAL_SUBJECT_CATEGORY=Parent Involvement,9503,0.16142270861833105,0.13959328099116977,22.26743975586657,20.257650260957927,2.0097894949086417,0.0003490177718551309,1534,3.976418960248576,3.9280335778399795,0.04838538240859647,0.0028332801641387934
project-only,SUBJECT_CATEGORY x CATEGORY=Music | Trips,984,0.12195121951219512,0.13969756007050746,18.263373983739836,20.267419904443827,-2.004045920703991,-0.00011221001391804446,120,4.018653881720259,3.9282439269572236,0.09040995476303548,0.0014841967783641137
project-only,SUBJECT_CATEGORY x CATEGORY=Environmental Science | Trips,8966,0.12692393486504572,0.13974275287757157,18.274824894044166,20.27481979851179,-1.9999949044676235,-0.00033740317093203877,1138,4.035206966185429,3.927874519329934,0.10733244685549526,0.005416908659605488
project-plus-gift-size,SCHOOL_STATE x gift_decile=DC | 7,3200,0.175625,0.13963606713274243,22.2558,20.263549705978495,1.992250294021506,0.00020105827920030158,562,4.366361037107825,3.9274612248198952,0.4388998122879295,0.015581140021395387
project-plus-gift-size,SUBJECT_CATEGORY x gift_decile=Music | 6,721,0.21220527045769763,0.1396652138643444,22.242135922330096,20.265844926609287,1.9762909957208095,9.472648278769486e-05,153,4.125571683064358,3.9281796950812615,0.19739198798309632,0.003658777927756363
individual,SCHOOL_STATE=PA,60488,0.14614468985583917,0.1395031999297809,22.171466571882025,20.21153850410438,1.9599280677776463,0.0008484440575680924,8840,3.938611941086057,3.9279676171147697,0.010644323971287228,0.001477911980765889
project-only,SUBJECT_CATEGORY x GRADE_LEVEL=College & Career Prep | Grades 6-8,4870,0.12607802874743326,0.13972026763151316,22.220022587268993,20.262084581447027,1.9579380058219655,0.0002436677411004749,614,3.8972340215423693,3.9283433371881653,-0.031109315645796,-0.001154257667884297
project-only,SUBJECT_CATEGORY x CATEGORY=Civics & Government | Technology,2616,0.11353211009174312,0.13972122879923943,18.3165749235474,20.26887356510727,-1.9522986415598709,-0.00017816691965712582,297,4.08897384286379,3.9281213699010022,0.16085247296278737,0.004153009413565681
project-only,SUBJECT_CATEGORY x GRADE_LEVEL=Gym & Fitness | Grades 6-8,4484,0.12221231043710973,0.13972587464572783,18.31878679750223,20.270563374064952,-1.9517765765627217,-0.00023309688561384915,548,3.987798387426659,3.9281714815581124,0.059626905868546576,0.002090298647735313
project-plus-gift-size,SCHOOL_STATE x gift_decile=SD | 5,779,0.1668806161745828,0.13967963896187624,18.318048780487803,20.26720959830798,-1.9491608178201751,-9.710988677361786e-05,130,4.143339226959818,3.9281871008093616,0.21515212615045654,0.003676162642869961
project-only,SUBJECT_CATEGORY x CATEGORY=ESL | Technology,12896,0.12996277915632753,0.1397479719089803,22.193702698511167,20.254913036501904,1.9387896620092633,0.0003919055544469511,1676,3.9492749295430642,3.9281624902415513,0.021112439301512964,0.0012919187167455392
individual,SCHOOL_STATE=CT,26531,0.1560061814481173,0.13948624881645513,22.17934529418416,20.24268233867057,1.9366629555135901,0.0005597171479951827,4139,3.962251792676168,3.927806729257683,0.03444506341848497,0.0032986934457173924
individual,VENDOR_SHIPPING_CHARGES>0=True,934287,0.14479062643491775,0.1357909262763017,19.17142963564729,21.10341171389377,-1.931982078246481,-0.0025100901064059513,135276,3.8668148228578842,3.9783676148244673,-0.11155279196658308,-0.045649503954030876
individual,SCHOOL_STATE=NJ,37443,0.13294874876478915,0.13980855369664438,22.151723686670405,20.23319890475388,1.918524781916524,0.0006570150483910199,4978,3.9379501368431717,3.9281174738173847,0.009832663025787003,0.0010312212617018869
project-only,CATEGORY x GRADE_LEVEL=Supplies | Grades 3-5,210747,0.14769842512586182,0.13882212928120072,21.993940506863684,20.07943220504029,1.9145083018233926,0.0014905126477389016,31127,3.960062179301036,3.9246179907428034,0.035444188558232614,0.008875739223358358
individual,SCHOOL_STATE=WY,908,0.1618942731277533,0.13968011147208836,22.17487885462555,20.265701830717536,1.9091770239080148,0.000102688823181311,147,4.069718145896586,3.9282108933288518,0.14150725256773455,0.0025710025484666976
individual,SCHOOL_STATE=KS,10496,0.1410060975609756,0.13968302483170944,18.366844512195122,20.275795508338113,-1.9089509961429911,-0.0003483155426880446,1480,3.8732979844299678,3.9285513625459894,-0.0552533781160216,-0.003178275006309499
individual,VENDOR_SHIPPING_CHARGES>0=False,1199157,0.13450532332296772,0.14618113315518463,19.42012398710094,21.326359187867503,-1.906235200766563,-0.002483332453606268,161293,3.9497420333416953,3.9035513135109823,0.04619071983071299,0.018953626088949935
project-only,SCHOOL_STATE x CATEGORY=NM | Other,746,0.13672922252010725,0.13969048782999186,22.15983914209115,20.26585048593763,1.893988656153521,9.234154938511741e-05,102,4.169331381023653,3.9281983003651644,0.24113308065848882,0.003649677316782662
project-only,CATEGORY x GRADE_LEVEL=Visitors | Grades PreK-2,2105,0.1496437054631829,0.13967973883812856,22.153857482185273,20.26466175240024,1.8891957297850333,0.00015467369457038097,315,3.9770912660815188,3.9282288497314575,0.04886241635006128,0.0012991945164411347
project-only,CATEGORY x GRADE_LEVEL=Supplies | Grades 9-12,96296,0.13234194566752513,0.14003284658779863,22.067918085901805,20.182317368506876,1.8856007173949294,0.0010210830519878653,12744,3.977346622117703,3.926112769831064,0.0512338522866389,0.008483906273913478
project-only,SUBJECT_CATEGORY x CATEGORY=Environmental Science | Other,5380,0.1449814126394052,0.1396762300339685,18.391349442379184,20.271194777921764,-1.87984533554258,-0.00024586482901386915,780,3.865194813905072,3.9284436857018235,-0.06324887179675143,-0.0026442851621462614
project-only,SCHOOL_STATE x CATEGORY=LA | Other,2791,0.16732353994983876,0.13965365718458694,18.389752776782515,20.26893735959216,-1.8791845828096463,-0.00017713063000105697,467,3.9075130534946485,3.928312177041092,-0.020799123546443532,-0.0006731901312265722
individual,OPTIONAL_SUBJECT_CATEGORY=Health & Life Science,50240,0.1452627388535032,0.13955654379875285,22.07657285031847,20.223336407879444,1.8532364424390266,0.0007329309796793826,7298,3.9674769070897318,3.9273068862729796,0.04017002081675214,0.005081013183251655
individual,SCHOOL_STATE=AL,16605,0.16260162601626016,0.1395116950498066,22.09720806985848,20.25230172336052,1.8449063464979574,0.0004228058410756692,2700,3.957837770118683,3.9280126516475433,0.029825118471139778,0.0023124927601348845
project-plus-gift-size,SUBJECT_CATEGORY x gift_decile=Extracurricular | 7,1236,0.15776699029126215,0.1396790978442605,22.094716828478965,20.265457285108006,1.8292595433709593,0.00011478511626020423,195,4.436244263189055,3.927950950319418,0.508293312869637,0.01063560567231514
individual,SCHOOL_STATE=MI,51414,0.14079822616407983,0.13966238713385296,18.490699614890886,20.309871500021373,-1.819171885130487,-0.0007276136062662163,7239,3.917989807757809,3.928533270155812,-0.01054346239800319,-0.0013283497939457509
project-only,CATEGORY x GRADE_LEVEL=Books | Grades 3-5,126677,0.14695643250155907,0.13923601071273584,21.970731861348153,20.16016327710805,1.8105685842401016,0.0011162089339806305,18616,3.9580045223785105,3.9263223025204677,0.03168221985804287,0.006275957647181808
project-only,SUBJECT_CATEGORY x CATEGORY=Literacy | Other,58057,0.14707959419191485,0.13948503068765017,18.512579361661818,20.315024379064067,-1.802445017402249,-0.0007648732284978438,8539,3.8613022497602327,3.9302336181045407,-0.06893136834430802,-0.0094112681530582
project-only,SUBJECT_CATEGORY x CATEGORY=Applied Sciences | Other,5283,0.14877910278250994,0.13966714400783453,22.060094643195153,20.262101439878485,1.7979932033166683,0.00023303507414639357,786,4.032295110129648,3.928007865553662,0.10428724457598593,0.0043766955122490825
individual,SCHOOL_STATE=IA,10755,0.1305439330543933,0.1397352971464971,18.478177591817758,20.275467941020366,-1.7972903492026084,-0.0003319429179802616,1404,3.9444401357476964,3.928204276293048,0.016235859454648338,0.0009097365784760714
individual,SCHOOL_STATE=MD,39407,0.14038115055700764,0.139676590422962,18.504033801101325,20.299307364725315,-1.79527356362399,-0.0006304324840396075,5532,3.962298604353116,3.927643614255929,0.03465499009718709,0.003827839664721377
project-only,SUBJECT_CATEGORY x GRADE_LEVEL=History & Geography | Grades 3-5,13650,0.1463736263736264,0.13964689095502195,22.02592967032967,20.255299505303913,1.7706301650257572,0.00036816373907136527,1998,3.971292168952024,3.927992788589617,0.0432993803624071,0.0028913834273964108
project-only,SCHOOL_STATE x CATEGORY=OH | Books,6437,0.15473046450209724,0.13964443878127578,18.50738698151313,20.271771458280917,-1.7643844767677876,-0.00025235471348277415,996,3.8671274620690177,3.9284827714963937,-0.06135530942737599,-0.0028975696324481694
project-only,SUBJECT_CATEGORY x GRADE_LEVEL=Other | Grades 9-12,3451,0.12634019124891335,0.13971085754038043,22.017134164010432,20.263699975804947,1.7534341882054854,0.0001837552315027282,436,4.04851683784672,3.9281056832343095,0.1204111546124107,0.003765881135411521
project-plus-gift-size,SCHOOL_STATE x gift_decile=KS | 7,1260,0.15793650793650793,0.13967879735971392,22.012857142857143,20.265484768436814,1.7473723744203298,0.00011070553466533293,199,4.4256199950143955,3.9279512195363906,0.4976687754780049,0.010519487254371436
individual,SCHOOL_STATE=DC,22424,0.15024081341419906,0.1395786090443974,21.99234347128077,20.248373601454297,1.743969869826472,0.00046382218869970605,3369,4.043310495147569,3.926979085868235,0.11633140927933416,0.010064141397571908
project-only,SUBJECT_CATEGORY x GRADE_LEVEL=Environmental Science | Grades 6-8,19622,0.1367852410559576,0.13971612821115104,18.539284986239934,20.282363779629243,-1.7430787933893086,-0.00043393985664994694,2684,3.9280277503131176,3.928282204136705,-0.00025445382358757485,-1.9671079571853652e-05
project-only,SCHOOL_STATE x CATEGORY=NM | Technology,2441,0.14297419090536664,0.1396857417783519,21.984309709135598,20.264559213644247,1.7197504954913505,0.00015161037516050373,349,4.040910329060193,3.9281493159674543,0.11276101309273834,0.003155666591815831
individual,SCHOOL_STATE=ID,7102,0.14291748803154042,0.13967879900375962,18.558414531117993,20.272148685247398,-1.7137341541294049,-0.00025742045916053854,1015,3.926420718174267,3.928286222101467,-0.001865503927199974,-8.893393531526698e-05
project-only,SUBJECT_CATEGORY x CATEGORY=History & Geography | Other,3100,0.1403225806451613,0.13968855226672064,21.975887096774194,20.264045115253673,1.7118419815205215,0.00017004257583561603,435,4.031422576562886,3.9281308005366187,0.10329177602626771,0.003226767972632978
project-only,SUBJECT_CATEGORY x CATEGORY=Literacy | Books,240685,0.14565095456717286,0.13894062885059696,21.778111556598876,20.07662976182337,1.701481794775507,0.001404697973083798,35056,3.9518291124859877,3.9251790151937285,0.0266500972922592,0.007030553971281053
project-only,SCHOOL_STATE x CATEGORY=IL | Technology,37863,0.1538705332382537,0.13943606203345948,18.603040963473575,20.29623003877917,-1.6931890753055967,-0.0005830321659332203,5826,3.913400978314644,3.9285733325952017,-0.01517235428055752,-0.001718973246890453
project-only,SUBJECT_CATEGORY x GRADE_LEVEL=College & Career Prep | Grades 9-12,9927,0.12944494812128537,0.1397368338925229,18.586261710486554,20.274274984314275,-1.6880132738277212,-0.00029957708567498776,1285,4.028763241309885,3.92784952663598,0.10091371467390475,0.0054105913070928826
project-only,SUBJECT_CATEGORY x GRADE_LEVEL=Mathematics | Grades 3-5,109844,0.13571974800626344,0.13990248859272866,18.668287662503186,20.352270022570274,-1.6839823600670876,-0.0009707344189838928,14908,3.930722084907595,3.9281528035787074,0.0025692813288875627,0.0004584295399002127
individual,SUBJECT_CATEGORY=ESL,26870,0.14134722739114253,0.13966854999779335,21.926718645329366,20.24556111655212,1.681157528777245,0.0004889285994257711,3798,3.960058649379978,3.927874213424338,0.03218443595564002,0.002954198642465425
individual,SCHOOL_STATE=TX,114475,0.14276479580694476,0.13951708580826896,21.84988713692946,20.177754277144153,1.6721328597853073,0.000982899236359842,16343,3.9209766119007554,3.928698830758904,-0.007722218858148722,-0.001439025153930931
project-plus-gift-size,SUBJECT_CATEGORY x gift_decile=Applied Sciences | 6,961,0.19562955254942768,0.13966452718984815,21.93209157127992,20.265763121554965,1.6663284497249542,9.220426665850397e-05,188,4.1075708172640235,3.928167989168089,0.17940282809593455,0.0036859019922449387
individual,OPTIONAL_SUBJECT_CATEGORY=Music,25878,0.1513640930520133,0.13954768535073814,21.911591699513103,20.246527448887935,1.6650642506251678,0.00047533594981432936,3917,3.925268666184053,3.9283196031207686,-0.0030509369367157646,-0.0002843409739887885
project-only,SCHOOL_STATE x CATEGORY=DC | Technology,5894,0.14251781472684086,0.13968171315130015,21.902458432304037,20.262022651088614,1.640435781215423,0.00022454095427844542,840,4.039956149096937,3.927967701847299,0.11198844724963752,0.004858225935377677
project-only,SUBJECT_CATEGORY x CATEGORY=College & Career Prep | Books,1633,0.1341090018371096,0.13969369199652368,21.895248009797918,20.265271458937214,1.6299765508607038,0.00011755347331446671,219,4.027141701290274,3.9282080225458014,0.09893367874447279,0.00219371109048681
individual,SUBJECT_CATEGORY=Extracurricular,9423,0.1318051575931232,0.13972406130129028,21.889222116098907,20.259384821648524,1.6298372944503825,0.00028184708138926924,1242,4.028991683498522,3.927863043472289,0.10112864002623301,0.005331004647330327
individual,OPTIONAL_SUBJECT_CATEGORY=Applied Sciences,60285,0.14628846313344945,0.13949970880024268,21.832764203367336,20.221467694475407,1.6112965088919289,0.0006963852968379302,8819,3.9718866547511,3.9269650008035057,0.04492165394759429,0.006229961386971546
individual,OPTIONAL_SUBJECT_SUBCATEGORY=Health & Sports,69177,0.13349812799051708,0.13989462576049994,18.710952628763895,20.318051922608035,-1.60709929384414,-0.000742454953285872,9235,3.949156096659744,3.927619794742561,0.02153630191718303,0.003054220823527544
project-plus-gift-size,CATEGORY x gift_decile=Visitors | 7,1330,0.1736842105263158,0.13966848747410057,21.866541353383457,20.265518303800498,1.6010230495829596,0.00010421133245184468,231,4.478963344654321,3.9278573885833494,0.5511059560709719,0.012550055733045344
project-only,CATEGORY x GRADE_LEVEL=Supplies | Grades 6-8,119701,0.14072564138979624,0.13962857674429563,21.757758999507104,20.17887807222386,1.5788809272832438,0.0009478176561431901,16845,3.9481243784693474,3.927104696513888,0.021019681955459557,0.003973188148800215
individual,SUBJECT_CATEGORY=Visual Arts,96510,0.1453631748005388,0.13942368830553606,21.75989534763237,20.19655030835704,1.5633450392753296,0.0008474725754459538,14029,3.897501560722738,3.929783116900775,-0.03228155617803674,-0.005596088317839764
project-only,SUBJECT_CATEGORY x CATEGORY=Environmental Science | Technology,21594,0.14050199129387794,0.13968124616544664,18.730621005834955,20.28203858204656,-1.5514175762116054,-0.00040498196542112434,3034,3.895303542342901,3.928615399907377,-0.03331185756447619,-0.0027364021206666357
project-only,SUBJECT_CATEGORY x GRADE_LEVEL=Health & Wellness | Grades 6-8,4056,0.12746548323471402,0.13971249502956248,18.718947238658778,20.269421376040075,-1.550474137381297,-0.0001761287463426509,517,3.9572962475991575,3.9282300593764368,0.02906618822272078,0.0009897637015823437
individual,OPTIONAL_SUBJECT_CATEGORY=Team Sports,9321,0.14987662267996996,0.1396452465071575,18.72435575582019,20.273199244876395,-1.5488434890562033,-0.0002663936067220592,1397,4.000236479106665,3.927944728934057,0.07229175017260747,0.0040406276456169885
project-only,SCHOOL_STATE x CATEGORY=GA | Trips,1100,0.11818181818181818,0.13970043846871805,21.80011818181818,20.265723018772693,1.5343951630454882,9.083396604160751e-05,130,4.025466150769011,3.9282379840898023,0.09722816667920897,0.0016612736326430371
individual,SCHOOL_STATE=CO,31107,0.13694666795255087,0.13972960143991772,18.764594142797442,20.288484449895257,-1.5238903070978154,-0.0004763800575003479,4260,3.9528692242791696,3.927927266220506,0.024941958058663616,0.0024227809844956424
project-only,SUBJECT_CATEGORY x GRADE_LEVEL=Special Needs | Grades 3-5,42876,0.1325450135273813,0.13983437311368327,18.77695680567217,20.296717827833564,-1.5197610221613935,-0.0005562213292411452,5683,3.932063433717936,3.9282071976861226,0.003856236031813509,0.00043160693346400603
project-only,SUBJECT_CATEGORY x CATEGORY=Special Needs | Other,24387,0.1372452536187313,0.13971741659737844,18.780757780784846,20.283497233395092,-1.5027394526102462,-0.0004165998157120535,3347,3.9156892933677514,3.9284213814627518,-0.012732088095000371,-0.0010979252202405272
project-only,CATEGORY x GRADE_LEVEL=Books | Grades 9-12,65451,0.13697269713220578,0.1397744883287358,18.82787826007242,20.311529311687806,-1.4836510516153858,-0.0006673039131732874,8965,3.9216416740791025,3.9284835259912243,-0.006841851912121832,-0.0009564457308006187
project-only,SUBJECT_CATEGORY x CATEGORY=Extracurricular | Trips,1142,0.13047285464098074,0.13969434627827812,21.743669001751314,20.265723028220822,1.4779459735304918,8.914604770437286e-05,149,4.150719302649191,3.928169874015459,0.2225494286337315,0.004070833280536025
project-only,SCHOOL_STATE x CATEGORY=AR | Other,1039,0.15110683349374399,0.13968396076530387,18.795370548604428,20.267214628817413,-1.4718440802129855,-8.468186954047182e-05,157,3.933103394932223,3.928277422432825,0.004825972499397757,9.06134359431147e-05
project-only,CATEGORY x GRADE_LEVEL=Trips | Grades PreK-2,7166,0.14010605637733742,0.1396880748114316,21.725587496511302,20.26164157073489,1.463945925776411,0.0002208850113183524,1004,4.007072648440071,3.9280164867295757,0.07905616171049568,0.0037484252755034457
project-only,SUBJECT_CATEGORY x GRADE_LEVEL=ESL | Grades 9-12,3431,0.13727776158554358,0.1396933062066461,18.809752258816673,20.268826676350788,-1.459074417534115,-0.00015246409537220644,471,4.002669466736622,3.9281634598346824,0.07450600690193943,0.0024217712556682137
project-only,SUBJECT_CATEGORY x GRADE_LEVEL=Applied Sciences | Grades 9-12,30061,0.1311333621636007,0.13981040314135879,21.700270450084826,20.246239477355534,1.4540309727292922,0.00044694388311562245,3942,4.085375064237575,3.926197226742022,0.15917783749555303,0.014881684177103265
individual,SUBJECT_SUBCATEGORY=Literacy & Language,931090,0.14003157589491885,0.13942958030307728,19.44162349504344,20.893121586627654,-1.451498091584213,-0.0018850613753625975,130382,3.9101833363642347,3.9420862487940305,-0.031902912429795816,-0.013004498430688247
project-only,SCHOOL_STATE x CATEGORY=VA | Technology,13968,0.14039232531500573,0.13968488194973344,21.7066323024055,20.257118086667262,1.4495142157382368,0.00030486263349223413,1961,3.986974914692409,3.927895394881488,0.05907951981092108,0.003908668706523177
individual,SUBJECT_CATEGORY=Nutrition Education,3064,0.1475195822454308,0.13967832401612093,21.708723890339424,20.264453810151736,1.4442700801876889,0.00014262957229933853,452,3.765223200893114,3.928524933255682,-0.16330173236256806,-0.005200021064166769
project-only,SUBJECT_CATEGORY x GRADE_LEVEL=History & Geography | Grades 9-12,14212,0.1342527441598649,0.13972552614334546,21.693152265690966,20.25704242844581,1.436109837245155,0.00030465277162472563,1908,3.9178065387403773,3.928346687840971,-0.010540149100593865,-0.000687903460768765
individual,OPTIONAL_SUBJECT_CATEGORY=Foreign Languages,8731,0.144542435001718,0.13966973813029754,18.836584583667392,20.27231766162194,-1.4357330779545485,-0.00023902887155991567,1262,3.9360077489344696,3.9282474309177737,0.007760318016695855,0.0004123526762520112
project-only,SCHOOL_STATE x CATEGORY=OR | Supplies,8814,0.14828681642840935,0.13965418511431724,21.672532334921716,20.260736085699516,1.4117962492221992,0.00023615373406991072,1307,4.017852809786015,3.9278896630225173,0.08996314676349737,0.0048644022459323885
project-only,SUBJECT_CATEGORY x CATEGORY=Mathematics | Other,22297,0.13898730770955733,0.13969679834077228,18.872378795353633,20.28106873454839,-1.4086899391947583,-0.0003736005882452925,3099,3.911911617520866,3.9284500535096023,-0.01653843598873639,-0.0013728755595221345
individual,SUBJECT_CATEGORY=Character Education,21178,0.14453678345452828,0.13964139452689306,18.87789356879781,20.280275931047203,-1.4023823622493943,-0.0003625698138947074,3061,3.9049167883496354,3.928519742937592,-0.02360295458795658,-0.0019473842614247806
project-only,SUBJECT_CATEGORY x GRADE_LEVEL=Early Development | Grades PreK-2,39777,0.1503884154159439,0.1394884381582111,21.641191894813584,20.240676247173486,1.4005156476400984,0.0004940686409464444,5982,3.9244133296516526,3.9283582651093734,-0.0039449354577207885,-0.00045277175293256426
individual,SCHOOL_STATE=GA,54372,0.144614875303465,0.13956208393026676,18.907454204369895,20.301653001409807,-1.3941987970399126,-0.0005730512123290521,7863,3.92070782603556,3.9284828550224637,-0.0077750289869036315,-0.0010198228916981217
project-only,SUBJECT_CATEGORY x CATEGORY=Health & Life Science | Supplies,36032,0.14342806394316163,0.13962594400476813,21.63729490452931,20.243215604653443,1.394079299875866,0.0004684883224382848,5168,3.947544440137923,3.9279437167072295,0.019600723430693634,0.00209385846669137
project-only,SUBJECT_CATEGORY x GRADE_LEVEL=Team Sports | Grades 9-12,9460,0.10729386892177589,0.13983218182258475,18.889168076109936,20.272573426273816,-1.3834053501638799,-0.00023969886228094992,1015,4.149403331457244,3.9275324634133675,0.2218708680438768,0.010577222132452314
individual,SUBJECT_CATEGORY=Early Development,41727,0.14923191219114723,0.13950120493206566,21.600856040453426,20.240180794181903,1.3606752462715228,0.0004914125770317765,6227,3.931221849396522,3.928217849173036,0.003004000223485903,0.00035162146272971277
project-plus-gift-size,CATEGORY x gift_decile=Trips | 7,9804,0.13780089759281924,0.13969808754622773,21.616861485108117,20.26033930451145,1.3565221805966665,0.0002392570339582702,1351,4.495726151437518,3.9257239329229643,0.5700022185145537,0.031332815083428237
project-only,SUBJECT_CATEGORY x GRADE_LEVEL=Extracurricular | Grades 6-8,3034,0.13348714568226763,0.13969820081253628,21.609634146341463,20.26461351596053,1.3450206303809331,0.00013217719878809818,405,4.050793993064526,3.9281150243159213,0.12267896874860496,0.0036980829229457174
individual,SCHOOL_STATE=KY,14858,0.14234755687171893,0.13967102504941814,18.950963790550546,20.275631170264514,-1.3246673797139685,-0.00028728398383781606,2115,3.8903275320601045,3.928548248551591,-0.038220716491486506,-0.0026253993107618373
project-only,SUBJECT_CATEGORY x CATEGORY=College & Career Prep | Technology,10862,0.11802614619775363,0.1397991166500926,21.55533511323881,20.25998192851371,1.2953531847251014,0.0002404209046673301,1282,3.98652726069152,3.928031025406961,0.05849623528455927,0.003132687500288667
individual,OPTIONAL_SUBJECT_SUBCATEGORY=Special Needs,89942,0.14182473149362923,0.13959654390611378,21.483001045117966,20.21356780537651,1.2694332397414563,0.0006653757058169307,12756,3.892958378402747,3.9298415467459846,-0.03688316834323757,-0.006110298314312919
individual,OPTIONAL_SUBJECT_CATEGORY=Special Needs,89942,0.14182473149362923,0.13959654390611378,21.483001045117966,20.21356780537651,1.2694332397414563,0.0006653757058169307,12756,3.892958378402747,3.9298415467459846,-0.03688316834323757,-0.006110298314312919
project-only,SUBJECT_CATEGORY x CATEGORY=Early Development | Technology,7309,0.14270077986044602,0.1396792239965573,21.523239841291556,20.26223223345235,1.261007607839204,0.0001921476384970267,1043,4.000686844960472,3.9280284013261197,0.07265844363435248,0.0035111252047549495
individual,SCHOOL_STATE=AZ,42018,0.14807939454519492,0.1395227651664534,19.03928959017564,20.290888977787613,-1.251599387611975,-0.00045356167927582174,6222,3.836644078770895,3.9302122974131573,-0.09356821864226239,-0.010947955597194152
project-only,SCHOOL_STATE x CATEGORY=GA | Books,8298,0.15328994938539406,0.13963693503239025,19.02911183417691,20.271284718634423,-1.2421728844575135,-0.00020163094637196412,1272,3.8975950130054806,3.928410037904659,-0.03081502489917831,-0.0016438359039256778
project-only,SCHOOL_STATE x CATEGORY=MD | Technology,11783,0.12501060850377663,0.1397700980092783,21.501150810489687,20.259723389406343,1.241427421083344,0.0002399303496086033,1473,4.00153349780521,3.9279200307730533,0.07361346703215643,0.004224404491041031
project-only,SCHOOL_STATE x CATEGORY=CA | Books,74603,0.13346648258112945,0.1399124283623758,19.072387973673983,20.30928993684987,-1.2369019631758853,-0.0005926452786865937,9957,3.905111854703177,3.9290717889454814,-0.02395993424230447,-0.00352389717528111
project-only,SUBJECT_CATEGORY x CATEGORY=College & Career Prep | Supplies,4551,0.14326521643594814,0.1396819024705968,19.03878488244342,20.269101663249284,-1.2303167808058646,-0.0001480257168296658,652,3.973858333148378,3.9281810871742855,0.04567724597409262,0.001746322252647169
project-only,SUBJECT_CATEGORY x CATEGORY=Civics & Government | Books,1771,0.13325804630152457,0.1396947489411897,19.041750423489557,20.267512098534905,-1.225761675045348,-9.205818978259896e-05,236,3.971362634285006,3.9282461631075614,0.04311647117744455,0.0009924306398882271
project-only,SUBJECT_CATEGORY x CATEGORY=Literature & Writing | Other,17594,0.13635330226213482,0.13971690219195115,19.057516198704104,20.276449053146283,-1.2189328544421798,-0.0002874808505601668,2399,3.916313362861319,3.9283759882720535,-0.012062625410734551,-0.000882047726164411
individual,OPTIONAL_SUBJECT_CATEGORY=Social Sciences,44591,0.1326949384404925,0.13983712662621267,19.07483415935951,20.29166324289494,-1.2168290835354298,-0.00045398567693306875,5917,3.898188859247599,3.928882751150536,-0.030693891902937143,-0.0035040214378113583
individual,OPTIONAL_SUBJECT_CATEGORY=Other,30855,0.14577864203532653,0.1396010873364068,21.454379517096093,20.2492651965329,1.2051143205631938,0.0003752213703879473,4498,3.944399654066763,3.928035628388014,0.016364025678749172,0.00163269334239743
project-only,SUBJECT_CATEGORY x GRADE_LEVEL=Literacy | Grades 3-5,188650,0.14181818181818182,0.13948542121623833,19.174351709514976,20.37119095549388,-1.1968392459789037,-0.0008865714119611715,26754,3.92517610265748,3.9285824222760164,-0.0034063196185365463,-0.0007971819627412358
project-only,SCHOOL_STATE x CATEGORY=RI | Supplies,2097,0.1592751549833095,0.13967040224403823,21.435913209346687,20.26536748957041,1.1705457197762783,9.56537182751513e-05,334,3.9472501313130124,3.928258883535204,0.01899124777780825,0.0005199444974565441
individual,OPTIONAL_SUBJECT_CATEGORY=ESL,76140,0.1367349619122669,0.13979758190252634,19.143869451011295,20.30758782857615,-1.1637183775648552,-0.000563086846802116,10411,3.910571937557474,3.928913755217411,-0.018341817659937032,-0.0027562796536570464
individual,SUBJECT_CATEGORY=Team Sports,19720,0.12271805273833672,0.1398460691865101,21.405508113590262,20.255995314131912,1.1495127994583498,0.0002868786281182951,2420,4.084513278501093,3.927014847668712,0.1574984308323808,0.011566548298021109
project-only,SCHOOL_STATE x CATEGORY=MI | Books,9345,0.1355805243445693,0.1397073444228218,19.122337078651686,20.271484661496785,-1.1491475828450994,-0.0001979010248773318,1267,3.9116405275196966,3.9283502080239074,-0.016709680504210844,-0.0008896362192122948
project-only,SCHOOL_STATE x CATEGORY=DC | Trips,1115,0.10403587443946188,0.13970790506334693,19.12380269058296,20.26709664146026,-1.1432939508773003,-6.81410061600551e-05,116,4.0674876645774924,3.9282263183486505,0.1392613462288419,0.0022477451926149147
project-plus-gift-size,SCHOOL_STATE x gift_decile=RI | 7,903,0.1716500553709856,0.13967607674078486,21.39388704318937,20.266033380321083,1.1278536628682865,6.049663052888998e-05,155,4.310707324431328,3.9280830879965367,0.38262423643479115,0.007138347680309652
project-only,SCHOOL_STATE x CATEGORY=LA | Technology,10232,0.15451524628616106,0.13961879330200247,21.387581118060986,20.261161742180015,1.126419375880971,0.0002029426137029608,1581,3.9231143115795764,3.9283071874835636,-0.005192875903987204,-0.00030867573538803113
project-only,SCHOOL_STATE x CATEGORY=TX | Other,11677,0.1431874625331849,0.1396704220348915,19.160900059946904,20.272524009291843,-1.1116239493449385,-0.0002138800020009727,1672,3.9327717118271845,3.928254870384198,0.0045168414429865855,0.00027606773382242314
project-only,SUBJECT_CATEGORY x CATEGORY=Social Sciences | Other,2683,0.14647782333209095,0.1396810084578207,19.15834140887067,20.267885841935914,-1.1095444330652455,-0.00010254399445848493,393,3.974778846678867,3.9282192032939247,0.04655964338494245,0.0013825905937678907
project-only,SUBJECT_CATEGORY x GRADE_LEVEL=Community Service | Grades 9-12,1881,0.09994683678894205,0.13972415463712287,19.162126528442318,20.267469593758975,-1.1053430653166565,-8.555147784099547e-05,188,4.0828490965062025,3.9281834252590597,0.1546656712471428,0.0031776673301766255
project-only,SCHOOL_STATE x CATEGORY=KY | Supplies,4565,0.1502738225629792,0.13966701344054672,19.178841182913473,20.268812597602754,-1.0899714146892805,-0.0001313411741289331,686,3.9201423756065203,3.928298508415264,-0.00815613280874361,-0.00031983240657961875
project-only,SUBJECT_CATEGORY x CATEGORY=College & Career Prep | Other,1098,0.10746812386156648,0.13970587553103744,19.17863387978142,20.267059697005962,-1.0884258172245431,-6.437465577144564e-05,118,4.010586892868725,3.9282476881375654,0.0823392047311593,0.0013403978525738424
project-only,SCHOOL_STATE x CATEGORY=MA | Trips,1419,0.14587737843551796,0.1396853897135752,21.347892882311488,20.265793649799452,1.0820992325120358,7.275131778856416e-05,207,4.096537012706659,3.928164253674735,0.16837275903192417,0.0036297680336927866
project-plus-gift-size,SCHOOL_STATE x gift_decile=TN | 7,5267,0.16100246819821531,0.13963728848063947,19.202836529333585,20.269109493441135,-1.0662729641075508,-0.00013798904603967694,848,4.254309325480943,3.927359686052871,0.32694963942807176,0.014250754178847642
individual,OPTIONAL_SUBJECT_CATEGORY=Environmental Science,45769,0.1459940134151937,0.13955277437630714,21.309058314579737,20.243901961852472,1.0651563527272643,0.0004025009389843968,6682,3.939266364357093,3.9280307458353754,0.011235618521717505,0.0013612913453977659
project-only,SCHOOL_STATE x CATEGORY=AR | Supplies,4208,0.15541825095057035,0.1396587158827377,19.206858365019013,20.26857705837099,-1.0617186933519775,-0.00012284252675612788,654,3.948123213311463,3.928236769031083,0.01988644428038011,0.0007614567597017705
project-only,SUBJECT_CATEGORY x CATEGORY=College & Career Prep | Trips,1885,0.1389920424403183,0.13969007364150246,19.220180371352786,20.267420862880346,-1.0472404915275604,-8.114050894198414e-05,262,4.013749809161424,3.9282055460412453,0.0855442631201786,0.0020745491742216638
project-only,SCHOOL_STATE x CATEGORY=MI | Other,5196,0.13606620477290224,0.13969821359851423,19.241235565819863,20.268981575468906,-1.027746009649043,-0.00013210586274732574,707,3.9012951266716187,3.92834341026535,-0.027048283593731348,-0.0010767388086354707
individual,OPTIONAL_SUBJECT_SUBCATEGORY=Math & Science,362081,0.14123911500465366,0.1393768216802446,19.412418989121218,20.43881740321379,-1.0263984140925722,-0.001005859447198753,51140,3.9247421919400716,3.9290032134501827,-0.004261021510111096,-0.0013160476879329156
project-only,SCHOOL_STATE x CATEGORY=AL | Technology,6671,0.16069554789386897,0.139624289514086,19.249127567081395,20.269662134036675,-1.0205345669552806,-0.0001485853517789614,1072,3.9184725206914095,3.928314958182536,-0.009842437491126343,-0.0004821666341088878
project-only,SCHOOL_STATE x CATEGORY=PA | Books,11293,0.15186398654033473,0.13962538178906367,19.25353227663154,20.27183747216837,-1.0183051955368327,-0.00019269397544793645,1715,3.912559548232481,3.9283699360173094,-0.01581038778482835,-0.0009786019684701768
individual,SUBJECT_CATEGORY=Mathematics,303233,0.13547008406077174,0.1403797359770516,19.39701892604037,20.40874988063452,-1.0117309545941495,-0.0009220993237879273,41079,3.931797923004891,3.9277245384496067,0.004073384555284498,0.001150021050201465
individual,SCHOOL_STATE=AR,11231,0.15154483127059032,0.13962740608132262,19.27547858605645,20.271693167216096,-0.996214581159645,-0.00018799828855108752,1702,3.8861572403685005,3.9285192500288293,-0.04236200966032877,-0.002612144854231725
project-only,SCHOOL_STATE x CATEGORY=OR | Technology,10317,0.1471357952893283,0.1396536727562082,19.294683532034504,20.271176654474537,-0.9764931224400328,-0.00017665672569754974,1518,4.013575429641734,3.9278479994330424,0.08572743020869167,0.004993786205668547
individual,SCHOOL_STATE=IL,116309,0.15850020204799284,0.13861723373234172,21.176085169677325,20.21465869466668,0.9614264750106436,0.0005693909258224461,18435,3.9178208320813948,3.9289616308183755,-0.011140798736980706,-0.0021968384333568643
project-plus-gift-size,SUBJECT_CATEGORY x gift_decile=Team Sports | 7,3003,0.1561771561771562,0.13966647491086606,21.215101565101563,20.265182968927665,0.9499185961738981,9.287246894047865e-05,469,4.492418223987465,3.9274003788464977,0.5650178451409671,0.018326579194665432
project-only,SUBJECT_CATEGORY x CATEGORY=Visual Arts | Trips,927,0.14023732470334413,0.1396892279961055,21.188381877022653,20.266109189988015,0.9222726870346385,5.012234182570305e-05,130,4.027319196577601,3.928237184169646,0.09908201240795478,0.0016929490733444395
individual,OPTIONAL_SUBJECT_CATEGORY=Early Development,57513,0.14984438300905883,0.1394112527634593,19.379500982386592,20.290806546653574,-0.9113055642669821,-0.00038494922588575833,8618,3.888816573425255,3.9294420125553198,-0.04062543913006467,-0.005571478343273116
individual,SCHOOL_STATE=VA,42449,0.14299512356003674,0.13962309662376113,21.15746213102782,20.248618066673444,0.9088440643543763,0.00033100318375642914,6070,3.962923142253248,3.927567616390931,0.03535552586231683,0.004086985947135213
project-only,SUBJECT_CATEGORY x GRADE_LEVEL=Civics & Government | Grades 9-12,3616,0.10951327433628319,0.13974014103869276,19.360221238938053,20.268027590044063,-0.9078063511060108,-9.737972652671069e-05,396,4.072317447970854,3.928090366383216,0.1442270815876383,0.004299123498838011
project-only,SUBJECT_CATEGORY x CATEGORY=Team Sports | Other,5640,0.10372340425531915,0.13978376157058756,21.169962765957447,20.264136849973777,0.9058259159836695,0.00012129452555462572,585,4.14161379223593,3.927864897786082,0.2137488944498478,0.0077416026887910045
project-only,SUBJECT_CATEGORY x CATEGORY=Literature & Writing | Books,77335,0.14289778237537984,0.13957014574533927,21.136527186914076,20.234149363605454,0.9023778233086226,0.0004399190408300638,11051,3.950980861849028,3.9274155580729366,0.02356530377609145,0.0036444349267783665
individual,SUBJECT_SUBCATEGORY=Health & Sports,78481,0.13274550528153312,0.13995168173264438,19.421389763127383,20.298418902344842,-0.8770291392174592,-0.00043059886805729204,10418,3.9595084973461154,3.927161402943293,0.032347094402822574,0.0048624697319288685
individual,SUBJECT_CATEGORY=Economics,3400,0.14441176470588235,0.13968200748217688,21.14175,20.265123656533156,0.8766263434668424,9.118783010743427e-05,491,3.8429500823007916,3.9284192274911462,-0.08546914519035465,-0.0028363971921823226
project-only,SUBJECT_CATEGORY x GRADE_LEVEL=ESL | Grades 3-5,8234,0.14853048336167113,0.13965558167135975,21.13657760505222,20.263171166600728,0.873406438451493,0.00014122666946343032,1223,3.937357011540503,3.928242940118477,0.00911407142202636,0.00047677503080983925
project-only,CATEGORY x GRADE_LEVEL=Other | Grades PreK-2,104284,0.14641747535575927,0.13934762484774665,19.461876222622838,20.30738742509135,-0.8455112024685114,-0.00047554536595017003,15269,3.891413635660795,3.9302480838336256,-0.03883444817283044,-0.00700809159627029
project-only,SUBJECT_CATEGORY x CATEGORY=Character Education | Other,3107,0.1297071129707113,0.1397038645999377,19.42323463147731,20.26772213289179,-0.8444875014144806,-8.39800835678731e-05,403,4.055078360313153,3.9281101012341844,0.12696825907896825,0.0038179316420394556
individual,OPTIONAL_SUBJECT_CATEGORY=Health & Wellness,37084,0.13159313989860857,0.13983110817568523,19.455301477726245,20.280697546822662,-0.825396069096417,-0.00028132935262899884,4880,3.961002434123806,3.927741186335087,0.03326124778871886,0.0034544070686328096
project-only,SUBJECT_CATEGORY x CATEGORY=Mathematics | Supplies,117338,0.14370451175237348,0.13945846077807406,21.04271540336464,20.221846937844884,0.8208684655197551,0.000488170107830096,16862,3.9530777856718644,3.9268097725398707,0.026268013131993673,0.0049675960338070495
individual,SUBJECT_SUBCATEGORY=History & Civics,87432,0.13785570500503247,0.1397669415353212,21.04975272211547,20.233412686676793,0.8163400354386781,0.0004221294505579623,12053,3.936906334527935,3.9279204481537984,0.008985886374136776,0.0014488181660719042
project-only,SUBJECT_CATEGORY x CATEGORY=Extracurricular | Technology,3387,0.11868910540301152,0.13972249427300215,19.454062592264542,20.267783450984652,-0.8137208587201101,-8.44825985096536e-05,402,3.910809225837236,3.9283032797328397,-0.017494053895603656,-0.0005253934677302434
individual,GRADE_LEVEL=Grades 6-8,378070,0.1366492977490941,0.14033565823398253,20.928516253603828,20.125793607066676,0.802722646537152,0.0008002521513506036,51663,3.9291774374392365,3.9280941825189015,0.0010832549203350084,0.00033592592841729995
project-plus-gift-size,SUBJECT_CATEGORY x gift_decile=Foreign Languages | 7,2371,0.1530999578237031,0.13967470489641495,19.475761282159425,20.2673758281258,-0.7916145459663753,-6.87806360704864e-05,363,4.315722929040067,3.9278125598919384,0.3879103691481287,0.01107118297306178
project-only,SUBJECT_CATEGORY x GRADE_LEVEL=Visual Arts | Grades 3-5,29887,0.1496637333957908,0.13954930586671568,21.040260648442466,20.255632839766097,0.7846278086763689,0.00024049178836266634,4473,3.898730889257051,3.9287252532473866,-0.029994363990335504,-0.0029844351168610878
project-only,SUBJECT_CATEGORY x GRADE_LEVEL=Mathematics | Grades PreK-2,112268,0.14299711404852675,0.13950783461709276,19.529718886949087,20.306963853547735,-0.7772449665986478,-0.000452692534579195,16054,3.94136365073604,3.927543517979874,0.013820132756166004,0.002553785197231941
individual,SUBJECT_CATEGORY=Community Service,5098,0.11416241663397411,0.13974994492690848,21.011849744998038,20.2647396413789,0.7471101036191392,9.512532132666e-05,582,4.06778904534032,3.928009917870608,0.13977912746971244,0.005049577623064711
project-only,SUBJECT_CATEGORY x GRADE_LEVEL=Literature & Writing | Grades PreK-2,84712,0.13967324582113513,0.13969012659791744,19.561779677023324,20.29531672161971,-0.7335370445963854,-0.0003736105268294335,11832,3.872656821318255,3.9305536883944834,-0.05789686707622854,-0.00925242101071356
project-only,SCHOOL_STATE x CATEGORY=SD | Supplies,1416,0.13983050847457626,0.13968937091021116,20.99379943502825,20.26602778272666,0.7277716523015911,4.887757398420192e-05,198,4.088031220970212,3.9281748803531653,0.15985634061704657,0.003370472776243984
project-only,SUBJECT_CATEGORY x CATEGORY=Environmental Science | Books,6747,0.16348006521416927,0.13961480662890918,19.56036016007114,20.268721533629417,-0.7083613735582759,-0.00010371829236128049,1103,3.891268967826646,3.9284159340546783,-0.03714696622803215,-0.0018458048338336165
project-only,SUBJECT_CATEGORY x GRADE_LEVEL=Literacy | Grades 6-8,65401,0.13709270500451062,0.1397706685002221,20.952033149340224,20.24506801002016,0.7069651393200651,0.00031785507123554033,8966,3.9410235077782727,3.927889060180162,0.013134447598110555,0.00183620832773561
project-only,SUBJECT_CATEGORY x CATEGORY=Team Sports | Supplies,12513,0.12722768320946215,0.13976218491039613,20.9654902900983,20.262426628910244,0.7030636611880539,0.0001400030104194544,1592,4.042176847424555,3.927674895114733,0.11450195230982185,0.00682975406707293
project-only,CATEGORY x GRADE_LEVEL=Other | Grades 3-5,66374,0.1414710579443758,0.13963289498232404,20.94650194353211,20.24491457178257,0.7015873717495396,0.0003177010575278638,9390,3.950256978722219,3.9275729434994084,0.022684035222810373,0.003243012948748522
project-only,SCHOOL_STATE x CATEGORY=CO | Technology,10124,0.13749506124061636,0.13969981273233767,19.576181351244568,20.269761270997734,-0.6935799197531658,-0.00012430150181020228,1392,3.967930132971665,3.9280958916767172,0.03983424129494795,0.002222499524299494
individual,GRADE_LEVEL=Grades 3-5,667112,0.14100780678506758,0.13909907684376158,19.795944219261532,20.477234619433002,-0.6812904001714699,-0.0008256559934335221,94068,3.9355692331458347,3.9249708167706583,0.010598416375176445,0.004040688292582656
project-only,SCHOOL_STATE x CATEGORY=ME | Books,2425,0.1575257731958763,0.13966938657856004,19.59459381443299,20.267261909458913,-0.672668095025923,-5.910686198162929e-05,382,3.947740825662254,3.92825523105119,0.01948559461106436,0.0005704807053055001
project-only,SCHOOL_STATE x CATEGORY=CT | Trips,1324,0.07930513595166164,0.13972655488851568,20.93820241691843,20.266092996390558,0.672109420527871,4.364918344109297e-05,105,4.115175274953188,3.928214779129655,0.1869604958235329,0.0028710445106817245
project-only,SUBJECT_CATEGORY x GRADE_LEVEL=Literature & Writing | Grades 6-8,53421,0.13715580015349768,0.1397538132980375,19.612490032009884,20.28311620961289,-0.6706261776030047,-0.0002732849957476671,7327,3.921961426973293,3.9284374309253884,-0.006476003952095244,-0.0008207201849290738
individual,SCHOOL_STATE=OH,36413,0.14077389943152172,0.1396708406217591,19.615490346854145,20.277685433351046,-0.6621950864969008,-0.0002236877890439899,5126,3.906120658617281,3.928663482553576,-0.02254282393629481,-0.0023985147127298903
project-only,SCHOOL_STATE x CATEGORY=IL | Other,12160,0.15213815789473684,0.13961887957982377,19.608940789473685,20.270233975745864,-0.6612931862721787,-0.00012982507458191107,1850,3.869456739057932,3.928643370874618,-0.0591866318166856,-0.003804022794290546
project-only,SCHOOL_STATE x CATEGORY=OH | Supplies,12618,0.14495165636392454,0.13965849659028265,20.910256776034238,20.262717238310838,0.6475395377234001,0.0001294830496224959,1829,3.9594916636776447,3.928089300938643,0.03140236273900188,0.0020068643949283952
project-only,SCHOOL_STATE x CATEGORY=WV | Technology,2051,0.166747927840078,0.13966370775404655,19.640453437347634,20.26710150167097,-0.6266480643233372,-5.06437001390533e-05,342,3.938890293946801,3.928267879190113,0.010622414756687792,0.0002942800276686437
project-only,SUBJECT_CATEGORY x CATEGORY=Character Education | Books,4469,0.14007607965987917,0.1396886608140537,19.644361154620718,20.26779739025189,-0.6234362356311713,-7.433139765872195e-05,626,3.849513443871939,3.928443939187172,-0.078930495315233,-0.0029570008763327316
individual,OPTIONAL_SUBJECT_CATEGORY=History & Geography,52201,0.1428899829505182,0.139610079526443,20.86919177793529,20.251556868985446,0.6176349089498423,0.000248872230058415,7459,3.8864569926199195,3.929341663122418,-0.042884670502498334,-0.0054823879314048396
project-only,CATEGORY x GRADE_LEVEL=Trips | Grades 9-12,13866,0.11914034328573489,0.13982242904301517,20.878977354680515,20.262542519125788,0.6164348355547276,0.00012917774891391045,1652,4.1513053164196645,3.9270502861065006,0.22425503031316385,0.013624619365887202
project-only,SCHOOL_STATE x CATEGORY=VA | Other,4726,0.15023275497249258,0.13966631010874242,20.876263224714346,20.26516653826244,0.611096686451905,7.492140927782704e-05,710,3.963838187826678,3.9281959423591406,0.03564224546753758,0.0014218474787958952
project-only,SCHOOL_STATE x CATEGORY=AL | Other,2074,0.17695274831243973,0.13965359607557398,20.836398264223725,20.265957042943132,0.5704412212805927,4.6358764714392205e-05,367,3.8793512057562096,3.928339611833757,-0.048988406077547175,-0.0014058299193756732
project-only,SCHOOL_STATE x CATEGORY=DC | Supplies,7492,0.16457554725040044,0.13960271568497906,20.828663908168714,20.26454601794451,0.5641178902242032,8.702391813712145e-05,1233,4.020605348420718,3.9279005392943147,0.09270480912640311,0.004869276227046463
individual,OPTIONAL_SUBJECT_CATEGORY= ,698274,0.1348252978057324,0.1420182240779974,20.643233830845773,20.086143756299233,0.5570900745465401,0.0006834633433171121,94145,3.945009363077018,3.920676240236358,0.024333122840659804,0.009279171214057462
individual,OPTIONAL_SUBJECT_SUBCATEGORY= ,698274,0.1348252978057324,0.1420182240779974,20.643233830845773,20.086143756299233,0.5570900745465401,0.0006834633433171121,94145,3.945009363077018,3.920676240236358,0.024333122840659804,0.009279171214057462
project-only,SUBJECT_CATEGORY x GRADE_LEVEL=Civics & Government | Grades 3-5,1925,0.1677922077922078,0.13966435854967774,20.817127272727273,20.266013702056608,0.5511135706706654,4.315072189447643e-05,323,3.9127419797186973,3.928296613299557,-0.015554633580859623,-0.0004187928283899358
project-only,SUBJECT_CATEGORY x GRADE_LEVEL=Economics | Grades 3-5,732,0.19262295081967212,0.13967149215325048,19.72770491803279,20.266688516789017,-0.5389835987562286,-2.6030521586091378e-05,141,4.013674642844424,3.9282399535882195,0.08543468925620434,0.0015202438940943811
project-only,SCHOOL_STATE x CATEGORY=CA | Supplies,130195,0.13192518913936788,0.14018826708326157,19.762715158032183,20.298870807055597,-0.5361556490234136,-0.0003348058549305871,17176,3.8965851177738964,3.9301961025728587,-0.033610984798962296,-0.006411606975170588
project-only,SCHOOL_STATE x CATEGORY=IN | Trips,660,0.20606060606060606,0.139669147043491,19.740939393939396,20.266666467234717,-0.5257270732953216,-2.410967419230184e-05,136,4.017122367784854,3.928239815059324,0.0888825527255297,0.0015533132470570295
individual,OPTIONAL_SUBJECT_SUBCATEGORY=Literacy & Language,518731,0.14149530296049398,0.1391175987590145,19.87286215784289,20.39116275846996,-0.5183006006270716,-0.0005808165097409185,73398,3.9240277021627112,3.9296495301292125,-0.005621827966501236,-0.0019854577107408845
project-only,SUBJECT_CATEGORY x CATEGORY=Performing Arts | Visitors,1227,0.17685411572942136,0.1396683084696902,20.772249388753057,20.266217706142772,0.5060316826102849,3.1637481954679333e-05,217,4.068622100837008,3.928178781558552,0.14044331927845555,0.0030998851948368855
project-only,SUBJECT_CATEGORY x GRADE_LEVEL=Environmental Science | Grades PreK-2,20611,0.15161806802193004,0.13957436967886028,20.758020474503905,20.261763176484298,0.49625729801960716,0.0001265892461214727,3125,3.9630952955065517,3.9279150331531785,0.03518026235337324,0.002932453258338743
project-only,SCHOOL_STATE x CATEGORY=PA | Supplies,21144,0.15049186530457814,0.13958251390683823,20.75646566401816,20.261654717087147,0.4948109469310147,0.00012782595967830292,3182,3.9494574160711498,3.928053881643975,0.021403534427174797,0.0018001184357783271
project-only,SCHOOL_STATE x CATEGORY=NV | Books,3478,0.15238642898217367,0.13966895555020978,19.77600345025877,20.267297843409157,-0.4912943931503868,-5.168703697625204e-05,530,3.9691582018804716,3.928207899123017,0.040950302757454704,0.0014118346459833424
project-only,SUBJECT_CATEGORY x CATEGORY=Performing Arts | Supplies,13862,0.14940124080219305,0.13962664063367683,19.778556485355647,20.269662003563354,-0.4911055182077071,-0.00010289946280897001,2071,3.926738878563057,3.9282906038613135,-0.0015517252982566454,-0.00010548195776151718
project-only,CATEGORY x GRADE_LEVEL=Technology | Grades 6-8,138242,0.12946137932032234,0.14038994482155934,19.818967245844245,20.297155729234266,-0.47818848339002074,-0.0003070861122237145,17897,3.908550167667611,3.929525967180447,-0.020975799512836346,-0.004079261105784868
project-only,SUBJECT_CATEGORY x CATEGORY=ESL | Other,2357,0.15655494272380144,0.1396710122923636,19.79121764955452,20.26702556642671,-0.47580791687219204,-4.121919550946324e-05,369,3.9036235010867295,3.928310172896115,-0.02468667180938544,-0.0007103636398851574
individual,OPTIONAL_SUBJECT_CATEGORY=Literacy,212839,0.14123821292150404,0.13951989382415655,19.841015697311114,20.31309170269735,-0.47207600538623495,-0.0003691489884977001,30061,3.9147569513799634,3.929778779483778,-0.015021828103814805,-0.003703996096674611
individual,SUBJECT_CATEGORY=Literacy,612757,0.14243166540733113,0.13860120321730124,19.930142128119304,20.39999358171845,-0.4698514535991478,-0.0005555898782264535,87276,3.91321550149322,3.9344235780635954,-0.02120807657037549,-0.007914903247132973
project-only,SCHOOL_STATE x CATEGORY=CT | Other,2789,0.15489422732162064,0.1396697763922386,20.73516314091072,20.26589876949575,0.46926437141497246,4.4216702239832803e-05,432,4.01015074014881,3.9281623756465045,0.08198836450230562,0.0025524287415948916
individual,GRADE_LEVEL=Grades 9-12,321089,0.1275939069852907,0.1418051473692525,19.869971814668208,20.33586495033216,-0.46589313566395063,-0.0004348319554224095,40969,3.9511422514317713,3.9246817560892,0.026460495342571555,0.007462045233921457
project-only,SCHOOL_STATE x CATEGORY=MO | Other,3845,0.15110533159947984,0.1396690756217431,19.80658257477243,20.2673269795382,-0.4607444047657694,-5.096197716804374e-05,581,3.838303705339847,3.9284537861963007,-0.09015008085645349,-0.0032539145512403894
project-only,SUBJECT_CATEGORY x GRADE_LEVEL=Applied Sciences | Grades 6-8,31807,0.13905744018612254,0.13969892380011642,20.712246675260165,20.25983366408201,0.45241301117815524,0.00014298672607012018,4423,3.9719187274559724,3.9276297442091854,0.044288983246786984,0.004382417935867222
project-only,SCHOOL_STATE x CATEGORY=WA | Supplies,24821,0.10273558680149873,0.1401196925087349,19.82880383546191,20.27160145368376,-0.44279761822185293,-0.00012383029558562085,2550,3.9736075625217606,3.9278930145074593,0.045714548014301304,0.0034454813638501707
project-only,SCHOOL_STATE x CATEGORY=MA | Supplies,15994,0.1491809428535701,0.13961855202985812,20.702548455670875,20.263247880455342,0.43930057521553323,9.882106181017556e-05,2386,3.9536750816080324,3.928077213873571,0.025597867734461488,0.001866738885748302
individual,OPTIONAL_SUBJECT_CATEGORY=College & Career Prep,35227,0.13628750674198767,0.1397459507333529,19.838098049791355,20.27361900245904,-0.43552095266768376,-0.00014474261012481949,4801,3.9020656348414717,3.928704435711703,-0.026638800870231183,-0.0027445014106792943
individual,CATEGORY=Visitors,7968,0.14156626506024098,0.13968250422558284,20.693264307228915,20.26492312976076,0.42834117746815537,6.813751143461681e-05,1128,3.986618074747993,3.928060696979957,0.058557377768035934,0.0029423393266262625
project-only,SUBJECT_CATEGORY x CATEGORY=Gym & Fitness | Supplies,13623,0.14438816707039565,0.139659596269249,20.687306026572706,20.26383077146327,0.4234752551094374,8.796582495890097e-05,1967,3.9771632342522456,3.927958690155355,0.04920454409689068,0.0032602893661814072
project-only,SUBJECT_CATEGORY x CATEGORY=Economics | Books,643,0.16485225505443235,0.13968195957499996,20.689626749611197,20.266379406541592,0.42324734306960465,1.915845443580192e-05,106,3.982520565020431,3.9282608469799913,0.05425971804043961,0.00083719219171681
project-only,SUBJECT_CATEGORY x CATEGORY=Early Development | Supplies,22426,0.1533487915812004,0.13954594308920995,19.8488602514938,20.270893847236497,-0.42203359574269683,-0.00011224803075946981,3439,3.929681926540561,3.9282637493255494,0.0014181772150116956,0.00012394379726706907
project-only,SUBJECT_CATEGORY x CATEGORY=Applied Sciences | Technology,52199,0.13879576237092664,0.1397116296086877,20.672719975478458,20.256430450658915,0.4162895248195433,0.00016773819841782713,7245,3.994542269940133,3.926647238466603,0.06789503147353004,0.008557416472845558
individual,OPTIONAL_SUBJECT_SUBCATEGORY=History & Civics,115912,0.13843260404444752,0.139760847324085,19.895509869556214,20.287576413415437,-0.39206654385922235,-0.00023182167112859557,16046,3.888527724569044,3.930516220506002,-0.04198849593695764,-0.007757116672460949
project-only,SCHOOL_STATE x CATEGORY=WV | Other,1010,0.1613861386138614,0.13967929847933966,19.875554455445545,20.266688753088214,-0.3911342976426688,-2.2187601959939343e-05,163,4.068182463506233,3.928204205563593,0.13997825794263985,0.002677984070492976
individual,SUBJECT_CATEGORY=College & Career Prep,20046,0.1264591439688716,0.1398135850066784,20.65113638631148,20.26289714040748,0.3882392459040034,9.768122538373656e-05,2535,3.99093738205531,3.9277482576937985,0.06318912436151125,0.0047486220749338
individual,GRADE_LEVEL=Grades PreK-2,790421,0.1449543977196962,0.13664377621466622,20.508989563789424,20.12623215792582,0.38275740586360385,0.00048356855096558774,114575,3.913680768057628,3.9372389893577635,-0.023558221300135518,-0.009409171181489769
project-only,CATEGORY x GRADE_LEVEL=Visitors | Grades 3-5,2572,0.14813374805598756,0.13967938160218216,19.900870917573872,20.266942134757393,-0.36607121718352076,-3.312588198369272e-05,381,3.9886015298770574,3.9282035577564587,0.06039797212059872,0.0017659613027421726
project-only,SCHOOL_STATE x CATEGORY=NC | Other,10596,0.17053605134012836,0.13953717008947958,19.91589939599849,20.268236575733347,-0.3523371797348567,-6.459300572556872e-05,1807,3.9685279210803155,3.928037083659802,0.040490837420513515,0.0025721757357965495
project-only,SCHOOL_STATE x CATEGORY=MD | Books,7293,0.15028109145756205,0.13965352727692276,19.949938296997118,20.26757966886114,-0.3176413718640205,-4.834818217274504e-05,1096,3.9699131220120374,3.92812793062428,0.0417851913877576,0.0020697000411840773
individual,SALES_TAX>0=False,1122982,0.14273336527210587,0.13638298242796976,20.11903229081143,20.426700538400965,-0.30766824758953604,-0.0004030045263535332,160287,3.915513392819355,3.9427935026094056,-0.027280109790050577,-0.011199019611068724
project-only,SUBJECT_CATEGORY x GRADE_LEVEL=Health & Wellness | Grades 3-5,13902,0.131348007480938,0.1397435789744839,19.98403251330744,20.26833813994424,-0.2843056266368009,-5.9654799421558304e-05,1826,3.9348450988184327,3.928239904485502,0.006605194332930608,0.000421780998770399
project-only,SCHOOL_STATE x CATEGORY=CA | Trips,11213,0.1218228841523232,0.13978283636383973,20.00166592348167,20.267889671327584,-0.2662237478459133,-5.01997222092489e-05,1366,4.066285680647593,3.9276513709546044,0.13863430969298873,0.007662675049562178
project-only,SUBJECT_CATEGORY x CATEGORY=Nutrition Education | Other,831,0.16004813477737664,0.13968161643597982,20.020517448856797,20.266600403626608,-0.24608295476981112,-1.266262815250838e-05,133,3.782952595109465,3.9283441203568166,-0.14539152524735144,-0.0025126971606233856
individual,SUBJECT_SUBCATEGORY=Math & Science,565664,0.13894644170390905,0.13995361757755542,20.442038330174803,20.2041014002715,0.23793692990330229,0.0002744193653347904,78597,3.9495150089036812,3.920784920058744,0.028730088844937107,0.010379333126375982
individual,SUBJECT_CATEGORY=Gym & Fitness,21335,0.13606749472697446,0.1397256502028379,20.032479025076167,20.26884371858096,-0.23636469350479317,-6.133321003136459e-05,2903,3.953387925624256,3.928035654089144,0.025352271535111992,0.0020375535549003805
project-only,SUBJECT_CATEGORY x GRADE_LEVEL=Health & Life Science | Grades PreK-2,17950,0.14863509749303622,0.13961438802637324,20.052410027855153,20.268302369421843,-0.2158923415666898,-5.142569470926125e-05,2668,3.893594781712122,3.92858983775145,-0.034995056039328176,-0.002697361779413837
project-only,SUBJECT_CATEGORY x CATEGORY=Other | Technology,11085,0.15155615696887687,0.139628158469571,20.479293640054127,20.265406294172667,0.21388734588146008,4.0101397158876805e-05,1680,3.944216670764999,3.9281905724344415,0.01602609833055757,0.0009818368182468924
individual,CATEGORY=Trips,47727,0.13063884174576235,0.13989427502433552,20.061991954239737,20.27113363934687,-0.20914168510713438,-8.066571624308538e-05,6235,4.052242198245201,3.925660320975394,0.1265818772698073,0.01482585867850956
project-only,SCHOOL_STATE x CATEGORY=MI | Supplies,18985,0.145114564129576,0.13964128526582714,20.460844877534896,20.264779733735487,0.19606514379940876,4.801879884055243e-05,2755,3.9424948929422357,3.9281487516227727,0.01434614131946299,0.0011234977967743939
project-only,SUBJECT_CATEGORY x GRADE_LEVEL=Team Sports | Grades 3-5,3653,0.1442649876813578,0.13968170074184988,20.073104297837396,20.266833713322598,-0.19372941548520117,-2.088708314978485e-05,527,3.9713182479984863,3.928204522620053,0.043113725378433276,0.001482217061690504
project-only,SUBJECT_CATEGORY x GRADE_LEVEL=History & Geography | Grades PreK-2,3395,0.15522827687776142,0.13966496531746006,20.459151693667156,20.26620186598891,0.19294982767824465,2.005615576883039e-05,527,3.9527231049282654,3.928237106303002,0.02448599862526324,0.0008418099947598238
individual,SUBJECT_CATEGORY=Environmental Science,81199,0.145026416581485,0.1394806765321584,20.41948435325558,20.260520903745206,0.15896344951037378,7.93350399915726e-05,11776,3.9366133004570933,3.9279409655205493,0.008672334936544068,0.001382764402624898
project-only,SUBJECT_CATEGORY x GRADE_LEVEL=Mathematics | Grades 6-8,48930,0.12836705497649703,0.13995229271097523,20.112199673002248,20.27008752029315,-0.1578878472909011,-6.164228639913324e-05,6281,3.9307258986080766,3.9282278588710016,0.002498039737075075,0.00029363645784330445
project-plus-gift-size,SUBJECT_CATEGORY x gift_decile=Special Needs | 6,1339,0.20612397311426436,0.13964819329651185,20.416781179985062,20.266412235060507,0.15036894492455488,9.82062387830319e-06,276,4.098761560259215,3.928123617352634,0.17063794290658052,0.004247195446994238
project-only,SUBJECT_CATEGORY x GRADE_LEVEL=Visual Arts | Grades 6-8,19663,0.1512993948024208,0.13958264412730959,20.119170523317905,20.267861173981256,-0.14869065066335097,-3.705486812037692e-05,2975,3.7154574029339913,3.930402419451619,-0.21494501651762787,-0.017485864041507072
project-only,SUBJECT_CATEGORY x CATEGORY=Performing Arts | Other,5328,0.12256006006006007,0.13973188389630092,20.414506381381383,20.266139070471343,0.1483673109100394,1.9311176457227606e-05,653,4.086608414222031,3.9279360277478634,0.15867238647416748,0.006070967405407618
project-only,SUBJECT_CATEGORY x CATEGORY=Health & Life Science | Trips,2439,0.13735137351373514,0.13969211059509967,20.40159901599016,20.266352645467645,0.1352463705225162,1.1918217599455839e-05,335,4.063096937269701,3.9281298643747484,0.13496707289495236,0.003700664927622757
project-only,SUBJECT_CATEGORY x CATEGORY=Literature & Writing | Supplies,65203,0.14611290891523396,0.13948921892099803,20.39594343818536,20.26247049002644,0.13347294815891786,5.9922034579412474e-05,9527,3.902893817329244,3.9291089041433964,-0.02621508681415241,-0.0037741835157598506
project-only,SCHOOL_STATE x CATEGORY=OR | Books,5781,0.16035288012454593,0.13963392891595222,20.138604047742607,20.26684933493816,-0.12824528719555417,-1.738543540364525e-05,927,3.9661639756758267,3.9281630131971124,0.03800096247871432,0.0017315554992128964
project-only,SCHOOL_STATE x CATEGORY=MO | Books,6852,0.15061295971978983,0.13965464954240414,20.144149153531814,20.266895548324317,-0.12274639479250382,-1.8111396935199702e-05,1032,3.8860437530778325,3.9284251097594907,-0.04238135668165821,-0.0020372331316465724
project-only,SCHOOL_STATE x CATEGORY=AR | Technology,3762,0.14912280701754385,0.13967298058264152,20.14610845295056,20.26671596017133,-0.12060750722076818,-1.3195630170151116e-05,561,3.803186887354887,3.9285133020009972,-0.12532641464611016,-0.004445191198246797
project-only,SUBJECT_CATEGORY x GRADE_LEVEL=Literacy | Grades PreK-2,324240,0.14439612632617813,0.13885669320900343,20.362969004441155,20.249437896170566,0.11353110827058899,0.00010638919988750743,46819,3.9007912066640373,3.9333376666893565,-0.032546460025319135,-0.009700886100662656
individual,OPTIONAL_SUBJECT_CATEGORY=Civics & Government,14284,0.1358162979557547,0.13971528588098017,20.159765471856623,20.267217222870475,-0.1074517510138513,-2.2851830685921744e-05,1940,3.9028608037132657,3.9284446767857295,-0.025583873072463792,-0.0016835867504389871
project-only,SUBJECT_CATEGORY x GRADE_LEVEL=Community Service | Grades 3-5,1266,0.12164296998420221,0.1397000628155274,20.361682464454976,20.26644968865952,0.09523277579545564,6.047853846250183e-06,154,4.059530866558756,3.9282128137550187,0.1313180528037372,0.002441995659901994
individual,OPTIONAL_SUBJECT_CATEGORY=Literature & Writing,221021,0.1432624049298483,0.13928151328442584,20.19559806534221,20.274601648032323,-0.0790035826901132,-6.282200786495798e-05,31664,3.9367758447081678,3.9272821685708728,0.009493676137295015,0.002395389252974364
individual,SCHOOL_STATE=RI,7109,0.15037276691517795,0.13965413376440625,20.34160500773667,20.26625723423308,0.07534777350359079,1.1323566844064012e-05,1069,3.9124119461299878,3.9283364404962877,-0.015924494366299946,-0.0007790292603156449
project-only,SCHOOL_STATE x CATEGORY=NH | Supplies,1891,0.15970386039132733,0.13967190018251485,20.33779481755685,20.266443029885934,0.07135178767091688,5.537141764322067e-06,302,3.911401608556558,3.9282968729357624,-0.01689526437920419,-0.00043986742906087606
project-only,SUBJECT_CATEGORY x GRADE_LEVEL=Mathematics | Grades 9-12,32191,0.11916374141840887,0.14000046126481636,20.333771551054642,20.265486401395467,0.0682851496591752,2.1709685759800475e-05,3836,3.8977008913560414,3.9286743013441257,-0.03097340998808429,-0.0028570437595363215
individual,OPTIONAL_SUBJECT_SUBCATEGORY=Applied Learning,194566,0.1440539457047994,0.13925669828734627,20.206422499306147,20.272463197259427,-0.06604069795328016,-4.9606766771486005e-05,28028,3.923489009169638,3.928771352302041,-0.005282343132403167,-0.0012623805753624534
project-only,SCHOOL_STATE x CATEGORY=WI | Supplies,9181,0.15020150310423702,0.13964452461651433,20.202672911447554,20.266778473488813,-0.06410556204125939,-1.0943087488403148e-05,1379,3.934738823484735,3.9282502381474504,0.006488585337284469,0.00036033552122932986
project-only,SUBJECT_CATEGORY x CATEGORY=ESL | Supplies,5616,0.15081908831908833,0.13966040774128288,20.32755341880342,20.266346212848088,0.06120720595533058,8.178533432563443e-06,847,4.000254990287113,3.928077020605162,0.07217796968195067,0.0031441709388430987
project-only,SUBJECT_CATEGORY x CATEGORY=Music | Technology,16424,0.1404042864101315,0.13968397839615765,20.32369398441305,20.2660667551253,0.05762722928774977,1.31350818974097e-05,2306,3.8971919918667433,3.9285197200258186,-0.03132772815907536,-0.0022462662372003143
project-only,SCHOOL_STATE x CATEGORY=AK | Technology,1085,0.14838709677419354,0.13968508590485035,20.21857142857143,20.266529714955563,-0.047958286384133686,-2.8196470608669006e-06,161,4.245982112715815,3.9281100707298333,0.31787204198598173,0.006043942374197801
individual,SCHOOL_STATE=OR,28225,0.14983170947741364,0.13955497592502722,20.225803365810453,20.267045306237694,-0.041241940427241275,-1.2289128252730746e-05,4229,4.002366739143674,3.9272251922006842,0.07514154694298947,0.007272779975030128
individual,CATEGORY=Other,218648,0.14063700559803885,0.13958256799316457,20.230960264900663,20.27051558301378,-0.0395553181131163,-3.130342984893166e-05,30750,3.920276994754559,3.9291895978987217,-0.008912603144162645,-0.002219835592822655
individual,SUBJECT_CATEGORY=Health & Life Science,71152,0.139391724758264,0.13969962102614458,20.232629160107937,20.26766129403461,-0.03503213392667348,-1.6405941319435607e-05,9918,3.938467420248073,3.927933154063411,0.010534266184662133,0.0015463890302821108
project-only,SUBJECT_CATEGORY x GRADE_LEVEL=Early Development | Grades 3-5,1707,0.12478031634446397,0.1397012728547518,20.299595782073812,20.266479378695053,0.03311640337875943,2.4418190914218414e-06,213,4.075669855900724,3.9281756613276686,0.14749419457305546,0.003225390268313357
project-only,SUBJECT_CATEGORY x GRADE_LEVEL=Health & Life Science | Grades 6-8,18474,0.13489228104362888,0.13973090898887439,20.23740933203421,20.266756966950535,-0.02934763491632353,-7.091058617711016e-06,2492,3.9651382823115813,3.927972525364886,0.03716575694669544,0.0027693926955366
project-only,SUBJECT_CATEGORY x GRADE_LEVEL=Environmental Science | Grades 3-5,29651,0.1476510067114094,0.13957848427907424,20.29045293582004,20.266171776753026,0.024281159067012226,7.413248759216274e-06,4378,3.9050673402373484,3.9286222211123025,-0.023554880874954165,-0.002319056436465232
individual,SUBJECT_CATEGORY=History & Geography,50553,0.13613435404427038,0.1397747920337323,20.287604692105315,20.265999175778912,0.021605516326403063,8.570640542160258e-06,6882,3.943532753149181,3.9279233795782287,0.015609373570952378,0.0019186519599310118
project-only,SCHOOL_STATE x CATEGORY=NJ | Supplies,12440,0.13834405144694534,0.13969726872180957,20.248322347266882,20.266611075461768,-0.018288728194885806,-3.6313080189671057e-06,1721,3.972171305632868,3.928027776468908,0.044143529163959805,0.0027370620150429254
project-only,SCHOOL_STATE x CATEGORY=GA | Supplies,17463,0.15237931626868237,0.13958587794912497,20.252383897383037,20.266620862413816,-0.014236965030779203,-3.3453147619786086e-06,2661,3.917195427400892,3.9283787115887807,-0.01118328418788872,-0.0008608678368188863
project-only,SUBJECT_CATEGORY x CATEGORY=Character Education | Supplies,7846,0.15995411674738721,0.13961547517890233,20.274638032118276,20.266475896466066,0.008162135652209912,1.2884336760899432e-06,1255,3.8625545807491286,3.9285548654592244,-0.06600028471009578,-0.0034972957447718086
project-only,SUBJECT_CATEGORY x GRADE_LEVEL=Music | Grades 3-5,31408,0.14604559347936832,0.13959553509590775,20.258771968925114,20.266619873377696,-0.0078479044525821,-2.4649828305798706e-06,4587,3.963690605247778,3.9277324733039616,0.03595813194381625,0.0036224392182379384
project-plus-gift-size,CATEGORY x gift_decile=Other | 6,2074,0.2111861137897782,0.1396206450055924,20.26813886210222,20.26650401678184,0.0016348453203782753,1.328610323456302e-07,438,4.0739505710348585,3.928067853418508,0.14588271761635063,0.004572946276933033
project-only,CATEGORY x GRADE_LEVEL=Trips | Grades 3-5,13766,0.1384570681388929,0.13969738005000423,20.26545111143397,20.266512362471985,-0.0010612510380170193,-2.2159353443247175e-07,1906,4.031327058991484,3.927623875599772,0.10370318339171192,0.006764668854069015
