term_type,term,n_yes,repeat_rate_yes,repeat_rate_no,share_yes,difference_pp,corr_with_return,p_value,ci_low_pp,ci_high_pp,q_value,significant_fdr_05
individual,OPTIONAL_SUPPORT>0,2156732,0.13967984895666222,0.5384615384615384,0.9999758900288578,-39.87816895048763,-0.005648314535134588,8.004225670681105e-09,-53.428135528820086,-26.328202372155168,2.2993957381229356e-08,True
project-plus-gift-size,SCHOOL_STATE=MS x gift_decile=8,1330,0.3022556390977444,0.13958915383951595,0.0006166588772913746,16.266648525822845,0.011648692583326653,3.6790129844003036e-38,13.798098593260994,18.735198458384694,2.569211277503858e-37,True
project-plus-gift-size,SUBJECT_CATEGORY=Other x gift_decile=8,2685,0.2931098696461825,0.13949823104694817,0.0012449090868626622,15.361163859923435,0.015624747136150693,2.025094906159113e-68,13.638772417889891,17.08355530195698,2.2854642512367135e-67,True
project-only,SUBJECT_CATEGORY=Other x CATEGORY=Trips,614,0.2915309446254072,0.1396462245555777,0.0002846831207946647,15.188472006982948,0.00739134836102317,1.2260086444731252e-16,11.593374899606289,18.783569114359604,5.32534339042622e-16,True
project-plus-gift-size,SCHOOL_STATE=NC x gift_decile=8,8185,0.2896762370189371,0.13911809509359355,0.0037950021884435347,15.055814192534353,0.026703929581333594,1.142295418132892e-197,14.072001818801235,16.03962656626747,2.776656554846107e-196,True
project-plus-gift-size,CATEGORY=Books x gift_decile=8,28852,0.2845556633855539,0.13772526565698529,0.013377324757602059,14.68303977285686,0.04865939567853837,0.0,14.16034234460464,15.205737201109079,0.0,True
project-plus-gift-size,SCHOOL_STATE=NV x gift_decile=8,1384,0.28395953757225434,0.13959682657511366,0.0006416961550159868,14.436271099714068,0.010545590781054805,1.0735284511168658e-32,12.060156468046594,16.81238573138154,6.717524565404547e-32,True
project-plus-gift-size,SCHOOL_STATE=WV x gift_decile=8,549,0.28051001821493626,0.13965360918452766,0.0002545456568668907,14.085640903040861,0.006481786641296356,2.0442316284709288e-13,10.32735881106234,17.843922995019383,7.577445097909835e-13,True
project-plus-gift-size,SUBJECT_CATEGORY=Social Sciences x gift_decile=8,1865,0.27989276139410185,0.13956812297817225,0.000864713388081514,14.03246384159296,0.011897966075014418,1.677723669460982e-41,11.994375429054175,16.07055225413174,1.2548181764489238e-40,True
project-plus-gift-size,SCHOOL_STATE=OK x gift_decile=8,2934,0.2791411042944785,0.1394995008937484,0.0013603587563705962,13.964160340073011,0.01484692484328103,9.623686946449918e-64,12.340334555833788,15.587986124312236,1.0053173801911319e-62,True
project-plus-gift-size,CATEGORY=Supplies x gift_decile=8,52335,0.2759338874558135,0.13630123609552905,0.024265294994769992,13.963265136028443,0.06197780663015012,0.0,13.577511166352311,14.349019105704578,0.0,True
project-plus-gift-size,SUBJECT_CATEGORY=Extracurricular x gift_decile=8,738,0.2777777777777778,0.13964219687335055,0.0003421761289030334,13.813558090442724,0.007369646418013866,5.4146898793579536e-17,10.58166808584698,17.045448095038466,2.368224224051368e-16,True
project-plus-gift-size,SCHOOL_STATE=IN x gift_decile=8,3389,0.2764827382708764,0.1394741791450245,0.0015713210038650139,13.700855912585189,0.015654140766600155,4.5524031638590786e-71,12.194305419978718,15.207406405191659,5.3777921487082954e-70,True
project-plus-gift-size,SCHOOL_STATE=SC x gift_decile=8,3729,0.27460445159560204,0.13945579653097576,0.0017289631228718314,13.514865506462629,0.016196433159522964,2.9028735948673406e-76,12.0815969614053,14.948134051519958,3.562361382439144e-75,True
project-plus-gift-size,SCHOOL_STATE=CT x gift_decile=8,2082,0.2723342939481268,0.13956129432283443,0.0009653261522711593,13.277299962529238,0.011893991894059073,3.727916786978708e-42,11.364542359031724,15.190057566026752,2.8216088734976567e-41,True
project-plus-gift-size,SUBJECT_CATEGORY=Early Development x gift_decile=8,2961,0.2718676122931442,0.13950774970830937,0.0013728773952329024,13.235986258483484,0.014137233061308168,6.845077710718686e-59,11.632734454314889,14.839238062652079,6.866808116149539e-58,True
project-plus-gift-size,SUBJECT_CATEGORY=Health & Life Science x gift_decile=8,5036,0.2714455917394758,0.13938109853012529,0.002334957974465686,13.206449320935052,0.01838690088611252,1.8705518244659365e-98,11.977331134207411,14.435567507662691,2.7176752943964866e-97,True
project-plus-gift-size,SUBJECT_CATEGORY=Environmental Science x gift_decile=8,5988,0.271376085504342,0.13932283675439233,0.0027763559076847753,13.205324874994966,0.020043497083204073,1.1505758946770946e-116,12.078078127530182,14.332571622459753,1.8645229882972403e-115,True
project-plus-gift-size,SUBJECT_CATEGORY=Literacy x gift_decile=8,42223,0.2678634867252445,0.13713011826095345,0.019576832914190757,13.073336846429108,0.052246235679168425,0.0,12.648389819698206,13.498283873160007,0.0,True
project-plus-gift-size,SCHOOL_STATE=NY x gift_decile=8,16911,0.26887824492933593,0.13866850976670111,0.007840840807424388,13.020973516263481,0.03312882258190475,0.0,12.35111317431985,13.690833858207114,0.0,True
project-plus-gift-size,SUBJECT_CATEGORY=Applied Sciences x gift_decile=8,8503,0.26931671174879457,0.13917639265999188,0.003942443935044029,13.01403190888027,0.023524879183498326,8.695537264228984e-161,12.069995253734144,13.958068564026394,1.8318598503309058e-159,True
project-plus-gift-size,GRADE_LEVEL=Grades PreK-2 x gift_decile=8,55135,0.26641879024213294,0.13636482590575305,0.02556352421012025,13.005396433637989,0.05921084765149924,0.0,12.63347192442227,13.377320942853707,0.0,True
project-plus-gift-size,SUBJECT_CATEGORY=Music x gift_decile=8,5682,0.26856740584301303,0.13934904063126713,0.002634478000578639,12.92183652117459,0.019106857307567265,7.115700136140781e-107,11.76846515106165,14.07520789128753,1.0836439725399937e-105,True
project-plus-gift-size,SCHOOL_STATE=ME x gift_decile=8,670,0.26865671641791045,0.13964938774109348,0.0003106477051016699,12.900732867681697,0.006558002000572926,4.969930861854252e-14,9.543979616666382,16.257486118697013,1.8978829635600527e-13,True
gift-size decile,first_gift_decile=8,154325,0.25932933743722664,0.13046908825598927,0.0715532941639033,12.886024918123736,0.09580823227435718,0.0,12.662440157729979,13.109609678517495,0.0,True
project-plus-gift-size,SUBJECT_CATEGORY=Visual Arts x gift_decile=8,6812,0.26790957134468585,0.1392832092697021,0.0031584062196307093,12.862636207498374,0.02081937124812096,9.675775202828803e-127,11.809910182910619,13.915362232086128,1.7985558612317067e-125,True
project-plus-gift-size,SCHOOL_STATE=PA x gift_decile=8,4407,0.2675289312457454,0.13942771178097518,0.0020433200543030733,12.810121946477022,0.01668660024400262,3.7938027795368097e-82,11.502334295623465,14.117909597330577,4.893231340137273e-81,True
project-plus-gift-size,SCHOOL_STATE=IL x gift_decile=8,9226,0.2668545415131151,0.13914315701834362,0.004277665264579114,12.77113844947715,0.024043223319413852,7.576784847653257e-169,11.867380519856885,13.674896379097412,1.6801852714795997e-167,True
project-plus-gift-size,CATEGORY=Other x gift_decile=8,14982,0.26645307702576426,0.138802746472363,0.006946453608706296,12.765033055340128,0.030583022287417327,1.9545281170621617e-272,12.05558194457122,13.474484166109036,5.370703347753419e-271,True
project-plus-gift-size,SCHOOL_STATE=HI x gift_decile=8,743,0.26648721399730824,0.13964576740423768,0.000344494395359016,12.684144659307057,0.006789972293189468,5.312019827963568e-15,9.504711592033491,15.86357772658062,2.1383417396643153e-14,True
project-plus-gift-size,SCHOOL_STATE=MD x gift_decile=8,2874,0.2661795407098121,0.13952068563681863,0.0013325395588988048,12.665885507299347,0.013328357015984187,3.1582532804871003e-53,11.049395793464505,14.282375221134187,2.831228472720351e-52,True
project-plus-gift-size,SCHOOL_STATE=CA x gift_decile=8,25628,0.26455439363196503,0.13818791303874517,0.011882506546784471,12.636648059321987,0.03949851514428555,0.0,12.094617247871463,13.178678870772508,0.0,True
project-plus-gift-size,SCHOOL_STATE=NM x gift_decile=8,694,0.26512968299711814,0.13964908700471687,0.00032177538409038645,12.548059599240128,0.00649192736210232,6.981314175055575e-14,9.263675337660002,15.832443860820252,2.6263039039494785e-13,True
project-plus-gift-size,SCHOOL_STATE=DC x gift_decile=8,2187,0.26337448559670784,0.13956391844971472,0.0010140097478467942,12.381056714699312,0.011367083000026798,1.911353304143411e-39,10.534433481118418,14.227679948280207,1.3805431865355838e-38,True
project-plus-gift-size,GRADE_LEVEL=Grades 3-5 x gift_decile=8,48042,0.26058448857249905,0.13693519643465157,0.02227483141566332,12.364929213784748,0.052637808424335256,0.0,11.969674108404146,12.760184319165353,0.0,True
project-plus-gift-size,SCHOOL_STATE=WI x gift_decile=8,1536,0.2630208333333333,0.13960156789381084,0.0007121714552778581,12.341926543952248,0.009497539133828116,4.563289222337605e-28,10.139613673033516,14.54423941487098,2.6099536547668474e-27,True
project-plus-gift-size,SCHOOL_STATE=WA x gift_decile=8,3202,0.26264834478450966,0.13950664520784442,0.0014846178384112642,12.314169957666524,0.013676671466555462,2.0353724609562456e-56,10.78916903301433,13.839170882318715,1.9790083004989956e-55,True
project-plus-gift-size,SCHOOL_STATE=LA x gift_decile=8,2696,0.26224035608308605,0.13953608209135374,0.001250009273065824,12.270427399173231,0.01250648469595146,1.640535701782262e-47,10.609418597087293,13.931436201259167,1.4011061669275535e-46,True
project-plus-gift-size,SUBJECT_CATEGORY=History & Geography x gift_decile=8,3848,0.2616943866943867,0.13947140091484372,0.0017841378645242175,12.2222985779543,0.014878867684219603,1.3516238318023875e-66,10.832682647683882,13.611914508224718,1.4728038994812222e-65,True
project-plus-gift-size,SCHOOL_STATE=AR x gift_decile=8,779,0.2605905006418485,0.1396457800422541,0.0003611859138420908,12.094472059959443,0.006629250460487858,1.479806971945822e-14,9.011581826399187,15.1773622935197,5.827028076447099e-14,True
project-plus-gift-size,SCHOOL_STATE=OH x gift_decile=8,2484,0.25966183574879226,0.13955113029754446,0.0011517147753321612,12.011070545124781,0.011751532484204135,2.063327735951137e-42,10.286203027660498,13.735938062589062,1.5806340959043864e-41,True
project-plus-gift-size,SCHOOL_STATE=UT x gift_decile=8,1359,0.2582781456953642,0.13961469315796188,0.0006301048227360738,11.866345253740235,0.008589681633884814,1.6429296213057347e-23,9.538808525739293,14.193881981741175,8.725474963573313e-23,True
project-plus-gift-size,GRADE_LEVEL=Grades 6-8 x gift_decile=8,27244,0.25561591543092055,0.13820637320735935,0.012631770265358052,11.74095422235612,0.03782384130874168,0.0,11.22090417619374,12.261004268518501,0.0,True
project-plus-gift-size,SCHOOL_STATE=RI x gift_decile=8,502,0.25697211155378485,0.13966215921665162,0.00023275395218065416,11.730995233713323,0.005162064145072548,1.802913111597833e-09,7.908195230570484,15.553795236856164,5.451871227415457e-09,True
project-plus-gift-size,SUBJECT_CATEGORY=Literature & Writing x gift_decile=8,18554,0.25509324134957423,0.13868807378065034,0.008602623164860273,11.640516756892389,0.031010027184739497,3.987884343938809e-288,11.01156256970248,12.269470944082297,1.2001632882711084e-286,True
project-plus-gift-size,SCHOOL_STATE=VA x gift_decile=8,3216,0.25590796019900497,0.1395159103404211,0.0014911089844880155,11.639204985858386,0.01295521225768186,1.2145526819538273e-51,10.1303148377872,13.148095133929575,1.0661073541594706e-50,True
project-plus-gift-size,SUBJECT_CATEGORY=Character Education x gift_decile=8,1446,0.25587828492392806,0.1396115133682049,0.0006704426590701711,11.626677155572315,0.008681231827292047,4.066763340099724e-24,9.377091590811922,13.876262720332708,2.2061754772043137e-23,True
project-plus-gift-size,SCHOOL_STATE=MA x gift_decile=8,3533,0.25559015001415225,0.13949929664493363,0.001638087077797313,11.609085336921861,0.013542568854997787,2.6012594419840917e-56,10.169998387005403,13.04817228683832,2.4909029808090092e-55,True
project-plus-gift-size,SUBJECT_CATEGORY=ESL x gift_decile=8,1909,0.25563122053431114,0.1395867509716341,0.000885114132894161,11.604446956267706,0.009954566552065303,3.2625097611195657e-31,9.647065299881984,13.561828612653429,1.954413430357882e-30,True
project-plus-gift-size,SCHOOL_STATE=MN x gift_decile=8,1471,0.25356900067980964,0.13961174084692107,0.0006820339913500842,11.395725983288857,0.008581978251656823,9.752574626872015e-24,9.17197228162559,13.619479684952124,5.245640139730309e-23,True
project-plus-gift-size,SCHOOL_STATE=AL x gift_decile=8,1343,0.25316455696202533,0.13961876015163485,0.0006226863700769294,11.354579681039048,0.008170733388214425,1.0927157892211994e-21,9.02853570454687,13.680623657531225,5.591873512451806e-21,True
project-plus-gift-size,SUBJECT_CATEGORY=Health & Wellness x gift_decile=8,2261,0.2529854046881911,0.13957056852027108,0.0010483200913953368,11.341483616792,0.010587163485847038,2.574937775257874e-35,9.548968506382192,13.13399872720181,1.7040425905371479e-34,True
project-plus-gift-size,SCHOOL_STATE=KY x gift_decile=8,993,0.2527693856998993,0.13963737672158386,0.0004604077181581466,11.313200897831546,0.007000794860779484,2.368969679607268e-16,8.609649541784686,14.016752253878407,1.0219719027384255e-15,True
project-plus-gift-size,SCHOOL_STATE=IA x gift_decile=8,771,0.251621271076524,0.13964943625108012,0.0003574766875125186,11.197183482544387,0.006105842150598989,7.838967890924745e-13,8.133719239725645,14.260647725363128,2.7911142011630642e-12,True
project-plus-gift-size,SCHOOL_STATE=OR x gift_decile=8,2306,0.24978317432784042,0.13957162709482296,0.0010691844894991803,11.021154723301747,0.010389907567844128,2.3795134293187916e-34,9.25369182240406,12.788617624199434,1.558396359926918e-33,True
project-plus-gift-size,SCHOOL_STATE=CA x gift_decile=1,107788,0.03584814636137604,0.14515206471852557,0.049976260951490735,-10.930391835714953,-0.06870295140430044,0.0,-11.0514074587843,-10.809376212645605,0.0,True
project-plus-gift-size,SUBJECT_CATEGORY=Performing Arts x gift_decile=8,2783,0.24793388429752067,0.13954961023694976,0.0012903471093999213,10.838427406057091,0.011223536616796656,5.45987578194422e-40,9.233423788905743,12.44343102320844,4.0358380048991195e-39,True
project-plus-gift-size,SUBJECT_CATEGORY=Foreign Languages x gift_decile=8,1235,0.24777327935222673,0.1396275380425126,0.0005726118146277049,10.814574130971414,0.0074628678578941106,1.3489170881333108e-18,8.406308543467508,13.222839718475319,6.291628042068283e-18,True
project-plus-gift-size,GRADE_LEVEL=Grades 9-12 x gift_decile=8,23900,0.24472803347280334,0.1385124554359262,0.011081313659596881,10.621557803687715,0.03207411535262656,0.0,10.074521860414057,11.168593746961372,0.0,True
project-plus-gift-size,SUBJECT_CATEGORY=Mathematics x gift_decile=8,22221,0.24386841276270194,0.13860495098996845,0.01030283978367792,10.52634617727335,0.030661813515182493,2.1550107175787694e-290,9.959833703420795,11.092858651125903,6.643740358584304e-289,True
project-plus-gift-size,SCHOOL_STATE=WA x gift_decile=0,35095,0.037099301894856815,0.14138641431425625,0.016271912254541946,-10.428711241939943,-0.03806081025630041,0.0,-10.631938717010128,-10.225483766869758,0.0,True
project-plus-gift-size,SCHOOL_STATE=AZ x gift_decile=8,2899,0.243187305967575,0.1395501616845839,0.0013441308911787179,10.363714428299112,0.01095304072101515,1.203981935750864e-38,8.801332469475696,11.926096387122527,8.549624532522989e-38,True
project-plus-gift-size,SCHOOL_STATE=TX x gift_decile=8,9603,0.24263251067374778,0.13922906359547704,0.004452462555360203,10.340344707827073,0.019858969560165883,3.539786193451761e-123,9.481701228812156,11.19898818684199,6.214291317393091e-122,True
project-plus-gift-size,SCHOOL_STATE=SC x gift_decile=6,520,0.2423076923076923,0.13966471637981248,0.00024109971142219155,10.264297592787983,0.0045969075983645965,4.7030318946310265e-08,6.581153502055984,13.947441683519981,1.2867169512583588e-07,True
project-plus-gift-size,SUBJECT_CATEGORY=Team Sports x gift_decile=1,1560,0.03782051282051282,0.13976319862807765,0.0007232991342665747,-10.194268580756482,-0.00790584834391051,1.1682356727059066e-98,-11.142041292767956,-9.246495868745008,1.7170347561630998e-97,True
project-plus-gift-size,SCHOOL_STATE=MI x gift_decile=8,3516,0.24089874857792948,0.13952420228229834,0.0016302049718469722,10.137454629563114,0.011797399900742474,7.783895006317994e-45,8.72318756937975,11.551721689746477,6.347640830958674e-44,True
project-plus-gift-size,SUBJECT_CATEGORY=Civics & Government x gift_decile=1,677,0.03840472673559823,0.13972126615237557,0.00031389327814004554,-10.131653941677735,-0.005177185639670698,8.74277523275582e-43,-11.579999006231406,-8.683308877124063,6.738334081831316e-42,True
project-plus-gift-size,SCHOOL_STATE=TN x gift_decile=8,2631,0.24059293044469784,0.13956622394045362,0.00121987180913805,10.102670650424422,0.010172291417007154,8.4438251400219e-34,8.468683477543909,11.736657823304936,5.390401503529132e-33,True
project-plus-gift-size,SCHOOL_STATE=MO x gift_decile=8,2654,0.24039186134137153,0.13956539298928106,0.00123053583483557,10.082646835209047,0.01019635318792016,5.700979702257414e-34,8.456213872202408,11.709079798215686,3.6765501753333526e-33,True
project-plus-gift-size,SUBJECT_CATEGORY=Gym & Fitness x gift_decile=8,1473,0.24032586558044808,0.1396206858314183,0.0006829612979324772,10.070517974902979,0.007589131119348331,1.5158698025124558e-19,7.887957679103073,12.253078270702884,7.341223871171433e-19,True
project-plus-gift-size,SCHOOL_STATE=FL x gift_decile=8,6635,0.239939713639789,0.139380108076231,0.003076339587088925,10.0559605563558,0.016064314732198545,7.766127828545223e-82,9.027349955233174,11.084571157478425,9.915540985132486e-81,True
project-plus-gift-size,GRADE_LEVEL=Grades 9-12 x gift_decile=1,29304,0.04081354081354081,0.1410513847368718,0.013586896045222887,-10.023784392333097,-0.03347432386678571,0.0,-10.25510325185264,-9.792465532813555,0.0,True
project-plus-gift-size,SUBJECT_CATEGORY=Team Sports x gift_decile=8,1663,0.23872519542994589,0.13961304260874446,0.0007710554232598165,9.911215282120143,0.007935837472271256,2.5781141299299458e-21,7.861750176451003,11.960680387789282,1.3087294217796994e-20,True
project-plus-gift-size,SUBJECT_CATEGORY=Gym & Fitness x gift_decile=1,2235,0.0407158836689038,0.13979213283151137,0.0010362651058242272,-9.907624916260756,-0.009195395417338105,8.780053090154772e-124,-10.728288699882976,-9.086961132638539,1.563096775486709e-122,True
project-plus-gift-size,SUBJECT_CATEGORY=Special Needs x gift_decile=8,10639,0.2381802801015133,0.13920121892975545,0.0049328073650398,9.897906117175785,0.02000355415215853,1.568872024053023e-126,9.087142279554493,10.708669954797074,2.8739916498594505e-125,True
project-plus-gift-size,SCHOOL_STATE=ID x gift_decile=8,564,0.2375886524822695,0.13966385619278182,0.00026150045623483855,9.792479628948769,0.00456733287597835,4.663051689359904e-08,6.279612557549474,13.305346700348064,1.2785460597290495e-07,True
project-plus-gift-size,SCHOOL_STATE=KS x gift_decile=8,735,0.23673469387755103,0.13965638072233053,0.00034078516902944384,9.70783131552205,0.0051686735762164655,5.985321923756553e-10,6.634351706930157,12.781310924113942,1.863410569366572e-09,True
project-plus-gift-size,GRADE_LEVEL=Grades 6-8 x gift_decile=1,35422,0.04519789961041161,0.141267261316079,0.01642352688076321,-9.606936170566739,-0.035221896641719076,0.0,-9.828294495585764,-9.385577845547715,0.0,True
project-plus-gift-size,CATEGORY=Technology x gift_decile=1,86655,0.04762564191333449,0.14354322846547243,0.04017787594863463,-9.591758655213795,-0.054334748581022586,0.0,-9.741389277646157,-9.442128032781433,0.0,True
project-plus-gift-size,SUBJECT_CATEGORY=College & Career Prep x gift_decile=1,1860,0.04408602150537634,0.13977198267781138,0.0008623951216255313,-9.568596117243503,-0.008102230161112531,1.1597221637144982e-89,-10.502696500632075,-8.634495733854934,1.59335740753818e-88,True
project-plus-gift-size,CATEGORY=Technology x gift_decile=8,53165,0.23287877362926737,0.1373342796390411,0.024650127226463106,9.554449399022626,0.042735227218386705,0.0,9.192165158439526,9.916733639605727,0.0,True
project-plus-gift-size,SUBJECT_CATEGORY=History & Geography x gift_decile=1,5175,0.044444444444444446,0.13991854467981868,0.0023994057819420023,-9.547410023537422,-0.013474303600936863,6.624879443134975e-242,-10.110804417434508,-8.984015629640336,1.64193090512208e-240,True
project-plus-gift-size,SCHOOL_STATE=GA x gift_decile=8,3962,0.23271075214538112,0.1395182695085799,0.001836994339720621,9.319248263680121,0.0115113452541984,9.186415933225468e-44,8.002644340972855,10.635852186387387,7.167672678763576e-43,True
gift-size decile,first_gift_decile=1,195360,0.055272317772317774,0.14809750467007643,0.09057930696815258,-9.282518689775864,-0.07685166825025598,0.0,-9.395386526935907,-9.169650852615824,0.0,True
project-plus-gift-size,SCHOOL_STATE=MN x gift_decile=0,6975,0.04888888888888889,0.1399840637005427,0.0032339817060957426,-9.10951748116538,-0.01491939866898782,2.0248592146532012e-270,-9.61770164971487,-8.60133331261589,5.33212926525343e-269,True
project-plus-gift-size,SUBJECT_CATEGORY=Environmental Science x gift_decile=6,733,0.2305593451568895,0.13965857022862632,0.0003398578624470508,9.090077492826317,0.004833180214100848,5.145673357091039e-09,6.040546798043067,12.139608187609568,1.505585908185897e-08,True
project-plus-gift-size,SCHOOL_STATE=NC x gift_decile=6,924,0.2305194805194805,0.13965053389366655,0.00042841564106558654,9.086894662581397,0.005424324441265945,5.473105870544306e-11,6.370857251286111,11.802932073876683,1.778407665904371e-10,True
project-plus-gift-size,SCHOOL_STATE=NM x gift_decile=1,586,0.04948805460750853,0.13971397802984697,0.000271700828641162,-9.022592342233844,-0.0042895167123442384,7.729358209760876e-24,-10.779249408114255,-7.265935276353433,4.175174691084508e-23,True
project-plus-gift-size,SCHOOL_STATE=CA x gift_decile=6,3265,0.22940275650842268,0.13955344717181506,0.001513827995756645,8.984930933660761,0.010076613267151362,2.9413104496672464e-34,7.541981760622553,10.427880106698971,1.916400210504845e-33,True
project-plus-gift-size,SUBJECT_CATEGORY=ESL x gift_decile=1,2911,0.05015458605290278,0.13981047164804983,0.001349694730673076,-8.965588559514705,-0.009494975637720449,1.82621081742521e-108,-9.759837009387661,-8.171340109641747,2.8854130915318316e-107,True
project-plus-gift-size,SUBJECT_CATEGORY=Extracurricular x gift_decile=1,739,0.05006765899864682,0.1397201820926743,0.0003426397821942299,-8.96525230940275,-0.0047862738928905,5.687432841291315e-29,-10.538317970771507,-7.392186648033992,3.29766748229001e-28,True
project-plus-gift-size,SUBJECT_CATEGORY=Visual Arts x gift_decile=6,829,0.22919179734620024,0.13965504845880364,0.0003843685784019169,8.953674888739659,0.0050627016336569535,8.642003521857372e-10,6.0920791185569,11.815270658922419,2.657784051490929e-09,True
project-plus-gift-size,SUBJECT_CATEGORY=Health & Life Science x gift_decile=1,7639,0.05079198848016756,0.14000544402541476,0.0035418474914502333,-8.92134555452472,-0.01528851756406245,8.390456930421744e-274,-9.415923996484054,-8.426767112565386,2.4103494454666102e-272,True
project-plus-gift-size,SCHOOL_STATE=CO x gift_decile=8,2352,0.22874149659863946,0.13959224519502125,0.0010905125408942203,8.91492514036182,0.008487634240544528,7.842314400513574e-25,7.216794080445471,10.61305620027817,4.309863218369199e-24,True
project-plus-gift-size,SUBJECT_CATEGORY=Literature & Writing x gift_decile=1,29899,0.05190809057159102,0.14092346318677315,0.013862769753484818,-8.901537261518214,-0.030022665745574828,0.0,-9.157309153440053,-8.645765369596374,0.0,True
project-plus-gift-size,SUBJECT_CATEGORY=Social Sciences x gift_decile=1,3060,0.05163398692810457,0.13981457234074562,0.001418779071061358,-8.818058541264104,-0.00957442311387075,2.578966359165828e-107,-9.603488743627066,-8.032628338901144,3.9753822902263494e-106,True
project-plus-gift-size,GRADE_LEVEL=Grades PreK-2 x gift_decile=6,7550,0.22701986754966888,0.13938268238823692,0.003500582348533743,8.763718516143197,0.014930957115354629,1.1469198329114301e-73,7.817656711305804,9.709780320980588,1.3806730179048074e-72,True
project-plus-gift-size,SUBJECT_CATEGORY=Performing Arts x gift_decile=1,3511,0.05240672173170037,0.13983178166447077,0.0016278867053909896,-8.74250599327704,-0.010166812214934144,4.536220060410937e-119,-9.481091895598894,-8.003920090955187,7.5444502057360845e-118,True
project-plus-gift-size,SUBJECT_CATEGORY=Foreign Languages x gift_decile=1,1643,0.05234327449786975,0.13975605308422975,0.000761782357435886,-8.741277858636002,-0.006956895067510481,6.958316761678122e-57,-9.819216699036563,-7.6633390182354395,6.818071617644299e-56,True
project-plus-gift-size,SUBJECT_CATEGORY=Applied Sciences x gift_decile=1,8729,0.05281246419979379,0.14004250356718054,0.004047229578854443,-8.723003936738674,-0.015975516752337736,6.502259764312247e-288,-9.194495700757411,-8.251512172719936,1.9113619400210884e-286,True
project-plus-gift-size,SUBJECT_CATEGORY=Mathematics x gift_decile=1,23136,0.05350968188105117,0.14062394546804347,0.010727082545122738,-8.711426358699228,-0.025886819480503087,0.0,-9.00514611958039,-8.417706597818068,0.0,True
project-plus-gift-size,SUBJECT_CATEGORY=Health & Life Science x gift_decile=6,636,0.22641509433962265,0.13966388207117508,0.00029488349320098815,8.675121226844757,0.004296623459508091,1.7227138492847324e-07,5.4221656532661155,11.928076800423398,4.498988234495665e-07,True
project-plus-gift-size,SCHOOL_STATE=IL x gift_decile=6,1133,0.22506619593998234,0.1396445899637743,0.0005253191789256597,8.542160597620803,0.005646194221956398,5.8351989540116654e-12,6.109916486982433,10.974404708259176,2.0207373911974645e-11,True
project-plus-gift-size,SUBJECT_CATEGORY=Literacy x gift_decile=1,59582,0.057097781209089996,0.14203591261118384,0.027625390396071186,-8.493813140209385,-0.04015727862321593,0.0,-8.686022651736568,-8.3016036286822,0.0,True
project-plus-gift-size,SCHOOL_STATE=MN x gift_decile=1,1447,0.055286800276434005,0.139746127867707,0.0006709063123613677,-8.445932759127297,-0.006308460360511128,8.028285395504866e-45,-9.624400809832675,-7.26746470842192,6.504969705075737e-44,True
project-plus-gift-size,SUBJECT_CATEGORY=Visual Arts x gift_decile=1,9376,0.055887372013651876,0.1400553597639573,0.004347213258258592,-8.416798775030543,-0.015973383855144727,4.9593262552734745e-273,-8.884070465010437,-7.949527085050649,1.3930196414812603e-271,True
project-plus-gift-size,GRADE_LEVEL=Grades 3-5 x gift_decile=1,60441,0.058006982015519265,0.14204450321345313,0.028023668573209,-8.403752119793387,-0.040008671147366635,0.0,-8.596011195494025,-8.21149304409275,0.0,True
project-plus-gift-size,CATEGORY=Books x gift_decile=1,33727,0.057224182405787645,0.1409995115533874,0.015637634552185104,-8.377532914759978,-0.029982630145076586,0.0,-8.629805945885986,-8.12525988363397,0.0,True
project-plus-gift-size,SUBJECT_CATEGORY=Special Needs x gift_decile=1,10957,0.056493565757050286,0.1401142776188388,0.0050802491116402945,-8.362071186178852,-0.01714908469273707,0.0,-8.796855732643518,-7.927286639714184,0.0,True
project-plus-gift-size,SCHOOL_STATE=NY x gift_decile=6,1630,0.22269938650306748,0.1396266809703622,0.0007557548646503312,8.307270553270527,0.00658529466635669,7.688560954877619e-16,6.286903721300202,10.327637385240852,3.217993724160699e-15,True
project-plus-gift-size,CATEGORY=Other x gift_decile=1,18568,0.05767987936234382,0.14040162453185273,0.008609114310937025,-8.272174516950892,-0.02204509326563418,0.0,-8.610731791076732,-7.9336172428250515,0.0,True
project-plus-gift-size,SUBJECT_CATEGORY=Literacy x gift_decile=6,5703,0.22181308083464843,0.13947173537398172,0.002644214719693766,8.23413454606667,0.0121978117970059,1.4843860251848472e-50,7.1548403214669225,9.31342877066642,1.2851122848175663e-49,True
project-plus-gift-size,SUBJECT_CATEGORY=Other x gift_decile=1,2697,0.058954393770856504,0.13979054699276305,0.0012504729263570205,-8.083615322190655,-0.008240653106314175,7.201604265254936e-71,-8.97377416816608,-7.1934564762152275,8.428544251187259e-70,True
project-plus-gift-size,GRADE_LEVEL=Grades PreK-2 x gift_decile=1,70165,0.06406327941281266,0.14223248230750318,0.03253223317680398,-7.816920289469052,-0.04000381665689696,0.0,-8.004201782522212,-7.629638796415891,0.0,True
project-plus-gift-size,CATEGORY=Visitors x gift_decile=8,551,0.2177858439201452,0.1396695069595911,0.00025547296344928376,7.811633696055409,0.0036012180226163647,8.9032023859241e-06,4.3649846183760594,11.258282773734757,2.0167827626896166e-05,True
project-plus-gift-size,SCHOOL_STATE=MO x gift_decile=1,2316,0.06174438687392055,0.13977325260806844,0.0010738210224111454,-7.8028865734147885,-0.007371884064176177,9.33909468166184e-55,-8.784250422850041,-6.821522723979536,8.744159761200419e-54,True
project-plus-gift-size,CATEGORY=Supplies x gift_decile=6,6954,0.2168536094334196,0.1394398626868171,0.0032242449869806155,7.741374674660251,0.012659641030554326,3.475031654432017e-55,6.771670503177514,8.711078846142987,3.277940306867216e-54,True
project-plus-gift-size,CATEGORY=Supplies x gift_decile=1,54937,0.06443744652966125,0.1416563622375939,0.025471720858463342,-7.7218915707932645,-0.03509462609769373,0.0,-7.932552976541496,-7.511230165045032,0.0,True
project-plus-gift-size,SUBJECT_CATEGORY=Literature & Writing x gift_decile=6,2439,0.21648216482164823,0.1396025242010913,0.0011308503772283177,7.687964062055694,0.00745347454201729,3.10516990672673e-20,6.05280616817452,9.323121955936868,1.5513576134792833e-19,True
project-plus-gift-size,SCHOOL_STATE=ME x gift_decile=1,902,0.06319290465631928,0.13972146898577936,0.00041821526865926307,-7.652856432946008,-0.00451360166793699,3.642759500653904e-21,-9.241390146924463,-6.064322718967552,1.841779203530614e-20,True
project-plus-gift-size,SUBJECT_CATEGORY=Health & Wellness x gift_decile=1,2424,0.06353135313531354,0.13977515364191687,0.00112389557786037,-7.624380050660333,-0.00736909039183686,2.5135485452363867e-53,-8.596508497372254,-6.652251603948413,2.2693752579848522e-52,True
project-plus-gift-size,SCHOOL_STATE=WV x gift_decile=7,885,0.21581920903954802,0.13965821218897545,0.00041033316270892216,7.616099685057256,0.004449409337355257,3.657169416148682e-08,4.905278569345405,10.32692080076911,1.0093148781685446e-07,True
project-plus-gift-size,SUBJECT_CATEGORY=Civics & Government x gift_decile=8,866,0.21478060046189376,0.1396593005856438,0.00040152375017618824,7.512129987624997,0.0043413226159853095,7.354529069979723e-08,4.776531870198229,10.247728105051763,1.9821161502034905e-07,True
project-plus-gift-size,SUBJECT_CATEGORY=Community Service x gift_decile=0,882,0.06462585034013606,0.1397201728093392,0.0004089422028353326,-7.509432246920316,-0.004379654029011794,1.2221267242205045e-19,-9.132714979219235,-5.886149514621396,5.964355905076129e-19,True
project-plus-gift-size,SUBJECT_CATEGORY=College & Career Prep x gift_decile=8,1716,0.21445221445221446,0.13962993279098385,0.0007956290476932321,7.482228166123061,0.006085608077589785,4.371330007917604e-14,5.539677885297597,9.424778446948526,1.6794410729507148e-13,True
project-plus-gift-size,SUBJECT_CATEGORY=Music x gift_decile=1,6047,0.06515627583925913,0.1398990206612896,0.0028037114518653697,-7.474274482203046,-0.011400307912779174,5.81968818573191e-122,-8.098061689901787,-6.850487274504305,9.94065657670964e-121,True
gift-size decile,first_gift_decile=6,19677,0.21334553031458048,0.13901128956107486,0.009123305810873969,7.433424075350562,0.02038756634623347,5.464156783239498e-142,6.8591336487646775,8.007714501936446,1.0963006625420198e-140,True
project-plus-gift-size,SCHOOL_STATE=FL x gift_decile=1,16329,0.06613999632555576,0.14025055420459667,0.007570994591948012,-7.4110557879040915,-0.01853091351358572,0.0,-7.79508069241418,-7.027030883394003,0.0,True
project-plus-gift-size,SUBJECT_CATEGORY=Environmental Science x gift_decile=1,6013,0.06602361549975054,0.13989541424912275,0.002787947239964688,-7.38717987493722,-0.011235832679192958,4.138455150374273e-117,-8.016554815375496,-6.757804934498944,6.793515987107898e-116,True
project-plus-gift-size,CATEGORY=Books x gift_decile=6,3761,0.21297527253390056,0.13956144453635655,0.0017438000281901202,7.341382799754401,0.008835635114821752,4.267490370634361e-28,6.032096060151077,8.650669539357724,2.4518671947644693e-27,True
project-plus-gift-size,SUBJECT_CATEGORY=Music x gift_decile=6,721,0.21220527045769763,0.1396652138643444,0.00033429402295269254,7.254005659335322,0.0038252528466145405,1.904442700177815e-06,4.2691368724122425,10.2388744462584,4.629260717355304e-06,True
project-plus-gift-size,SCHOOL_STATE=MI x gift_decile=1,3567,0.0672834314550042,0.13980941075609193,0.0016538512896979948,-7.252597930108773,-0.008501057575555125,8.86285617628994e-67,-8.07601846162566,-6.429177398591886,9.82688614634253e-66,True
project-plus-gift-size,SCHOOL_STATE=IN x gift_decile=4,1442,0.21151178918169208,0.1396414118965807,0.0006685880459053851,7.1870377285111395,0.005358886415460029,2.36780638362469e-11,5.078686485308217,9.295388971714061,7.834835782464942e-11,True
project-plus-gift-size,CATEGORY=Other x gift_decile=6,2074,0.2111861137897782,0.1396206450055924,0.0009616169259415871,7.156546878418579,0.006398618410893863,1.4343410768225664e-15,5.3993423371256215,8.913751419711536,5.9248598728879865e-15,True
project-plus-gift-size,CATEGORY=Technology x gift_decile=6,6449,0.21088540859047913,0.13947594212064632,0.002990100074926372,7.140946646983282,0.01124705813194566,8.583099163489584e-45,6.144228480999768,8.137664812966795,6.910214867930468e-44,True
project-plus-gift-size,SCHOOL_STATE=PA x gift_decile=1,3152,0.06852791878172589,0.13979361376502578,0.001461435173851438,-7.126569498329989,-0.007853138885250506,2.4693869693782777e-56,-8.009811173001605,-6.243327823658373,2.382675671216903e-55,True
project-plus-gift-size,GRADE_LEVEL=Grades 3-5 x gift_decile=6,6131,0.21007992170934595,0.1394887971234783,0.002842658328325878,7.059112458586764,0.01084138661446523,7.448301403267506e-42,6.03835735430153,8.079867562871998,5.603960103410791e-41,True
project-only,SUBJECT_CATEGORY=Financial Literacy x CATEGORY=Supplies,514,0.21011673151750973,0.13967267549982146,0.00023831779167501243,7.044405601768827,0.0031366162260782694,8.858015836962507e-05,3.5221265388160625,10.566684664721592,0.00018385110045846648,True
project-plus-gift-size,SCHOOL_STATE=NJ x gift_decile=1,1434,0.0697350069735007,0.13973600575312595,0.0006648788195758129,-7.0000998779625245,-0.005205010565334194,2.4488850670804675e-25,-8.31920013961952,-5.68099961630553,1.3516990064583892e-24,True
project-plus-gift-size,SCHOOL_STATE=NC x gift_decile=7,13439,0.20894411786591263,0.13925522955940364,0.006231036580390062,6.968888830650899,0.01581892459449901,1.7631049754741454e-87,6.279956797737748,7.65782086356405,2.3708134989354465e-86,True
project-plus-gift-size,SCHOOL_STATE=MA x gift_decile=1,2371,0.07043441585828764,0.1397656809534662,0.0010993219534269542,-6.933126509517856,-0.006627401528220543,1.1399509550466393e-39,-7.964132458732127,-5.902120560303584,8.281023029764091e-39,True
project-plus-gift-size,SCHOOL_STATE=OH x gift_decile=1,2126,0.07055503292568203,0.1397576784807612,0.0009857268970838062,-6.920264555507917,-0.0062643700114549715,1.4152873311097796e-35,-8.009803447153072,-5.830725663862763,9.515548864482773e-35,True
project-plus-gift-size,SCHOOL_STATE=IN x gift_decile=7,5786,0.20860698237124092,0.139504081361303,0.0026826979428630775,6.910290100993794,0.010310729634324856,3.290809981133572e-38,5.862313239259354,7.958266962728233,2.310879897862686e-37,True
project-plus-gift-size,SCHOOL_STATE=HI x gift_decile=2,1073,0.07082945013979497,0.1397237384788592,0.0004974999814538684,-6.889428833906422,-0.004431617303593656,1.4577512807950584e-18,-8.425135187046067,-5.353722480766777,6.774255951929977e-18,True
project-plus-gift-size,SCHOOL_STATE=KS x gift_decile=1,815,0.07116564417177915,0.1397153669649239,0.0003778774323251656,-6.854972279314476,-0.0038431706092617516,2.760980309914172e-14,-8.62072874327028,-5.089215815358669,1.070515064948317e-13,True
project-plus-gift-size,SUBJECT_CATEGORY=Mathematics x gift_decile=6,2851,0.20799719396702912,0.1395990497383159,0.001321875533201285,6.839814422871321,0.0071687415534008,2.38910629551999e-19,5.34922160380787,8.330407241934772,1.1482244705464895e-18,True
project-plus-gift-size,SUBJECT_CATEGORY=Character Education x gift_decile=1,1439,0.07157748436414177,0.13973493802616285,0.0006671970860317955,-6.815745366202108,-0.005076753224457555,1.2013611290899068e-23,-8.148495738277093,-5.482994994127123,6.4344087591934e-23,True
project-plus-gift-size,SCHOOL_STATE=SC x gift_decile=7,6203,0.20748025149121394,0.1394939321048591,0.0028760413652920273,6.7986319386354825,0.010502295270267522,9.908298346652286e-40,5.788436631123249,7.808827246147716,7.239357867149416e-39,True
project-plus-gift-size,SCHOOL_STATE=CO x gift_decile=1,1662,0.07220216606498195,0.13974150883337463,0.0007705917699686199,-6.753934276839269,-0.005406200784874008,2.1402506068515944e-26,-7.9991444439368715,-5.5087241097416655,1.2077128424376854e-25,True
project-plus-gift-size,SCHOOL_STATE=MD x gift_decile=1,2196,0.07240437158469945,0.1397580419087083,0.0010181826274675628,-6.735367032400886,-0.006196457199981574,4.601151579357536e-34,-7.8202864117681,-5.65044765303367,2.98249004938868e-33,True
project-plus-gift-size,SUBJECT_CATEGORY=Special Needs x gift_decile=6,1339,0.20612397311426436,0.13964819329651185,0.0006208317569121433,6.647577981775251,0.004776459538294864,1.8332441366003524e-09,4.480346001973221,8.814809961577282,5.5303594001499895e-09,True
project-only,SCHOOL_STATE=IN x CATEGORY=Trips,660,0.20606060606060606,0.139669147043491,0.0003060111721897047,6.639145901711505,0.00334969256013809,2.4820767395775746e-05,3.552945798837595,9.725346004585415,5.3721660938802294e-05,True
project-plus-gift-size,SCHOOL_STATE=OR x gift_decile=1,1550,0.07354838709677419,0.13973703087460573,0.0007186626013546095,-6.618864377783154,-0.00511658799479269,1.9325695623053613e-23,-7.919224090166709,-5.318504665399599,1.0220786304409944e-22,True
project-plus-gift-size,SCHOOL_STATE=DC x gift_decile=1,1137,0.07387862796833773,0.13972417561873535,0.0005271737920904458,-6.584554765039761,-0.004359928525295814,2.1716179678784516e-17,-8.105698750069505,-5.063410780010017,9.699382019075486e-17,True
project-only,SCHOOL_STATE=MT x CATEGORY=Supplies,1219,0.20426579163248565,0.13965294481957166,0.0005651933619685606,6.461284681291398,0.004429810946150785,2.2147438639089102e-08,4.19754331112564,8.725026051457158,6.193443017656775e-08,True
individual,PAYMENT_PROCESSING_CHARGES>0,2133350,0.1389982890758666,0.2026115899974396,0.9891347487741007,-6.361330092157303,-0.01902331073751674,1.232462625573466e-128,-6.878055402202621,-5.844604782111984,2.3603526647346377e-127,True
project-plus-gift-size,GRADE_LEVEL=Grades 6-8 x gift_decile=6,3382,0.20313424009461856,0.13958982112954293,0.0015680754308266382,6.354441896507562,0.007252883002546518,4.3240602807536713e-20,4.99767163740397,7.711212155611155,2.1518158247530082e-19,True
project-plus-gift-size,SCHOOL_STATE=NV x gift_decile=1,1071,0.0765639589169001,0.13972082554588666,0.0004965726748714754,-6.315686662898656,-0.004058772249978161,7.853759593303826e-15,-7.908849874369256,-4.7225234514280565,3.141470183293012e-14,True
individual,FULFILLMENT_AND_LABOR_MATERIALS>0,2133444,0.1390095076317916,0.20184233076263924,0.9891783321834732,-6.283282313084765,-0.018752601477703232,2.1082341767350072e-125,-6.800310078787419,-5.766254547382109,3.806868570561499e-124,True
project-plus-gift-size,SCHOOL_STATE=IL x gift_decile=1,5454,0.07755775577557755,0.13984697838081558,0.002528765050185832,-6.228922260523803,-0.009024183036299014,5.123628147027672e-66,-6.940306687128249,-5.5175378339193575,5.53527006653246e-65,True
project-plus-gift-size,SCHOOL_STATE=KY x gift_decile=1,723,0.07745504840940526,0.139710332870916,0.00033522132953508555,-6.225528446151074,-0.0032874548253791487,3.839128591522948e-10,-8.174600982342097,-4.27645590996005,1.2101392867044902e-09,True
project-only,SUBJECT_CATEGORY=Other x GRADE_LEVEL=Grades 6-8,3888,0.20113168724279834,0.13957850263087487,0.0018026839961720784,6.155318461192347,0.007531978678532911,1.0849020067790706e-21,4.894467649916048,7.416169272468645,5.5744558397103464e-21,True
project-only,SCHOOL_STATE=CT x CATEGORY=Trips,1324,0.07930513595166164,0.13972655488851568,0.0006138769575441955,-6.042141893685404,-0.004317067087824529,4.2164205082438367e-16,-7.498405744777983,-4.585878042592825,1.8005255143311518e-15,True
project-plus-gift-size,SCHOOL_STATE=OK x gift_decile=7,4306,0.19995355318160707,0.13956890616303627,0.001996491071892225,6.038464701857079,0.007775293766887932,4.1814532327312044e-23,4.842916537957935,7.234012865756225,2.1930941436399348e-22,True
project-plus-gift-size,SCHOOL_STATE=TX x gift_decile=1,4557,0.07943822690366469,0.13981703602826281,0.002112868047982552,-6.037880912459813,-0.007997458519373864,3.654242338598776e-51,-6.82440611429896,-5.251355710620666,3.1854912524061055e-50,True
project-plus-gift-size,SCHOOL_STATE=CT x gift_decile=1,1498,0.0794392523364486,0.13973133959947776,0.0006945526302123903,-6.029208726302916,-0.004581973582087704,6.447886529228437e-18,-7.399433795854655,-4.658983656751177,2.921193036897758e-17,True
project-plus-gift-size,SCHOOL_STATE=NJ x gift_decile=8,3249,0.19913819636811328,0.13959977432454082,0.0015064095430975008,5.953842204357246,0.006660886668022099,2.0108626979928595e-17,4.579851221584106,7.327833187130385,9.013228547031824e-17,True
project-plus-gift-size,SUBJECT_CATEGORY=Early Development x gift_decile=1,2915,0.08027444253859348,0.1397698745838303,0.0013515493438378623,-5.949543204523683,-0.0063051648561583415,3.5139584468865605e-32,-6.937033041550632,-4.962053367496734,2.1666553545681037e-31,True
project-plus-gift-size,SCHOOL_STATE=LA x gift_decile=1,1193,0.08046940486169321,0.1397222385879325,0.000553138376397451,-5.925283372623929,-0.004018800326672063,5.464666301570571e-14,-7.46957555719775,-4.38099118805011,2.0805235557786752e-13,True
project-plus-gift-size,SUBJECT_CATEGORY=Social Sciences x gift_decile=7,2940,0.19863945578231293,0.1396089967518539,0.0013631406761177754,5.9030459030459035,0.0062826208196226484,1.0726323090131325e-15,4.460091210364802,7.346000595727004,4.445269634729834e-15,True
project-plus-gift-size,SCHOOL_STATE=NM x gift_decile=7,1045,0.19808612440191387,0.13966115564082665,0.0004845176893003657,5.842496876108721,0.0037088444958500414,2.1594148325668823e-06,3.4255426473597845,8.259451104857659,5.208970130466678e-06,True
project-plus-gift-size,SCHOOL_STATE=ME x gift_decile=7,1390,0.19784172661870503,0.1396519615439219,0.0006444780747631659,5.818976507478313,0.004259918005958813,5.194734369274095e-08,3.7241712982983093,7.913781716658316,1.4151172936988052e-07,True
project-plus-gift-size,CATEGORY=Trips x gift_decile=8,4434,0.1975642760487145,0.13957023718261435,0.0020558386931653796,5.799403886610014,0.007577423284960168,3.2823476920853475e-22,4.62651691012267,6.972290863097356,1.7003637224573276e-21,True
project-plus-gift-size,SCHOOL_STATE=GA x gift_decile=6,511,0.19765166340508805,0.1396757275168775,0.00023692683180142287,5.797593588821054,0.0025739137609247856,0.0009994052573760236,2.3444365726481764,9.250750604993932,0.001846854159829377,True
project-plus-gift-size,SCHOOL_STATE=WA x gift_decile=1,1890,0.082010582010582,0.13974005217890068,0.000876304720361427,-5.772947016831867,-0.004927485226811013,6.215411389086978e-20,-7.010839291880602,-4.5350547417831315,3.056918286305813e-19,True
project-plus-gift-size,SUBJECT_CATEGORY=Civics & Government x gift_decile=0,1474,0.08208955223880597,0.1397288557098515,0.0006834249512236738,-5.763930347104552,-0.004345164662846411,7.80329173086546e-16,-7.166060103043212,-4.361800591165893,3.2552345702356243e-15,True
project-plus-gift-size,SCHOOL_STATE=VA x gift_decile=1,1975,0.08253164556962025,0.139741851830023,0.0009157152501131314,-5.721020626040274,-0.004991664123999178,2.6353875453974823e-20,-6.935510975656231,-4.506530276424317,1.3218769275327054e-19,True
project-plus-gift-size,CATEGORY=Trips x gift_decile=1,1264,0.08306962025316456,0.13972266552850357,0.0005860577600724041,-5.665304527533902,-0.003955093237939129,2.9935457973173715e-13,-7.187507899041556,-4.143101156026248,1.0967657645823645e-12,True
project-only,"SUBJECT_CATEGORY=Warmth, Care & Hunger x CATEGORY=Supplies",500,0.196,0.13967640626188388,0.0002318266455982611,5.632359373811613,0.002473501857412376,0.0015121137275488088,2.152469323565178,9.112249424058048,0.0027343515759967016,True
project-plus-gift-size,SUBJECT_CATEGORY=Applied Sciences x gift_decile=6,961,0.19562955254942768,0.13966452718984815,0.00044557081283985787,5.596502535957954,0.0034069742442027493,1.2266535799536521e-05,3.0880056681791475,8.104999403736759,2.7249387083680426e-05,True
project-plus-gift-size,SCHOOL_STATE=TX x gift_decile=6,1138,0.19507908611599298,0.13966022250406607,0.0005276374453816423,5.541886361192691,0.003671143574748159,2.3943447158492223e-06,3.239094931467845,7.844677790917537,5.731916137942077e-06,True
project-only,SCHOOL_STATE=MN x CATEGORY=Visitors,510,0.08431372549019608,0.1397025609917849,0.00023646317851022634,-5.538883550158882,-0.0024566494922518074,6.764809380974402e-06,-7.950861940042862,-3.1269051602749025,1.5518546383941278e-05,True
project-plus-gift-size,SUBJECT_CATEGORY=Early Development x gift_decile=7,5370,0.19478584729981377,0.1395519411884463,0.0024898181737253245,5.5233906111367475,0.007940334471342077,1.7807761347746617e-24,4.463117171373458,6.583664050900036,9.744160321883863e-24,True
project-plus-gift-size,SCHOOL_STATE=CT x gift_decile=4,806,0.19478908188585609,0.13966886489565292,0.00037370455270439694,5.512021699020317,0.0030731552683729976,7.790793081835632e-05,2.7774591191309423,8.24658427890969,0.00016303911350066622,True
project-plus-gift-size,GRADE_LEVEL=Grades 9-12 x gift_decile=6,2614,0.19472073450650346,0.1396226853033883,0.0012119897031877091,5.509804920311515,0.005529844283611638,1.1551715468991821e-12,3.9910614933250503,7.028548347297979,4.067233524458401e-12,True
project-plus-gift-size,SUBJECT_CATEGORY=ESL x gift_decile=7,3380,0.19467455621301774,0.13960315853411623,0.001567148124244245,5.507139767890151,0.006283926661257728,6.406100134425232e-16,4.1714702875024905,6.842809248277812,2.699103523304498e-15,True
project-plus-gift-size,SCHOOL_STATE=AL x gift_decile=7,2252,0.19404973357015987,0.13963264411946538,0.001044147211774568,5.441708945069449,0.005069672187381436,6.695909993086929e-11,3.80769106570528,7.075726824433618,2.1701615977594562e-10,True
project-plus-gift-size,SCHOOL_STATE=KY x gift_decile=7,1937,0.19359834796076406,0.13964100467457782,0.0008980964250476635,5.395734328618623,0.004662378091599598,1.876856070933065e-09,3.635510281202263,7.155958376034984,5.648443032522367e-09,True
project-plus-gift-size,SCHOOL_STATE=PA x gift_decile=6,527,0.1935483870967742,0.13967630018128638,0.0002443452844605672,5.387208691548781,0.0024288644013204636,0.0017480639082820323,2.0137487769749205,8.76066860612264,0.003120837259983741,True
project-plus-gift-size,SUBJECT_CATEGORY=ESL x gift_decile=0,4515,0.08615725359911407,0.1398017626978784,0.002093394609752298,-5.364450909876433,-0.007072717783450784,1.1786382583289197e-37,-6.184242588955508,-4.5446592307973575,8.185707464438211e-37,True
project-plus-gift-size,CATEGORY=Trips x gift_decile=0,5459,0.08646272211027661,0.13982452674514542,0.0025310833166418147,-5.336180463486881,-0.0077343526308636945,1.5278909056048037e-44,-6.083170011010103,-4.589190915963659,1.222312724483843e-43,True
project-only,SUBJECT_CATEGORY=Economics x GRADE_LEVEL=Grades 3-5,732,0.19262295081967212,0.13967149215325048,0.0003393942091558543,5.295145866642165,0.002813500427429907,0.0002808827192545459,2.4378862558903514,8.152405477393978,0.0005564823779588495,True
project-plus-gift-size,SUBJECT_CATEGORY=Visual Arts x gift_decile=7,11407,0.19198737617252565,0.13941139482710965,0.005288893092678729,5.2575981345416,0.011000408673371067,6.1622707280337354e-46,4.5333174969786585,5.98187877210454,5.1583511259832064e-45,True
project-plus-gift-size,SCHOOL_STATE=TN x gift_decile=1,2167,0.08721735117674204,0.13974223725144655,0.0010047366820228637,-5.252488607470451,-0.004800246250162661,4.749091566234379e-18,-6.441377538420705,-4.063599676520198,2.159299186949732e-17,True
project-plus-gift-size,CATEGORY=Supplies x gift_decile=7,86121,0.18986077727848027,0.1376027871266353,0.03993028509113569,5.225799015184498,0.02951520796136228,0.0,4.959691396669085,5.491906633699912,0.0,True
project-plus-gift-size,SCHOOL_STATE=FL x gift_decile=6,1506,0.19189907038512616,0.13965298212109992,0.0006982618565419625,5.2246088264026245,0.003981088341924202,2.6426222488456363e-07,3.2351710845660193,7.21404656823923,6.844824841272303e-07,True
project-only,SUBJECT_CATEGORY=Visual Arts x CATEGORY=Books,3242,0.19154842689697718,0.13961139369466674,0.0015031639700591251,5.193703320231044,0.005804224704282545,5.894032229808791e-14,3.83829768277182,6.549108957690268,2.2305559097240454e-13,True
project-plus-gift-size,SCHOOL_STATE=UT x gift_decile=7,2467,0.19132549655451966,0.13963033295471372,0.0011438326693818204,5.1695163599805944,0.005040495069896424,6.808555485712902e-11,3.6166367469326137,6.722395973028575,2.2010266327215112e-10,True
project-plus-gift-size,CATEGORY=Books x gift_decile=7,47114,0.1901982425605977,0.13856148117952097,0.02184456116143295,5.163676138107673,0.021773344767248185,2.263902529414021e-176,4.80623900683576,5.521113269379586,5.109951423534504e-175,True
project-plus-gift-size,SUBJECT_CATEGORY=Literacy x gift_decile=7,73645,0.1889605540090977,0.13794758775098542,0.03414574663016788,5.101296625811227,0.026723616859394665,1.152862573048074e-266,4.814702307189546,5.387890944432909,2.9739148823117663e-265,True
project-only,SCHOOL_STATE=WA x CATEGORY=Other,7487,0.08908775210364632,0.13986573284194787,0.003471372191188362,-5.077798073830155,-0.008615122567364924,2.102424098949694e-53,-5.724743892037062,-4.430852255623247,1.9256985949800096e-52,True
project-plus-gift-size,SCHOOL_STATE=NY x gift_decile=1,6130,0.08907014681892333,0.139833743596134,0.002842194675034681,-5.076359677721068,-0.0077956403946868045,4.53962673535558e-44,-5.790938243877386,-4.361781111564749,3.56402993384438e-43,True
project-only,SCHOOL_STATE=WA x CATEGORY=Books,17714,0.089364344586203,0.140106214382886,0.008213154400255196,-5.0741869796683,-0.013210558737707415,2.0057339677433953e-122,-5.496853859845214,-4.651520099491387,3.4729421030515774e-121,True
project-plus-gift-size,SCHOOL_STATE=MT x gift_decile=7,541,0.19038817005545286,0.13967674329841304,0.0002508364305373185,5.071142675703983,0.0023165261898077105,0.002664331455322231,1.7624356691006835,8.379849682307281,0.004619636432822085,True
project-plus-gift-size,SCHOOL_STATE=IL x gift_decile=7,15650,0.18945686900958467,0.1393257031087265,0.007256174007225573,5.013116590085817,0.01227356709876975,2.495448827766105e-57,4.397404033130973,5.628829147040661,2.483659305745163e-56,True
project-plus-gift-size,SCHOOL_STATE=NE x gift_decile=0,781,0.08962868117797695,0.139707597809465,0.00036211322042448385,-5.007891663148806,-0.0027484574867420236,9.674461862851683e-07,-7.011806109530544,-3.003977216767067,2.421489068246441e-06,True
project-only,SUBJECT_CATEGORY=Parent Involvement x GRADE_LEVEL=Grades PreK-2,1334,0.1896551724137931,0.13965853998005057,0.0006185134904561606,4.999663243374252,0.0035856801378321944,3.210157307999843e-06,2.8953980166188855,7.1039284701296195,7.556124464267786e-06,True
project-plus-gift-size,SCHOOL_STATE=HI x gift_decile=7,1363,0.1892883345561262,0.13965809927619707,0.0006319594359008598,4.963023527992913,0.0035978596521678615,2.9226167544123934e-06,2.8827963457649175,7.043250710220908,6.917954265125966e-06,True
project-plus-gift-size,SUBJECT_CATEGORY=Foreign Languages x gift_decile=0,3279,0.09027142421469961,0.13976470916018305,0.0015203191418333964,-4.949328494548344,-0.005562548765041646,5.146623212032766e-23,-5.931302414287537,-3.9673545748091508,2.688153611574139e-22,True
project-plus-gift-size,SCHOOL_STATE=MS x gift_decile=1,676,0.09023668639053255,0.13970496839675933,0.00031342962484884904,-4.9468282006226785,-0.0025259184934475526,7.192318240745198e-06,-7.107248021702456,-2.786408379542901,1.6409910209931283e-05,True
project-plus-gift-size,GRADE_LEVEL=Grades PreK-2 x gift_decile=7,96682,0.1864773173910345,0.13749367749752198,0.04482692749946216,4.898363989351254,0.029238300794448023,0.0,4.648384245386206,5.148343733316302,0.0,True
project-plus-gift-size,SCHOOL_STATE=WA x gift_decile=7,5438,0.1875689591761677,0.13956843761998303,0.0025213465975266877,4.800052155618467,0.006943918114360064,1.3217057361296512e-19,3.76146647412492,5.838637837112015,6.425523271030305e-19,True
project-plus-gift-size,SUBJECT_CATEGORY=Performing Arts x gift_decile=7,4914,0.18742368742368742,0.13958045792729115,0.00227839227293971,4.784322949639627,0.006580061917822422,8.986130787465208e-18,3.692195053701365,5.87645084557789,4.056596184055723e-17,True
project-only,SCHOOL_STATE=AZ x CATEGORY=Trips,710,0.18732394366197183,0.13967377743064477,0.0003291938367495308,4.7650166231327065,0.0024934997375760173,0.001138996749373825,1.89464114073317,7.635392105532243,0.0020922866255296373,True
project-plus-gift-size,SCHOOL_STATE=TN x gift_decile=0,9455,0.0923320994182972,0.13989798489192853,0.004383841868263118,-4.756588547363133,-0.009064827589291558,4.1549978946709667e-57,-5.341962779818673,-4.171214314907592,4.10306042098758e-56,True
project-plus-gift-size,SCHOOL_STATE=AR x gift_decile=7,1509,0.18687872763419483,0.13965642435420075,0.0006996528164155521,4.722230327999408,0.0036018616965378925,2.544816294389132e-06,2.7548459030851085,6.689614752913707,6.080619652377812e-06,True
project-only,SCHOOL_STATE=IL x CATEGORY=Trips,3116,0.18677792041078306,0.13962133439323052,0.0014447436553683632,4.715658601755254,0.005166713253289162,1.4750300239934205e-11,3.3464392559025944,6.0848779476079145,4.932375529967417e-11,True
project-plus-gift-size,GRADE_LEVEL=Grades 3-5 x gift_decile=7,83839,0.18498550793783322,0.13785749260110616,0.038872228280625226,4.712801533672706,0.026277254466939726,2.826926284514105e-262,4.445808543305682,4.97979452403973,7.146469647251657e-261,True
project-plus-gift-size,SCHOOL_STATE=SC x gift_decile=4,1587,0.18651543793320732,0.13965498281595604,0.0007358177731288807,4.686045511725129,0.003665408256085441,1.6585943860014927e-06,2.76902728101586,6.603063742434398,4.05505474643305e-06,True
project-plus-gift-size,SCHOOL_STATE=NV x gift_decile=7,2425,0.18639175257731957,0.13963689431520002,0.0011243592311515663,4.675485826211956,0.004519865954150991,3.426573424541783e-09,3.1248323127780493,6.226139339645862,1.0143299317613145e-08,True
project-only,SUBJECT_CATEGORY=Parent Involvement x CATEGORY=Technology,864,0.1863425925925926,0.13967076700434153,0.0004005964435937952,4.667182558825106,0.0026940886483043463,0.00042730292398075417,2.070343612561377,7.264021505088834,0.0008347927293843483,True
project-plus-gift-size,SUBJECT_CATEGORY=Music x gift_decile=7,9731,0.18610625834960437,0.13947909064191708,0.004511810176633358,4.662716770768729,0.009014114198508697,4.0403241986942186e-32,3.888040717854474,5.437392823682985,2.4791115471599475e-31,True
gift-size decile,first_gift_decile=7,272518,0.1802339661967283,0.13382558513500747,0.12635386761029385,4.640838106172082,0.04447838626274256,0.0,4.488551924120027,4.793124288224138,0.0,True
project-plus-gift-size,SUBJECT_CATEGORY=Community Service x gift_decile=3,1306,0.09341500765696784,0.13971750117607323,0.000605531198302658,-4.63024935191054,-0.003285728437850444,9.058857449383943e-09,-6.209255151103513,-3.0512435527175663,2.584739461855825e-08,True
project-plus-gift-size,SCHOOL_STATE=WI x gift_decile=1,1509,0.09343936381709742,0.13972184524016656,0.0006996528164155521,-4.628248142306915,-0.0035301771722156504,6.648992365021158e-10,-6.097480359661166,-3.1590159249526644,2.0548475181874677e-09,True
project-only,SCHOOL_STATE=WA x CATEGORY=Technology,18519,0.0938495599114423,0.1400864719761115,0.008586395299668394,-4.623691206466919,-0.012305868011802255,5.044283272922468e-102,-5.046273539692761,-4.201108873241077,7.501145949381176e-101,True
project-plus-gift-size,SUBJECT_CATEGORY=Character Education x gift_decile=7,2718,0.18579838116261957,0.13963128334972094,0.0012602096454721475,4.616709781289863,0.004724661565660855,6.202865978597043e-10,3.1537386056163554,6.0796809569633705,1.9216722051339857e-09,True
project-plus-gift-size,SCHOOL_STATE=NC x gift_decile=4,3355,0.1856929955290611,0.1396177909743019,0.001555556791964332,4.607520455475919,0.005237966471037617,6.940335458893884e-12,3.2908707408672986,5.9241701700845395,2.358221510763943e-11,True
individual,"SUBJECT_SUBCATEGORY=Warmth, Care & Hunger",577,0.1854419410745234,0.13967722022978313,0.00026752794902039335,4.576472084474026,0.002158976182021379,0.004681304755602811,1.4048649098490247,7.748079259099027,0.007829227635888657,True
individual,"SUBJECT_CATEGORY=Warmth, Care & Hunger",577,0.1854419410745234,0.13967722022978313,0.00026752794902039335,4.576472084474026,0.002158976182021379,0.004681304755602811,1.4048649098490247,7.748079259099027,0.007829227635888657,True
individual,SCHOOL_STATE=WA,69526,0.09550384028996346,0.1411612747441859,0.032235958723729405,-4.565743445422245,-0.023262537953587247,0.0,-4.789264003174261,-4.3422228876702285,0.0,True
project-only,SUBJECT_CATEGORY=Foreign Languages x CATEGORY=Trips,1526,0.09436435124508519,0.13972155537759284,0.0007075349223658929,-4.535720413250766,-0.0034790212163473716,1.3785545959078988e-09,-6.003212196145142,-3.0682286303563893,4.188685118335539e-09,True
project-plus-gift-size,SUBJECT_CATEGORY=Health & Life Science x gift_decile=7,8441,0.18481222603956876,0.13951217286997467,0.003913697430989844,4.53000531695941,0.008158895555984171,9.551049455686127e-27,3.7006663203158,5.359344313603019,5.413689018828371e-26,True
project-plus-gift-size,SCHOOL_STATE=TN x gift_decile=3,21649,0.09492355305094924,0.14014336330021288,0.01003763010111351,-4.5219810249263634,-0.013003019891780737,1.687793436081793e-112,-4.915198877491312,-4.128763172361415,2.700469497730869e-111,True
project-plus-gift-size,CATEGORY=Technology x gift_decile=0,126732,0.0974970804532399,0.14232344787227125,0.058759708899917655,-4.482636741903134,-0.030409842674005476,0.0,-4.65287953168456,-4.312393952121709,0.0,True
project-plus-gift-size,GRADE_LEVEL=Grades 9-12 x gift_decile=0,55582,0.09611025152027634,0.1408422417264023,0.025770777231285097,-4.473199020612596,-0.020445753007279247,1.7299107035686555e-270,-4.722709415278377,-4.223688625946815,4.652355594278257e-269,True
project-plus-gift-size,SUBJECT_CATEGORY=Character Education x gift_decile=4,743,0.18438761776581428,0.1396740600016419,0.000344494395359016,4.471355776417238,0.0023935695035288518,0.0016754988594587115,1.682479609024835,7.26023194380964,0.003004014976391222,True
project-only,SCHOOL_STATE=NH x CATEGORY=Books,640,0.184375,0.13967619973434056,0.0002967381063657742,4.469880026565945,0.002220795843589463,0.0035492793769940838,1.4650918320095896,7.4746682211223,0.006078982564390951,True
project-plus-gift-size,SUBJECT_CATEGORY=Applied Sciences x gift_decile=7,15089,0.1839750811849692,0.13937745570681165,0.006996064510864324,4.459762547815754,0.010722712900302196,3.845681897146742e-45,3.8397849615314428,5.079740134100065,3.1564557909048585e-44,True
project-plus-gift-size,SCHOOL_STATE=GA x gift_decile=4,1585,0.18422712933753943,0.13965670919483536,0.0007348904665464877,4.457042014270407,0.0034840866774932936,4.7427782763264364e-06,2.547934014450777,6.366150014090037,1.101998481852319e-05,True
project-plus-gift-size,SUBJECT_CATEGORY=History & Geography x gift_decile=0,8254,0.09559001696147322,0.13985888025766455,0.0038269942655360946,-4.4268863296191325,-0.007884700751334798,2.2472381007105908e-42,-5.062905923852181,-3.7908667353860843,1.7111499754808353e-41,True
project-plus-gift-size,SUBJECT_CATEGORY=Extracurricular x gift_decile=0,1707,0.09548916227299356,0.1397244738819077,0.0007914561680724635,-4.4235311608914145,-0.0035884024842853905,5.122393041270733e-10,-5.81849348041794,-3.028568841364888,1.6026497040015364e-09,True
project-only,SUBJECT_CATEGORY=Other x CATEGORY=Books,588,0.1836734693877551,0.1396774690241518,0.0002726281352235551,4.399600036360332,0.0020952211974969532,0.0058717593056029785,1.2694148434091217,7.529785229311542,0.009714533720264614,True
gift-size decile,first_gift_decile=0,364419,0.10317244710072745,0.14711400858642074,0.16896406872454545,-4.394156148569328,-0.04749775908149678,0.0,-4.50570555777305,-4.282606739365606,0.0,True
project-plus-gift-size,SCHOOL_STATE=CA x gift_decile=0,78984,0.09766534994429252,0.14128693810761384,0.03662119155186611,-4.362158816332132,-0.023635065346633635,0.0,-4.574540577954607,-4.149777054709657,0.0,True
project-plus-gift-size,CATEGORY=Other x gift_decile=7,26277,0.18274536667047228,0.1391584256705094,0.012183417532771015,4.358694099996288,0.013793347100606155,5.862159773776349e-74,3.889116129614714,4.828272070377862,7.124778801974331e-73,True
project-plus-gift-size,SCHOOL_STATE=AK x gift_decile=7,644,0.18322981366459629,0.13967645885703156,0.0002985927195305603,4.355335480756473,0.0021706356247098834,0.004280717100516962,1.367111012317707,7.343559949195239,0.0072048287816956595,True
project-plus-gift-size,SCHOOL_STATE=GA x gift_decile=7,7346,0.18309283964062076,0.1395411265642461,0.0034059970771296525,4.355171307637465,0.007319426715103929,5.493468906516142e-22,3.4695509697379916,5.240791645536938,2.834181509320981e-21,True
project-plus-gift-size,SCHOOL_STATE=NY x gift_decile=7,23588,0.18242326606749196,0.13921693083992281,0.010936653832743566,4.320633522756914,0.012962604543263635,1.321391723219201e-65,3.8255988350571686,4.81566821045666,1.4154568967365002e-64,True
project-plus-gift-size,SCHOOL_STATE=CA x gift_decile=7,49689,0.1818712391072471,0.1386947432365413,0.023038468386263992,4.317649587070579,0.018685446524817136,6.863238535137674e-135,3.9752829084740586,4.6600162656671005,1.3346359243713876e-133,True
project-plus-gift-size,SCHOOL_STATE=IA x gift_decile=0,1624,0.09667487684729065,0.13972187679801035,0.0007529729449031521,-4.30469999507197,-0.0034061170042382957,4.4317809186350045e-09,-5.742726928194998,-2.866673061948942,1.3042897426025033e-08,True
project-plus-gift-size,SCHOOL_STATE=ID x gift_decile=7,981,0.18246687054026503,0.13966999767603996,0.0004548438786637883,4.279687286422506,0.002632297537352952,0.0005205699797095166,1.8623021822973418,6.697072390547672,0.0010045808463401969,True
project-only,SUBJECT_CATEGORY=Economics x CATEGORY=Supplies,692,0.18208092485549132,0.13967585798750703,0.0003208480775079934,4.240506686798429,0.0021907274241125376,0.003850026534017142,1.3647863752161558,7.116226998380701,0.006550178870713799,True
project-plus-gift-size,SCHOOL_STATE=WI x gift_decile=7,2863,0.18197694725812086,0.1396332548872498,0.0013274393726956431,4.234369237087105,0.004447318020900413,4.380199866220493e-09,2.820304906604301,5.648433567569907,1.2935917361922206e-08,True
project-only,SUBJECT_CATEGORY=Team Sports x CATEGORY=Trips,808,0.18193069306930693,0.13967363273060554,0.00037463185928678994,4.225706033870138,0.002358907027355286,0.001851415585455364,1.5652007663576124,6.886211301382665,0.0033006901269613262,True
project-only,SCHOOL_STATE=TX x CATEGORY=Trips,2337,0.0975609756097561,0.13973516173755957,0.0010835577415262724,-4.217418612780347,-0.004002468062543789,6.599855242926309e-12,-5.421331551548271,-3.0135056740124213,2.2607634219671694e-11,True
project-plus-gift-size,SCHOOL_STATE=WI x gift_decile=4,798,0.18170426065162906,0.13967391253932077,0.00036999532637482476,4.20303481123083,0.002331692641368056,0.0020793355462867245,1.527212493700776,6.878857128760883,0.0036862273920146137,True
project-plus-gift-size,SCHOOL_STATE=OK x gift_decile=1,1237,0.09781729991915926,0.13971349267726474,0.000573539121210098,-4.189619275810548,-0.0028934904840139577,7.110487986943746e-07,-5.845755131933202,-2.533483419687894,1.8047503645576094e-06,True
project-only,SUBJECT_CATEGORY=Parent Involvement x CATEGORY=Supplies,849,0.18138987043580684,0.1396730420907866,0.0003936416442258474,4.1716828345020245,0.0023870793741667335,0.0016109247002370657,1.579196423262302,6.764169245741747,0.0029005823662388193,True
project-plus-gift-size,SCHOOL_STATE=GA x gift_decile=1,2275,0.09802197802197803,0.13973346131299522,0.0010548112374720881,-4.171148329101719,-0.003905749554991094,2.291425839092694e-11,-5.393895319192242,-2.9484013390111965,7.602000684024056e-11,True
project-plus-gift-size,CATEGORY=Visitors x gift_decile=0,1244,0.09807073954983923,0.13971348246843018,0.0005767846942484737,-4.164274291859095,-0.0028841076228934377,7.951762372814919e-07,-5.817651960319003,-2.510896623399187,2.0102055278476115e-06,True
project-plus-gift-size,SCHOOL_STATE=MD x gift_decile=7,5085,0.18112094395280237,0.1395915506769302,0.0023576769857343157,4.152939327587219,0.005809994552255485,1.56248401933148e-14,3.093392930593257,5.21248572458118,6.114488546238363e-14,True
project-plus-gift-size,SCHOOL_STATE=NV x gift_decile=4,585,0.1811965811965812,0.13967820224385596,0.0002712371753499655,4.151837895272522,0.00197218042073192,0.009139581139801728,1.0301414185617248,7.27353437198332,0.014697748804973772,True
project-only,SUBJECT_CATEGORY=Health & Wellness x CATEGORY=Trips,560,0.09821428571428571,0.13970023522602476,0.00025964584307005243,-4.148594951173905,-0.0019280837173147412,0.0009730011384260452,-6.613939245448809,-1.6832506568990002,0.0018033334882265706,True
project-plus-gift-size,SUBJECT_CATEGORY=Special Needs x gift_decile=0,25008,0.0990083173384517,0.14016669668858267,0.011595041506242628,-4.115837935013097,-0.01271020137768135,1.1261896659795362e-103,-4.48893979784645,-3.7427360721797456,1.6946473069025403e-102,True
project-plus-gift-size,SCHOOL_STATE=TN x gift_decile=6,719,0.1808066759388039,0.139675751890597,0.0003333667163702995,4.11309240482069,0.002165946562677512,0.004165827743434386,1.2995672602300117,6.926617549411368,0.007039580571792865,True
project-plus-gift-size,SUBJECT_CATEGORY=Health & Life Science x gift_decile=0,13068,0.09909703091521273,0.1399369132851553,0.006059021209356153,-4.083988236994259,-0.009142323219032305,1.3361517225310794e-54,-4.598384803302368,-3.569591670686149,1.241835130352415e-53,True
project-plus-gift-size,SUBJECT_CATEGORY=Environmental Science x gift_decile=0,14988,0.09921270349613023,0.13997271448821455,0.006949235528453475,-4.0760010992084315,-0.009767402561465719,5.519105513521411e-62,-4.556858451430758,-3.5951437469861056,5.58091949527285e-61,True
project-plus-gift-size,GRADE_LEVEL=Grades 3-5 x gift_decile=0,111321,0.10111299754763252,0.1417889250502209,0.05161434802928805,-4.067592750258838,-0.025960062237125735,0.0,-4.251033489856249,-3.884152010661426,0.0,True
project-plus-gift-size,SCHOOL_STATE=MA x gift_decile=7,7195,0.18012508686587908,0.13955411941538592,0.0033359854301589775,4.057096745049316,0.00674826890181258,3.789962592165012e-19,3.167912514798425,4.946280975300206,1.807740647734557e-18,True
project-only,SUBJECT_CATEGORY=Financial Literacy x GRADE_LEVEL=Grades PreK-2,533,0.1801125703564728,0.13967947145299875,0.00024712720420774634,4.0433098903474045,0.0018333027536704667,0.015145130122862204,0.7805488503015046,7.306070930393305,0.023460103523649297,True
project-plus-gift-size,SCHOOL_STATE=PA x gift_decile=7,7523,0.17998139040276487,0.13954843083273738,0.0034880637096714366,4.043295957002749,0.006876374841882759,7.819630541912561e-20,3.173927861247043,4.912664052758455,3.831012792626929e-19,True
project-only,SCHOOL_STATE=CA x CATEGORY=Technology,198504,0.10332285495506388,0.14337581959678902,0.09203703291567444,-4.005296464172514,-0.03339954834220035,0.0,-4.1479119184151045,-3.862681009929924,0.0,True
project-plus-gift-size,SUBJECT_CATEGORY=College & Career Prep x gift_decile=0,3262,0.09993868792152054,0.13974967518325793,0.0015124370358830556,-3.9810987261737387,-0.004462759504790771,3.629948900845072e-14,-5.011380741429298,-2.950816710918179,1.403136211213508e-13,True
project-only,SUBJECT_CATEGORY=Community Service x GRADE_LEVEL=Grades 9-12,1881,0.09994683678894205,0.13972415463712287,0.0008721318407406584,-3.9777317848180824,-0.00338709718196808,9.001310246611239e-09,-5.333961970463453,-2.6215015991727117,2.5741303510671058e-08,True
project-only,SUBJECT_CATEGORY=Music x CATEGORY=Books,2516,0.17925278219395865,0.1396432570135192,0.00116655168065045,3.960952518043945,0.003900216552459151,2.250200574191509e-07,2.4614561423275316,5.460448893760358,5.864440259336222e-07,True
project-plus-gift-size,SCHOOL_STATE=MO x gift_decile=7,4394,0.17910787437414658,0.13960899279405684,0.0020372925615175187,3.949888158008974,0.005137587232771502,8.938123224988802e-12,2.815169256073846,5.084607059944101,3.0127434017028924e-11,True
project-only,SUBJECT_CATEGORY=Early Development x CATEGORY=Books,893,0.1791713325867861,0.1396731096330937,0.00041404238903849434,3.9498222953692403,0.0023179314459613742,0.0020888768408031137,1.4340904908991876,6.465554099839293,0.0036885518167179957,True
project-only,SCHOOL_STATE=VA x CATEGORY=Trips,818,0.10024449877750612,0.13970442947616057,0.0003792683921987552,-3.945993069865446,-0.0022163473512605432,0.00017202496493858997,-6.00463922424304,-1.887346915487851,0.00034679354973265986,True
project-plus-gift-size,SUBJECT_CATEGORY=Other x gift_decile=7,4317,0.17905953208246467,0.13961050273941483,0.0020015912580953863,3.9449029343049835,0.005086036800108886,1.4296021064289248e-11,2.8002464022941624,5.089559466315804,4.7931487069659447e-11,True
project-only,SCHOOL_STATE=WV x CATEGORY=Books,972,0.17901234567901234,0.1396717338988743,0.0004506709990430196,3.9340611780138035,0.002408593918549995,0.0013801033842837647,1.5235298543248281,6.344592501702778,0.0025063946519176413,True
project-only,SUBJECT_CATEGORY=Gym & Fitness x GRADE_LEVEL=Grades 9-12,2777,0.10046813107670148,0.13974002869999957,0.0012875651896527421,-3.9271897623298093,-0.004062349485358283,6.060999809440367e-12,-5.046273625804069,-2.808105898855549,2.0931977483968917e-11,True
project-plus-gift-size,SUBJECT_CATEGORY=Team Sports x gift_decile=0,2613,0.10065059318790662,0.13973681755069584,0.0012115260498965126,-3.9086224362789217,-0.003922088726905085,3.2347590603368314e-11,-5.063160547654847,-2.7540843249029967,1.0647748573608737e-10,True
project-plus-gift-size,SUBJECT_CATEGORY=Literature & Writing x gift_decile=0,45072,0.10145988640397587,0.14050542877058994,0.02089778114080965,-3.9045542366614074,-0.016111134370332375,1.9856296437522092e-161,-4.1872197708616525,-3.6218887024611623,4.253959101191174e-160,True
project-only,SCHOOL_STATE=AK x CATEGORY=Other,504,0.17857142857142858,0.13968037546144285,0.0002336812587630472,3.8891053109985725,0.0017147525214195117,0.02263956987701213,0.5450514112698001,7.233159210727344,0.0339459268381297,True
project-only,SCHOOL_STATE=WA x CATEGORY=Trips,823,0.10085054678007291,0.13970428964160297,0.0003815866586547378,-3.8853742861530067,-0.0021889564976856715,0.00021512116633997383,-5.943259099132268,-1.8274894731737454,0.0004288851013465724,True
project-plus-gift-size,SCHOOL_STATE=IL x gift_decile=4,4546,0.17839859216893972,0.13960770137875086,0.00210776786177939,3.8790890790188852,0.0051318448413525146,8.754149243265617e-12,2.7651967647579845,4.992981393279786,2.958621562429877e-11,True
project-plus-gift-size,SUBJECT_CATEGORY=Environmental Science x gift_decile=7,10602,0.17826825127334464,0.13949888686048062,0.004915652193265529,3.8769364412864022,0.00782167481806923,2.259025252256163e-25,3.1469052059513185,4.606967676621486,1.2523718942332413e-24,True
project-only,SCHOOL_STATE=SC x CATEGORY=Other,5284,0.17789553368660105,0.13959563095514757,0.0024499439906824232,3.8299902731453477,0.005461773071571845,3.523795937370502e-13,2.797803627667354,4.862176918623342,1.2799074898954925e-12,True
project-plus-gift-size,SCHOOL_STATE=AZ x gift_decile=1,1419,0.1014799154334038,0.13971461910163707,0.0006579240202078651,-3.8234703668233267,-0.0028280900945536367,1.8636436303536732e-06,-5.395306193054461,-2.2516345405921925,4.538816086256345e-06,True
project-plus-gift-size,SCHOOL_STATE=NY x gift_decile=4,5922,0.1778115501519757,0.13958450146964332,0.0027457547904658048,3.822704868233237,0.005770256857106169,1.5289503991472487e-14,2.8477642904592786,4.797645446007196,6.001842560627709e-14,True
project-plus-gift-size,SUBJECT_CATEGORY=Other x gift_decile=0,4825,0.10155440414507771,0.1397749678316362,0.00223712713002322,-3.822056368655849,-0.005208907487701805,1.689907800965339e-18,-4.675634629772636,-2.9684781075390614,7.795779052628425e-18,True
project-plus-gift-size,SCHOOL_STATE=VA x gift_decile=7,5509,0.17770920312216373,0.13959210235790404,0.0025542659812016408,3.8117100764259697,0.005549937760443784,1.4334488560003254e-13,2.801192372572621,4.822227780279318,5.360589804687608e-13,True
project-plus-gift-size,SUBJECT_CATEGORY=Literacy x gift_decile=0,106130,0.10380665221897672,0.14154655051510395,0.0492075237946869,-3.773989829612723,-0.023547776413834747,0.0,-3.9635968220003446,-3.584382837225101,0.0,True
individual,SUBJECT_CATEGORY=Parent Involvement,2148,0.17737430167597765,0.13965189479800766,0.0009959272694901298,3.772240687796999,0.0034323169951612008,4.762015996419062e-06,2.1561579152663777,5.388323460327619,1.1044382054080173e-05,True
project-plus-gift-size,SCHOOL_STATE=DE x gift_decile=7,536,0.17723880597014927,0.13968012955838105,0.0002485181640813359,3.7558676411768217,0.0017077564328872512,0.02279597720927692,0.5226535608402083,6.989081721513434,0.03413994691057586,True
project-only,SCHOOL_STATE=SD x CATEGORY=Books,790,0.17721518987341772,0.13967571338324689,0.0003662861000452526,3.7539476490170838,0.0020720939020244748,0.005731553058397784,1.0907604516411686,6.417134846392999,0.009507458091620472,True
project-plus-gift-size,SUBJECT_CATEGORY=Mathematics x gift_decile=0,48989,0.10300271489518055,0.14054213052028305,0.022713911082426427,-3.7539415625102506,-0.016133733580658016,1.0104261162286498e-159,-4.027170367052589,-3.4807127579679116,2.0937354277262514e-158,True
project-plus-gift-size,SCHOOL_STATE=UT x gift_decile=1,734,0.10217983651226158,0.13970223325062034,0.00034032151573824734,-3.7522396738358763,-0.001996420020203171,0.0007920560796564403,-5.9439449167993,-1.560534430872453,0.0014898197688775902,True
project-plus-gift-size,SUBJECT_CATEGORY=Applied Sciences x gift_decile=0,18378,0.1025682881706388,0.14000849230688653,0.008521020185609686,-3.7440204136247726,-0.009926960983309772,3.814355118218683e-62,-4.18512517795743,-3.3029156492921152,3.888181346313238e-61,True
project-only,SCHOOL_STATE=MO x CATEGORY=Trips,606,0.10231023102310231,0.1396999691120121,0.0002809738944650925,-3.7389738088909787,-0.0018076524807919393,0.002392703378743177,-6.152334738569731,-1.3256128792122266,0.004176115521196246,True
project-only,SCHOOL_STATE=WA x CATEGORY=Supplies,24821,0.10273558680149873,0.1401196925087349,0.011508338340788878,-3.7384105707236173,-0.011501920624106413,1.3344190740684924e-82,-4.1189911277146924,-3.357830013732542,1.7569851141901815e-81,True
project-only,SUBJECT_CATEGORY=Performing Arts x CATEGORY=Books,1514,0.17701453104359313,0.1396632440483095,0.0007019710828715346,3.7351286995283646,0.00285366672625665,0.00014086566284055675,1.8119508244271536,5.658306574629575,0.000287184190049135,True
project-plus-gift-size,SUBJECT_CATEGORY=Literature & Writing x gift_decile=7,32811,0.17646520983816402,0.1391213541791727,0.01521292813744909,3.7343855658991316,0.013185217135762874,1.3895519911617734e-69,3.3192748636760014,4.149496268122261,1.611370382411451e-68,True
project-only,SCHOOL_STATE=AL x CATEGORY=Other,2074,0.17695274831243973,0.13965359607557398,0.0009616169259415871,3.729915223686575,0.003334891062242031,8.615782978511985e-06,2.0868110476174913,5.373019399755659,1.9586959864818615e-05,True
project-plus-gift-size,SUBJECT_CATEGORY=Team Sports x gift_decile=2,1181,0.10245554614733277,0.13970986308703412,0.0005475745369030927,-3.7254316939701355,-0.0025140264621511463,2.439030718409711e-05,-5.455575817214699,-1.9952875707255717,5.2971388798451453e-05,True
project-only,SUBJECT_CATEGORY=Performing Arts x CATEGORY=Visitors,1227,0.17685411572942136,0.1396683084696902,0.0005689025882981328,3.718580725973117,0.0025577797944316243,0.0006422375867068358,1.5831682132669038,5.85399323867933,0.001221235165906793,True
project-plus-gift-size,SUBJECT_CATEGORY=Gym & Fitness x gift_decile=0,3529,0.10257863417398697,0.1397502850335887,0.001636232464632527,-3.7171650859601724,-0.0043338044569660675,3.5893819766964824e-13,-4.719288409774386,-2.715041762145959,1.2999939308150012e-12,True
project-plus-gift-size,SCHOOL_STATE=IA x gift_decile=3,3129,0.10258868648130393,0.139743366509492,0.001450771148153918,-3.7154680028188087,-0.004079324701602262,7.744338750326744e-12,-4.779636409601373,-2.651299596036244,2.6243550081536203e-11,True
project-plus-gift-size,SCHOOL_STATE=NH x gift_decile=7,911,0.17672886937431395,0.1396738119546003,0.00042238814828003175,3.7055057419713657,0.0021963531283923903,0.0033721343111038408,1.2280959697964615,6.18291551414627,0.005791274142982683,True
project-plus-gift-size,SCHOOL_STATE=MI x gift_decile=7,6415,0.17661730319563523,0.13957930011081818,0.0029743358630256902,3.7038003084817057,0.005818168442029548,7.878528861581368e-15,2.769450389145028,4.638150227818382,3.141470183293012e-14,True
project-plus-gift-size,CATEGORY=Other x gift_decile=0,38334,0.10369384880262952,0.14034081521867403,0.017773685264727484,-3.6646966416044506,-0.01396764246587278,1.0273464736514784e-119,-3.9734490146075356,-3.3559442686013656,1.7314212569272918e-118,True
project-plus-gift-size,SCHOOL_STATE=MN x gift_decile=7,3107,0.176054071451561,0.13963700220599468,0.0014405707757475946,3.6417069245566314,0.003984279572651724,1.0010976464395454e-07,2.301668869970407,4.981744979142856,2.6583769434865237e-07,True
project-only,SCHOOL_STATE=MN x CATEGORY=Trips,580,0.10344827586206896,0.13969921213391684,0.0002689189088939829,-3.6250936271847873,-0.0017145969603630969,0.0041541651793479874,-6.104039560571879,-1.1461476937976955,0.00702927012944559,True
project-only,SUBJECT_CATEGORY=Economics x GRADE_LEVEL=Grades 9-12,1749,0.10348770726129217,0.13971884447352365,0.0008109296063027174,-3.623113721223148,-0.0029750066146142454,6.628510125162416e-07,-5.051388843838583,-2.1948385986077126,1.6858021726771216e-06,True
project-plus-gift-size,GRADE_LEVEL=Grades 6-8 x gift_decile=7,48134,0.1750114264345369,0.1388831716975316,0.022317487518453402,3.6128254737005316,0.015394270396473453,7.065290492965566e-95,3.2701723128340845,3.955478634566979,9.92280798123164e-94,True
project-only,SUBJECT_CATEGORY=Team Sports x CATEGORY=Other,5640,0.10372340425531915,0.13978376157058756,0.0026150045623483855,-3.606035731526841,-0.005312368840650335,7.516614448812754e-19,-4.40313254923138,-2.808938913822302,3.5718047606388425e-18,True
project-only,SUBJECT_CATEGORY=Community Service x CATEGORY=Trips,656,0.10365853658536585,0.13970042594873774,0.00030415655902491857,-3.6041889363371897,-0.001812928347659137,0.0024629808684443542,-5.937264864625503,-1.2711130080488766,0.004288165038173091,True
project-plus-gift-size,SCHOOL_STATE=DC x gift_decile=7,3200,0.175625,0.13963606713274243,0.001483690531828871,3.5988932867257573,0.003995846234386402,8.935942998255623e-08,2.2797127622802678,4.918073811171246,2.3829181328681662e-07,True
project-plus-gift-size,SCHOOL_STATE=MS x gift_decile=7,2272,0.1756161971830986,0.13965157771226153,0.0010534202775984984,3.5964619470837067,0.0033654100935239153,6.686783924911197e-06,2.0311933513964604,5.161730542770953,1.5395436941872045e-05,True
project-only,SCHOOL_STATE=MI x CATEGORY=Trips,906,0.10375275938189846,0.1397045658427796,0.00042006988182404913,-3.595180646088114,-0.002125107027930285,0.0003885350402379502,-5.581383638341717,-1.608977653834511,0.0007614082028849132,True
project-plus-gift-size,CATEGORY=Supplies x gift_decile=0,121368,0.10594225825588294,0.14170174549084807,0.05627267264593951,-3.5759487234965137,-0.023771351486546796,0.0,-3.755604620182646,-3.3962928268103814,0.0,True
project-only,SCHOOL_STATE=DC x CATEGORY=Trips,1115,0.10403587443946188,0.13970790506334693,0.0005169734196841223,-3.5672030623885047,-0.002339053768806276,9.612487700234548e-05,-5.359872789710258,-1.7745333350667518,0.0001988573560244921,True
project-plus-gift-size,GRADE_LEVEL=Grades 6-8 x gift_decile=0,63440,0.10515447667087012,0.1407360663130379,0.02941416479350737,-3.5581589642167772,-0.01734247735377261,1.102751525880728e-180,-3.8014685320660684,-3.314849396367486,2.5343235067513458e-179,True
project-only,SCHOOL_STATE=CT x CATEGORY=Books,4391,0.1751309496697791,0.13961716099243957,0.0020359016016439292,3.5513788677339537,0.004617675511491254,6.156082610260196e-10,2.4262134853819695,4.6765442500859375,1.9118644765034126e-09,True
project-plus-gift-size,GRADE_LEVEL=Grades PreK-2 x gift_decile=0,134065,0.10688099056427852,0.1418639959381407,0.06215967848426175,-3.4983005373862177,-0.024365004796926826,0.0,-3.6705363920715923,-3.3260646827008427,0.0,True
project-plus-gift-size,SCHOOL_STATE=NC x gift_decile=5,18653,0.174288318232992,0.13938762405109884,0.00864852484068873,3.490069418189318,0.009322007901071348,5.840810227502394e-36,2.943678533812124,4.036460302566511,3.9906941230070406e-35,True
project-plus-gift-size,SCHOOL_STATE=OR x gift_decile=7,4229,0.17450934026956727,0.13962105497885072,0.0019607897684700924,3.488828529071655,0.00445204450650717,2.3322333910789623e-09,2.3439534288169304,4.63370362932638,6.969132402656757e-09,True
project-only,SUBJECT_CATEGORY=Nutrition Education x GRADE_LEVEL=Grades 6-8,620,0.10483870967741936,0.13969948482582958,0.0002874650405418438,-3.4860775148410226,-0.0017047381526749715,0.004611820261545575,-5.897935070293811,-1.0742199593882344,0.007741488460283675,True
project-only,SCHOOL_STATE=SC x CATEGORY=Supplies,16555,0.17414678344910903,0.13942293091066424,0.007675780235758426,3.472385253844479,0.008741913788060699,7.65326214583902e-32,2.8928265525041725,4.051943955184785,4.673296305478513e-31,True
project-plus-gift-size,SUBJECT_CATEGORY=College & Career Prep x gift_decile=2,1227,0.10513447432762836,0.13970913318460149,0.0005689025882981328,-3.4574658856973124,-0.002378175178665506,7.912531307892857e-05,-5.174358387618453,-1.7405733837761723,0.00016531305079630696,True
project-plus-gift-size,SUBJECT_CATEGORY=Team Sports x gift_decile=4,799,0.10513141426783479,0.1397022706558719,0.00037045897966602126,-3.4570856388037114,-0.0019190677022278126,0.0014466076337363617,-5.584398410015015,-1.3297728675924074,0.0026234032267471465,True
project-plus-gift-size,SCHOOL_STATE=NM x gift_decile=0,1278,0.1056338028169014,0.1397096551807325,0.0005925489061491554,-3.4075852363831096,-0.002392052317928999,7.439612865961967e-05,-5.093414230890008,-1.7217562418762107,0.00015594810385698054,True
project-only,SCHOOL_STATE=DE x CATEGORY=Other,568,0.1056338028169014,0.1396984346651727,0.0002633550693996246,-3.40646318482713,-0.0015944389715646062,0.008269501008658418,-5.934677021867417,-0.8782493477868432,0.013349488218319593,True
project-plus-gift-size,CATEGORY=Visitors x gift_decile=7,1330,0.1736842105263158,0.13966848747410057,0.0006166588772913746,3.401572305221523,0.0024358963692232933,0.0010614556036529273,1.3650198549222872,5.438124755520759,0.001952954705993159,True
project-only,SCHOOL_STATE=MN x CATEGORY=Other,3392,0.1058372641509434,0.13974278719341393,0.0015727119637386033,-3.3905523042470533,-0.003875643475711552,1.4302293533253085e-10,-4.426862571931052,-2.3542420365630545,4.5883500066070813e-10,True
project-plus-gift-size,SCHOOL_STATE=FL x gift_decile=0,19755,0.10609972158947102,0.13999997192363792,0.009159470767587297,-3.3900250334166895,-0.009316022554097796,2.169322291483864e-53,-3.821994090358026,-2.958055976475353,1.9726786880831683e-52,True
project-plus-gift-size,SUBJECT_CATEGORY=Early Development x gift_decile=4,1452,0.17355371900826447,0.13966664996390346,0.0006732245788173503,3.3887069044361007,0.002535469002093069,0.0006530751303190963,1.4401209989482033,5.337292809923998,0.0012394699170020084,True
individual,SCHOOL_STATE=SC,45106,0.17279297654414047,0.1389823637884185,0.020913545352710332,3.3810612755721974,0.013956224545110812,4.650203039909786e-79,3.0290488665632194,3.733073684581176,5.762604551417617e-78,True
project-only,SUBJECT_CATEGORY=Foreign Languages x CATEGORY=Other,1142,0.10595446584938704,0.13970733544809388,0.0005294920585464283,-3.375286959870684,-0.00223983472326857,0.00021160299289065996,-5.160986478161744,-1.5895874415796238,0.00042253741392384546,True
project-plus-gift-size,SCHOOL_STATE=MD x gift_decile=0,5684,0.10608726249120337,0.13977825298684393,0.0026354053071610322,-3.3690990495640563,-0.004982588429201989,1.8036335302836045e-16,-4.171025458452049,-2.567172640676063,7.807509528350945e-16,True
project-plus-gift-size,SUBJECT_CATEGORY=Health & Wellness x gift_decile=0,5098,0.10612004707728522,0.13976899975182253,0.0023637044785198703,-3.364895267453731,-0.004713514149908274,6.753864479581561e-15,-4.211626559223887,-2.5181639756835748,2.710122127679712e-14,True
project-plus-gift-size,SUBJECT_CATEGORY=Music x gift_decile=4,2701,0.17326915957052944,0.1396473580637329,0.0012523275395218065,3.3621801506796527,0.0034300337223420988,3.942914440453436e-06,1.9340600436461919,4.790300257713113,9.19528386113126e-06,True
project-plus-gift-size,SCHOOL_STATE=NC x gift_decile=1,3684,0.10613463626492943,0.13974687659653523,0.001708098724767988,-3.36122403316058,-0.004003808272764566,3.680292146759512e-11,-4.356930177059626,-2.3655178892615347,1.2051526615295395e-10,True
project-plus-gift-size,SCHOOL_STATE=CO x gift_decile=7,4286,0.1731217918805413,0.1396228939585542,0.001987218006068294,3.34988979219871,0.004303401652599328,6.972532355329085e-09,2.2162132291714993,4.48356635522592,2.0121645883872064e-08,True
project-only,SCHOOL_STATE=MS x CATEGORY=Supplies,5356,0.17307692307692307,0.13960634518096818,0.002483327027648573,3.3470577895954894,0.004805413946577677,9.922906379649492e-11,2.332816819072197,4.361298760118782,3.191489481902534e-10,True
project-plus-gift-size,SUBJECT_CATEGORY=Mathematics x gift_decile=7,40167,0.17215624766599447,0.13907334203589974,0.01862356174749071,3.3082905630094723,0.012901594428749346,5.34831195026488e-68,2.9361632093845054,3.680417916634439,5.982536553216643e-67,True
project-only,SCHOOL_STATE=NC x CATEGORY=Books,20249,0.1724529606400316,0.13937894768866413,0.009388515493438379,3.307401295136747,0.009200842348519781,2.3377761792943292e-35,2.784994411413191,3.8298081788603033,1.5552363634884379e-34,True
project-only,SUBJECT_CATEGORY=Nutrition Education x GRADE_LEVEL=Grades 3-5,678,0.17256637168141592,0.13967912523781298,0.0003143569314312421,3.288724644360294,0.0016817495299036875,0.023457668462553705,0.4439795891869689,6.133469699533619,0.03500648516725842,True
project-plus-gift-size,CATEGORY=Technology x gift_decile=7,101865,0.17101065135227997,0.1381368316707374,0.04723004250773374,3.287381968154257,0.02011610614044203,3.8442735131838884e-164,3.051395900420834,3.52336803588768,8.377865035628336e-163,True
project-only,SCHOOL_STATE=NJ x CATEGORY=Trips,832,0.10697115384615384,0.13970208984244548,0.0003857595382755065,-3.2730935996291635,-0.0018540589265601448,0.0022592024849441084,-5.373802594754949,-1.1723846045033774,0.00395704008523953,True
project-plus-gift-size,SUBJECT_CATEGORY=Early Development x gift_decile=0,6833,0.10712717693546027,0.1397929534207989,0.0031681429387458364,-3.2665776485338625,-0.005295376924912948,2.948672822866547e-18,-4.001363690433435,-2.531791606634289,1.3504066840954041e-17,True
project-plus-gift-size,SCHOOL_STATE=CT x gift_decile=7,4135,0.17218863361547762,0.13962703627019546,0.0019172063590976193,3.2561597345282163,0.004108790241208415,2.9995866367661576e-08,2.104464673233571,4.407854795822861,8.332917601917415e-08,True
project-only,SUBJECT_CATEGORY=Team Sports x GRADE_LEVEL=Grades 9-12,9460,0.10729386892177589,0.13983218182258475,0.0043861601347191005,-3.253831290080886,-0.006202593070765337,2.03089247049406e-24,-3.8792202541554235,-2.628442326006348,1.1064862425450395e-23,True
project-only,SCHOOL_STATE=PA x CATEGORY=Trips,1307,0.17214996174445293,0.13966978074922629,0.0006059948515938546,3.248018099522665,0.002305747955433235,0.001872890307456553,1.2008261284998365,5.295210070545493,0.003334272322007159,True
project-plus-gift-size,SCHOOL_STATE=MS x gift_decile=4,529,0.1720226843100189,0.13968153117326104,0.0002452725910429603,3.2341153136757868,0.001460889264900941,0.04874999638995134,0.017676772768900062,6.450553854582673,0.06816371176648063,False
project-only,SUBJECT_CATEGORY=College & Career Prep x CATEGORY=Other,1098,0.10746812386156648,0.13970587553103744,0.0005090913137337814,-3.223775166947096,-0.002097696083854389,0.000564614406472152,-5.056280079964773,-1.3912702539294195,0.0010862596800316592,True
project-only,SCHOOL_STATE=OH x CATEGORY=Trips,586,0.1075085324232082,0.13969820953363282,0.000271700828641162,-3.218967711042463,-0.0015303601525229206,0.011897368204905816,-5.727413231298987,-0.7105221907859384,0.018774373796505556,True
project-plus-gift-size,SCHOOL_STATE=HI x gift_decile=0,1283,0.10756040530007795,0.13970858746992,0.000594867172605138,-3.214818216984204,-0.002261141622018683,0.00020297334216192874,-4.91079595479549,-1.5188404791729178,0.00040723540395663164,True
project-plus-gift-size,SCHOOL_STATE=WV x gift_decile=5,1310,0.1717557251908397,0.1396699751423585,0.0006073858114674441,3.2085750048481216,0.002280358555644408,0.0020823166686548314,1.165582829003138,5.251567180693105,0.0036863421136970683,True
project-plus-gift-size,SUBJECT_CATEGORY=History & Geography x gift_decile=7,7178,0.17163555307885206,0.13958278865987533,0.0033281033242086367,3.2052764418976727,0.0053251341459666,6.391457630750576e-13,2.331741379454143,4.0788115043412025,2.282147583409245e-12,True
project-plus-gift-size,SUBJECT_CATEGORY=Music x gift_decile=0,13623,0.10790574763268003,0.13989149671909856,0.006316348785970222,-3.198574908641853,-0.007309778284445551,4.246071771195787e-33,-3.721652147489648,-2.6754976697940585,2.670166526761928e-32,True
project-plus-gift-size,SCHOOL_STATE=RI x gift_decile=7,903,0.1716500553709856,0.13967607674078486,0.00041867892195045957,3.1973978630200737,0.001886847710704812,0.010846026227160844,0.7374950567922052,5.657300669247943,0.017266218074472678,True
project-plus-gift-size,SCHOOL_STATE=MA x gift_decile=4,1626,0.17158671586715868,0.13966539808218237,0.0007539002514855451,3.192131778497631,0.002527345063054145,0.0006425010959873556,1.3589750140661079,5.025288542929155,0.001221235165906793,True
project-only,SCHOOL_STATE=ND x CATEGORY=Supplies,886,0.17155756207674944,0.1396763668782104,0.0004107968160001187,3.1881195198539047,0.0018635860949352218,0.011844315616845302,0.7052679822756182,5.670971057432191,0.018714018674615574,True
project-only,SCHOOL_STATE=SC x CATEGORY=Technology,13355,0.1711718457506552,0.1394933072194134,0.006192089703929554,3.1678538531241807,0.007168454549734858,3.2017857389853495e-22,2.5273463014321704,3.8083614048161913,1.6654556271923794e-21,True
project-plus-gift-size,SCHOOL_STATE=DE x gift_decile=0,870,0.10804597701149425,0.1397022330204266,0.00040337836334097436,-3.1656256008932364,-0.001833659924415613,0.0026383399557062424,-5.229015180678425,-1.1022360211080484,0.004580853989028421,True
project-plus-gift-size,SCHOOL_STATE=ME x gift_decile=5,2028,0.1711045364891519,0.13965989652656727,0.0009402888745465471,3.144463996258462,0.002780120066054269,0.00017086216772407598,1.5047208911919303,4.784207101324993,0.0003449996485674633,True
project-plus-gift-size,SCHOOL_STATE=LA x gift_decile=7,4754,0.17101388304585613,0.13962026551674467,0.0022042077463482667,3.139361752911146,0.004246968242154765,9.274714364224518e-09,2.068035167006277,4.2106883388160155,2.640369134319773e-08,True
project-plus-gift-size,SUBJECT_CATEGORY=Extracurricular x gift_decile=3,2197,0.108329540282203,0.1397214408144113,0.0010186462807587593,-3.1391900532208292,-0.0028886741618932297,2.23072711020955e-06,-4.43963520325203,-1.8387449031896284,5.3605305462069795e-06,True
project-plus-gift-size,SUBJECT_CATEGORY=Environmental Science x gift_decile=4,2831,0.1709643235605793,0.1396483581582328,0.0013126024673773544,3.1315965402346517,0.003270677714389568,9.716706856988286e-06,1.7439869618981376,4.519206118571166,2.1853945671233442e-05,True
project-plus-gift-size,SCHOOL_STATE=OH x gift_decile=7,4336,0.1708948339483395,0.13962660189700285,0.00201040067062812,3.1268232051336637,0.004040156594409092,4.6231737109016276e-08,2.0054471688847424,4.248199241382585,1.270367732734708e-07,True
project-plus-gift-size,CATEGORY=Books x gift_decile=0,71267,0.10961595128179943,0.14071714591633633,0.03304317910370255,-3.1101194634536893,-0.016036591930575807,2.2043895000800302e-149,-3.344294827306249,-2.87594409960113,4.494110206614771e-148,True
project-only,SCHOOL_STATE=NC x CATEGORY=Other,10596,0.17053605134012836,0.13953717008947958,0.004912870273518349,3.0998881250648784,0.006252227575757655,2.5295575774955085e-17,2.3822590196188007,3.817517230510956,1.1179583139700428e-16,True
project-plus-gift-size,SCHOOL_STATE=SC x gift_decile=5,9149,0.17051043829926768,0.1395581651444496,0.004241963961156982,3.0952273154818077,0.005802878813552395,3.9017874691169636e-15,2.3231973217690776,3.8672573091945375,1.5858068684771197e-14,True
project-plus-gift-size,SCHOOL_STATE=MS x gift_decile=5,2857,0.1704585229261463,0.13964865104527682,0.001324657452948464,3.0809871880869477,0.0032325436939044283,1.2034923011133001e-05,1.701321200916156,4.46065317525774,2.6781941348718508e-05,True
project-plus-gift-size,SCHOOL_STATE=FL x gift_decile=3,32328,0.1094097995545657,0.14015023140041497,0.01498898359780117,-3.0740431845849265,-0.010774748815679164,6.825407016820043e-69,-3.4175081095239244,-2.7305782596459287,7.772355377712194e-68,True
project-only,SCHOOL_STATE=AL x CATEGORY=Books,2319,0.17033203967227253,0.139656480843272,0.001075211982284735,3.0675558829000527,0.0028999898664235925,8.574409446227569e-05,1.5368044942043335,4.598307271595772,0.0001782574595399942,True
project-only,SCHOOL_STATE=AK x CATEGORY=Books,599,0.17028380634390652,0.1396809642957353,0.0002777283214267168,3.0602842048171235,0.001470964133195466,0.04632926026315515,0.04973714443517255,6.070831265199074,0.06521178727464154,False
project-only,SCHOOL_STATE=SC x CATEGORY=Books,8857,0.17014790561138082,0.13956386785956879,0.004106577200127598,3.058403775181204,0.005641983389899046,2.0647813242578065e-14,2.2744569680474567,3.84235058231495,8.055196277351444e-14,True
project-plus-gift-size,SCHOOL_STATE=ID x gift_decile=0,1182,0.10913705583756345,0.13970621663924973,0.0005480381901942893,-3.0569160801686284,-0.002063765959923785,0.0007532994759632287,-4.835138325344526,-1.2786938349927306,0.0014190320977906423,True
project-plus-gift-size,SUBJECT_CATEGORY=Team Sports x gift_decile=3,4753,0.109194193141174,0.13975681577077653,0.00220374409305707,-3.0562622629602534,-0.004134116290290633,1.5124757186388903e-11,-3.944144600567138,-2.168379925353369,5.04424619619936e-11,True
project-plus-gift-size,SUBJECT_CATEGORY=Special Needs x gift_decile=7,19203,0.1698692912565745,0.13941834250959378,0.008903534150846817,3.0450948746980706,0.008251455478772714,4.3428225114211685e-29,2.5119371816803704,3.578252567715771,2.529644080385418e-28,True
project-plus-gift-size,SCHOOL_STATE=OK x gift_decile=5,6290,0.16995230524642288,0.13960094750322485,0.002916379201626125,3.0351357743198024,0.00472124420942034,1.5435583197050116e-10,2.105771624740813,3.964499923898792,4.926913424512967e-10,True
project-only,SUBJECT_CATEGORY=Civics & Government x GRADE_LEVEL=Grades 9-12,3616,0.10951327433628319,0.13974014103869276,0.0016765703009666243,-3.0226866702409567,-0.0035672225221127347,6.082126703881126e-09,-4.041601857660571,-2.003771482821342,1.763258750849941e-08,True
project-plus-gift-size,SUBJECT_CATEGORY=Economics x gift_decile=7,776,0.1095360824742268,0.13970031651088494,0.00035979495396850123,-3.0164234036658133,-0.0016501835273704032,0.007146815299078606,-5.214325066314637,-0.8185217410169899,0.011641204301591955,True
project-plus-gift-size,GRADE_LEVEL=Grades 9-12 x gift_decile=4,15822,0.10978384527872583,0.13991047015313676,0.007335922373311375,-3.012662487441094,-0.007415997088554636,1.5789230602061503e-33,-3.50200089946383,-2.5233240754183575,9.978793740502869e-33,True
project-plus-gift-size,SUBJECT_CATEGORY=Performing Arts x gift_decile=0,5398,0.10967024824008892,0.13976478419028476,0.002502800465878827,-3.0094535950195844,-0.004337576640486457,1.6057415380998874e-12,-3.8443437353930463,-2.1745634546461226,5.6379369559951595e-12,True
project-only,SCHOOL_STATE=IN x CATEGORY=Supplies,17554,0.1694770422695682,0.13944503396081767,0.008138969873663752,3.0032008308750524,0.0077836816270571785,4.1560231832948896e-26,2.446254798727979,3.5601468630221254,2.3244306653472303e-25,True
project-plus-gift-size,SUBJECT_CATEGORY=Social Sciences x gift_decile=0,4000,0.10975,0.13974509286579612,0.0018546131647860888,-2.999509286579612,-0.00372275397677871,1.3432078838779656e-09,-3.9693048616379114,-2.0297137115213117,4.091119916196985e-09,True
individual,SCHOOL_STATE=MT,3716,0.16953713670613563,0.13963794919621675,0.0017229356300862766,2.9899187509918876,0.003576926480585315,1.2109554544052863e-06,1.7825767506259287,4.197260751357847,2.9895462780630505e-06,True
project-plus-gift-size,SCHOOL_STATE=TX x gift_decile=7,16043,0.16923268715327558,0.13946806269417925,0.0074383897506658065,2.9764624459096334,0.007377499076444721,1.2137668510117555e-23,2.394386241254227,3.55853865056504,6.473423205396029e-23,True
individual,SCHOOL_STATE=NC,94555,0.16808206863730105,0.13838763784235408,0.04384073694908716,2.969443079494696,0.01753757738619459,8.284080885418253e-127,2.726478469649964,3.2124076893394284,1.5628474983833838e-125,True
project-plus-gift-size,CATEGORY=Trips x gift_decile=2,3280,0.1100609756097561,0.13973459069497898,0.001520782795124593,-2.9673615085222886,-0.003335524410655288,5.793303617483072e-08,-4.039427405633467,-1.8952956114111095,1.5714025262872538e-07,True
project-only,SCHOOL_STATE=NC x CATEGORY=Supplies,32438,0.16881435353597632,0.13924473696845993,0.015039985459832789,2.9569616567516386,0.010381718662276839,2.643642796468736e-45,2.5466662127944995,3.367257100708778,2.1983976939055803e-44,True
project-plus-gift-size,GRADE_LEVEL=Grades PreK-2 x gift_decile=4,26586,0.1688106522229745,0.13932601570370454,0.01232668639975074,2.948463651926997,0.009384608633918093,2.525605748685256e-37,2.4957919764841145,3.401135327369879,1.7444621127530947e-36,True
project-plus-gift-size,CATEGORY=Visitors x gift_decile=2,689,0.11030478955007257,0.1396988537147018,0.00031945711763440383,-2.9394064164629237,-0.0015152597816571526,0.013799347627171237,-5.279047477093508,-0.5997653558323389,0.021507244637169475,True
project-plus-gift-size,SCHOOL_STATE=WV x gift_decile=0,1113,0.1105121293800539,0.13970452819562912,0.0005160461131017292,-2.9192398815575213,-0.0019124606434317373,0.00190077957925094,-4.761795113213463,-1.0766846499015799,0.0033772214755776893,True
project-plus-gift-size,SCHOOL_STATE=MN x gift_decile=2,2278,0.1106233538191396,0.13972019572003977,0.0010562021973456776,-2.909684190090017,-0.002726342849218086,9.661150630004058e-06,-4.198603700463701,-1.6207646797163342,2.1806597136294876e-05,True
project-plus-gift-size,SCHOOL_STATE=NJ x gift_decile=0,5051,0.11067115422688577,0.1397575814471405,0.0023419127738336337,-2.9086427220254745,-0.004055619050679008,4.7126376235792465e-11,-3.7750808463245424,-2.042204597726406,1.5352510196402492e-10,True
project-plus-gift-size,SCHOOL_STATE=AZ x gift_decile=7,4932,0.16869424168694241,0.13962298522389086,0.0022867380321812476,2.907125646305156,0.00400558024642616,5.136557445231073e-08,1.8609587425287968,3.953292550081515,1.4022912766246385e-07,True
project-plus-gift-size,SCHOOL_STATE=DC x gift_decile=0,2835,0.11075837742504409,0.13972754229556966,0.0013144570805421404,-2.8969164870525574,-0.0030277088920473835,9.063475121447749e-07,-4.053098629547246,-1.7407343445578687,2.2821180385477996e-06,True
project-plus-gift-size,SCHOOL_STATE=CO x gift_decile=3,7855,0.11088478676002546,0.1397947535725936,0.003641996602348682,-2.890996681256815,-0.005023606600610901,3.8828425747430457e-16,-3.586924144807082,-2.195069217706547,1.6636993269407492e-15,True
project-only,SUBJECT_CATEGORY=Gym & Fitness x CATEGORY=Technology,3390,0.11091445427728613,0.1397347628905811,0.0015717846571562104,-2.882030861329496,-0.0032933973115147714,9.373733217490328e-08,-3.9401592903176996,-1.823902432341292,2.494399744612163e-07,True
project-plus-gift-size,SCHOOL_STATE=VA x gift_decile=0,6089,0.11101987190014781,0.13977063228398262,0.002823184890095624,-2.8750760383834812,-0.004400435261544419,1.0110497553914205e-12,-3.665531025038054,-2.0846210517289085,3.5797391899572985e-12,True
individual,OPTIONAL_SUBJECT_CATEGORY=Financial Literacy,689,0.1683599419448476,0.1396803016564669,0.00031945711763440383,2.8679640288380712,0.0014784313335503528,0.044264537189121975,0.07353494910492045,5.662393108571222,0.06279503367794632,False
project-plus-gift-size,SCHOOL_STATE=AZ x gift_decile=0,5328,0.1112987987987988,0.13975977198697068,0.0024703447354950704,-2.846097318817188,-0.004075510250386581,4.234631388760354e-11,-3.6918623956173744,-2.000332242017002,1.383094076328963e-10,True
project-plus-gift-size,SUBJECT_CATEGORY=Gym & Fitness x gift_decile=7,2827,0.16802263883975946,0.1396522771810208,0.0013107478542125684,2.8370361658738656,0.002960943989226292,5.525442355712009e-05,1.4579937035859465,4.216078628161785,0.00011640265229366633,True
project-only,SUBJECT_CATEGORY=Civics & Government x GRADE_LEVEL=Grades 3-5,1925,0.1677922077922078,0.13966435854967774,0.0008925325855533053,2.8127849242530063,0.002422954299819183,0.0009624246076818817,1.1428123206139864,4.4827575278920255,0.0017863505199851668,True
project-plus-gift-size,SCHOOL_STATE=MN x gift_decile=3,5929,0.11165457918704672,0.13976674392276559,0.0027490003635041805,-2.811216473571887,-0.0042459461532147035,6.804801644062638e-12,-3.6142227168127428,-2.008210230331031,2.3246673724581552e-11,True
project-plus-gift-size,GRADE_LEVEL=Grades 3-5 x gift_decile=4,22657,0.16736549410778126,0.13939564046563302,0.010504992618639604,2.796985364214824,0.008225937918517336,3.012182998069239e-29,2.308681005809569,3.2852897226200795,1.7708833997951248e-28,True
project-plus-gift-size,SCHOOL_STATE=CA x gift_decile=4,22651,0.11213632952187541,0.13998190365830057,0.010502210698892425,-2.784557413642516,-0.008188314385050344,9.095878129165146e-40,-3.198107170397782,-2.3710076568872505,6.684412764688805e-39,True
project-plus-gift-size,SCHOOL_STATE=KY x gift_decile=0,2743,0.11192125410134889,0.13972482417929835,0.0012718009777520605,-2.7803570077949464,-0.002858408878595796,3.925808767826639e-06,-3.961110769052645,-1.5996032465372485,9.17231475514394e-06,True
project-plus-gift-size,SUBJECT_CATEGORY=Character Education x gift_decile=0,3716,0.11194833153928956,0.13973734224836373,0.0017229356300862766,-2.7789010709074176,-0.0033244799124250855,8.006409179149195e-08,-3.793744035186334,-1.7640581066285015,2.145395801124827e-07,True
individual,SCHOOL_STATE=IN,43091,0.16683298136501823,0.1391360997079519,0.01997928397094934,2.7696881657066323,0.01117967085524762,9.268216026535064e-53,2.4145876145715586,3.1247887168417066,8.250017646155155e-52,True
project-only,SCHOOL_STATE=LA x CATEGORY=Other,2791,0.16732353994983876,0.13965365718458694,0.0012940563357294935,2.7669882765251814,0.002869414458616352,9.075507360299973e-05,1.3813964169646265,4.152580136085736,0.00018805641481015026,True
project-plus-gift-size,SCHOOL_STATE=MO x gift_decile=0,5790,0.11226252158894647,0.13976329083205252,0.0026845525560278637,-2.750076924310606,-0.004104758628981479,3.6432850004510475e-11,-3.5645570237443636,-1.9355968248768476,1.1961330494987335e-10,True
project-plus-gift-size,SCHOOL_STATE=SD x gift_decile=5,779,0.1668806161745828,0.13967963896187624,0.0003611859138420908,2.720097721270656,0.0014909463581303224,0.041773383421823226,0.10124115310992388,5.338954289431388,0.0595954363941135,False
project-only,SCHOOL_STATE=WV x CATEGORY=Technology,2051,0.166747927840078,0.13966370775404655,0.0009509529002440671,2.7084220086031454,0.00240812927366834,0.0010044074438421153,1.0945453525393125,4.322298664666977,0.0018533883343305603,True
project-only,SCHOOL_STATE=MN x CATEGORY=Supplies,9857,0.11281322917723445,0.1398128580990411,0.004570230491324119,-2.699962892180664,-0.005253185220091688,2.917283501419839e-17,-3.326239105339055,-2.0736866790222734,1.2848245107298525e-16,True
project-plus-gift-size,SCHOOL_STATE=VA x gift_decile=4,1362,0.16666666666666666,0.1396724168167533,0.0006314957826096633,2.699424984991336,0.0019561847724648496,0.007530264172783742,0.7196312206081232,4.679218749374549,0.012234259530075387,True
project-only,SUBJECT_CATEGORY=Community Service x CATEGORY=Technology,1481,0.11276164753544902,0.13970796681487474,0.0006866705242620495,-2.6946319279425714,-0.0020361747542249242,0.0010485890338758845,-4.306236833997412,-1.0830270218877307,0.0019320940799112507,True
project-plus-gift-size,SCHOOL_STATE=AZ x gift_decile=4,1075,0.16651162790697674,0.13967608800631254,0.0004984272880362614,2.6835539900664203,0.0017278002718515931,0.01821163078666255,0.45605439385178054,4.91105358628106,0.027868645659009036,True
project-plus-gift-size,SUBJECT_CATEGORY=ESL x gift_decile=4,889,0.16647919010123735,0.13967841662047548,0.0004121877758737083,2.6800773480761872,0.0015692636408671061,0.031970548634075335,0.2308961280186178,5.129258568133757,0.04671765719476442,True
project-plus-gift-size,SCHOOL_STATE=NE x gift_decile=3,1407,0.11300639658848614,0.13970688190511452,0.0006523601807135068,-2.6700485316628373,-0.001966580494634454,0.0015660073268022926,-4.325020648233677,-1.0150764150919982,0.0028237279045336635,True
project-only,SCHOOL_STATE=TN x CATEGORY=Technology,24035,0.11329311420844601,0.1399869370469755,0.011143906853908411,-2.66938228385295,-0.008083261182712121,1.81879385314297e-38,-3.072785056458544,-2.265979511247356,1.2843326426663208e-37,True
project-only,SCHOOL_STATE=IN x CATEGORY=Other,5177,0.1663125362178868,0.1396254055689538,0.0024003330885243954,2.6687130648932995,0.0037670929805151175,2.585596909005788e-07,1.6533220208958466,3.6841041088907525,6.710871648836378e-07,True
project-plus-gift-size,SCHOOL_STATE=NH x gift_decile=0,929,0.11302475780409042,0.1397009539138764,0.00043073390752156916,-2.6676196109785986,-0.0015967077504893052,0.01024931172649086,-4.704206325991705,-0.6310328959654922,0.016336860053322126,True
project-only,SCHOOL_STATE=RI x CATEGORY=Books,1174,0.16609880749574105,0.13967508037168133,0.0005443289638647171,2.6423727124059715,0.0017778582044798963,0.015010734734408657,0.5129339536665399,4.771811471145402,0.02328045239790496,True
project-plus-gift-size,SUBJECT_CATEGORY=ESL x gift_decile=5,4746,0.16603455541508638,0.139631363386706,0.0022004985200186943,2.6403192028380373,0.003568857194628882,1.0421466947027173e-06,1.580624996061764,3.700013409614311,2.5879635011871016e-06,True
project-only,SCHOOL_STATE=NV x CATEGORY=Supplies,5773,0.16594491598822103,0.1396189977643071,0.002676670450077523,2.632591822391392,0.003923643344410062,7.859934225309485e-08,1.671776633189577,3.593407011593207,2.1138206086789763e-07,True
project-only,SCHOOL_STATE=ND x CATEGORY=Technology,582,0.1134020618556701,0.13969655904224187,0.00026984621547637596,-2.629449718657177,-0.0012458191040279711,0.0454741699786529,-5.205999055114166,-0.052900382200188334,0.0642945758982296,False
project-only,SUBJECT_CATEGORY=Civics & Government x CATEGORY=Technology,2616,0.11353211009174312,0.13972122879923943,0.0012129170097701023,-2.618911870749631,-0.0026294410596646883,2.4512775614109754e-05,-3.835497762950228,-1.4023259785490332,5.3146052103318576e-05,True
individual,SCHOOL_STATE=CA,455455,0.11910067954023998,0.1452011927146366,0.21117320974191203,-2.610051317439663,-0.0307290997340395,0.0,-2.71799502528091,-2.502107609598416,0.0,True
project-plus-gift-size,SCHOOL_STATE=TX x gift_decile=4,3868,0.1657187176835574,0.13964269855396122,0.001793410930348148,2.607601912959617,0.003182599333979382,1.311570908072396e-05,1.434883815087809,3.7803200108314257,2.9084660136903655e-05,True
project-plus-gift-size,SUBJECT_CATEGORY=Foreign Languages x gift_decile=4,1019,0.11383709519136408,0.13970168362507046,0.0004724627037292562,-2.5864588433706386,-0.0016213518583911824,0.009355210718799502,-4.537156300037635,-0.6357613867036414,0.014968337150079202,True
project-plus-gift-size,SCHOOL_STATE=MD x gift_decile=3,10923,0.11397967591321066,0.1398203331902672,0.005064484899739612,-2.5840657277056547,-0.005291261403816729,2.3957953012852422e-17,-3.181834284338289,-1.9862971710730204,1.0662976270508965e-16,True
project-plus-gift-size,SCHOOL_STATE=ID x gift_decile=2,641,0.11388455538221529,0.13969713511580634,0.00029720175965697077,-2.5812579733591052,-0.0012834622719554668,0.03969912174065711,-5.040954298578891,-0.12156164813931954,0.05708724673514287,False
project-only,SCHOOL_STATE=OK x CATEGORY=Supplies,12648,0.16524351676154334,0.13953872328994057,0.005864286827053613,2.5704793471602763,0.005661546945481473,8.246288358657891e-15,1.9215470617336707,3.219411632586881,3.27776996394452e-14,True
project-plus-gift-size,SCHOOL_STATE=MD x gift_decile=4,1349,0.1653076352853966,0.13967343018926573,0.0006254682898241085,2.5634205096130875,0.0018487457818317727,0.011278522170256334,0.5806242221590562,4.546216797067118,0.017887141810795492,True
individual,SUBJECT_CATEGORY=Community Service,5098,0.11416241663397411,0.13974994492690848,0.0023637044785198703,-2.5587528292934367,-0.003584277283054632,9.641316865162304e-09,-3.432942224148656,-1.684563434438218,2.738567307318012e-08,True
project-plus-gift-size,SUBJECT_CATEGORY=Civics & Government x gift_decile=7,1156,0.1652249134948097,0.1396757696597001,0.0005359832046231797,2.554914383510959,0.0017057920169432457,0.019363012049409205,0.4134981404791186,4.6963306265427995,0.029523338034322357,True
project-only,SUBJECT_CATEGORY=Foreign Languages x GRADE_LEVEL=Grades 3-5,1883,0.1651619755708975,0.13966720512914516,0.0008730591473230514,2.5494770441752355,0.0021720700557452725,0.002899404518443141,0.8716300583921699,4.227324029958302,0.005013471014106881,True
project-plus-gift-size,SCHOOL_STATE=GA x gift_decile=0,8860,0.11433408577878104,0.13979405230352657,0.004107968160001187,-2.5459966524745523,-0.004697513596275181,5.796057045037585e-14,-3.210233753680949,-1.8817595512681564,2.2000648963746265e-13,True
project-only,SCHOOL_STATE=IN x CATEGORY=Books,7974,0.16503636819663908,0.1395954039677775,0.003697171344001068,2.544096422886158,0.004454044917279753,9.958163011540802e-10,1.7279975275865327,3.360195318185783,3.0403666779197036e-09,True
project-plus-gift-size,SCHOOL_STATE=KS x gift_decile=0,1643,0.11442483262325015,0.13970872439436677,0.000761782357435886,-2.528389177111662,-0.002012261648634943,0.001290626703749308,-4.068338441457424,-0.9884399127658988,0.002354043511600469,True
project-only,SCHOOL_STATE=NY x CATEGORY=Books,30814,0.16460050626338676,0.13932840068298236,0.014287012514929635,2.5272105580404407,0.008651231499120445,1.3590389368220527e-32,2.1105597472607474,2.943861368820134,8.462193182970812e-32,True
project-only,SCHOOL_STATE=NC x CATEGORY=Technology,28948,0.16453641011468842,0.13935143497901153,0.013421835473556926,2.5184975135676884,0.008359952036028604,1.4930602363616433e-30,2.088858421853356,2.9481366052820213,8.9020195224581e-30,True
project-only,SUBJECT_CATEGORY=Economics x CATEGORY=Books,643,0.16485225505443235,0.13968195957499996,0.00029812906623936377,2.517029547943239,0.0012534767430876811,0.08544703137823292,-0.35134726819010287,5.385406364076581,0.11477688380668058,False
project-plus-gift-size,SCHOOL_STATE=NV x gift_decile=5,3594,0.16471897607122982,0.1396476855270552,0.001666369928560301,2.5071290544174616,0.0029497879997806317,5.140919409179358e-05,1.2935405989820468,3.720717509852877,0.00010902889485239444,True
project-only,SCHOOL_STATE=FL x CATEGORY=Trips,1308,0.11467889908256881,0.13970464064550012,0.0006064585048850511,-2.5025741562931305,-0.0017772410029884183,0.004518350205846533,-4.230003518211441,-0.77514479437482,0.007594673750252684,True
project-only,SCHOOL_STATE=DC x CATEGORY=Supplies,7492,0.16457554725040044,0.13960271568497906,0.0034736904576443445,2.497283156542138,0.004238364317124245,5.86254185467459e-09,1.6563650671693246,3.3382012459149513,1.703506414783605e-08,True
project-only,SCHOOL_STATE=IL x CATEGORY=Supplies,38593,0.16420076179618065,0.13924287280986464,0.017893771467147383,2.4957888986316012,0.009543959303254025,2.189460335655189e-39,2.1232527865429898,2.8683250107202127,1.5724306046978177e-38,True
project-only,SUBJECT_CATEGORY=Foreign Languages x GRADE_LEVEL=Grades 9-12,10825,0.11491916859122402,0.1398144139752903,0.005019046877202353,-2.4895245384066276,-0.005074870625135072,5.609691470988692e-16,-3.092113476491249,-1.886935600322006,2.3874242489325612e-15,True
project-plus-gift-size,SCHOOL_STATE=MI x gift_decile=0,7857,0.11492936235204276,0.13977999252650275,0.003642923908931075,-2.4850630174459987,-0.0043187743695911485,5.513892873087957e-12,-3.191817610129573,-1.7783084247624246,1.914714448237137e-11,True
individual,SCHOOL_STATE=MN,27258,0.11523222540171693,0.14000251699204425,0.012638261411434802,-2.4770291590327314,-0.007981848626847622,5.063048787108337e-37,-2.8589457862037104,-2.0951125318617527,3.478094384187466e-36,True
project-plus-gift-size,SCHOOL_STATE=AR x gift_decile=0,1956,0.11503067484662577,0.1397118470708567,0.0009069058375803975,-2.468117222423094,-0.0021430900208720674,0.000627652874621954,-3.882852524116777,-1.0533819207294108,0.001200231820759682,True
project-plus-gift-size,SCHOOL_STATE=NC x gift_decile=0,14378,0.11538461538461539,0.1398525769625365,0.006666407020823596,-2.446796157792111,-0.005743568680853605,5.846322272653135e-20,-2.971082752911811,-1.9225095626724107,2.893334486287821e-19,True
project-plus-gift-size,SCHOOL_STATE=MA x gift_decile=0,6465,0.11539056457849961,0.13976251895648972,0.0029975185275855163,-2.4371954377990113,-0.0038433502882554552,9.197757937188674e-10,-3.217385379902153,-1.6570054956958693,2.815003881987042e-09,True
project-only,SCHOOL_STATE=MS x CATEGORY=Technology,5452,0.16397652237710933,0.13962791424103765,0.002527837743603439,2.4348608136071674,0.0035268718816822337,1.2326317124721748e-06,1.450940507914298,3.418781119300037,3.037127650223838e-06,True
project-plus-gift-size,SCHOOL_STATE=NY x gift_decile=0,22197,0.11569130963643735,0.13993901396382533,0.010291712104689203,-2.4247704327387973,-0.007059250609299702,3.0391926696113005e-29,-2.848122375475617,-2.001418490001978,1.7784905251799464e-28,True
project-plus-gift-size,SUBJECT_CATEGORY=Early Development x gift_decile=5,8033,0.16382422507157973,0.13959923695207122,0.003724526888181663,2.4224988119508515,0.004256762336474825,4.721167281411186e-09,1.6117885519386421,3.2332090719630613,1.384583629629638e-08,True
project-plus-gift-size,SUBJECT_CATEGORY=Nutrition Education x gift_decile=5,537,0.16387337057728119,0.13968344071899,0.00024898181737253246,2.4189929858291186,0.0011009178345350765,0.12997435755346654,-0.7121764867986519,5.55016245845689,0.1690201522094462,False
project-plus-gift-size,SCHOOL_STATE=TX x gift_decile=2,8367,0.11569260188837098,0.13978291923774575,0.0038793870874413014,-2.4090317349374764,-0.0043198691979240145,6.262203684148362e-12,-3.095969320473733,-1.7220941494012199,2.1509308306422634e-11,True
project-plus-gift-size,SCHOOL_STATE=MS x gift_decile=2,947,0.16367476240760295,0.13967892748848823,0.0004390796667631066,2.3995834919114722,0.0014501159081216895,0.04598990606537673,0.0426720504944942,4.756494933328451,0.06480628903749854,False
project-only,SUBJECT_CATEGORY=Applied Sciences x CATEGORY=Trips,3119,0.11574222507213851,0.13972414465573801,0.0014461346152419528,-2.3981919583599507,-0.002628842734627604,2.8769496789742897e-05,-3.5218981412762598,-1.2744857754436416,6.184463255482147e-05,True
individual,SCHOOL_STATE=MS,15673,0.16346583296114336,0.13951541979841306,0.0072668380329230925,2.3950413162730304,0.005868033291169486,6.348125149197805e-16,1.814241658206868,2.975840974339193,2.6836221366508445e-15,True
project-plus-gift-size,GRADE_LEVEL=Grades 9-12 x gift_decile=7,43854,0.16313221142883202,0.13920290781048117,0.020333051432132286,2.3929303618350857,0.009742291548549354,3.4994857910865207e-41,2.0439749622911516,2.7418857613790193,2.601970611725507e-40,True
project-only,SUBJECT_CATEGORY=Environmental Science x CATEGORY=Books,6747,0.16348006521416927,0.13961480662890918,0.0031282687557029356,2.386525858526009,0.003844398220609159,1.199148170059881e-07,1.5028988249144961,3.270152892137522,3.170969219572572e-07,True
project-plus-gift-size,SUBJECT_CATEGORY=Health & Wellness x gift_decile=7,4558,0.16344888108819658,0.13963914570309996,0.0021133317012737482,2.3809735385096618,0.00315405721503007,1.404798157861055e-05,1.3064651227076276,3.455481954311696,3.104309215972681e-05,True
individual,SCHOOL_STATE=WV,6738,0.16340160284951025,0.13961515241999473,0.003124095876082167,2.378645042951552,0.003829154757571214,1.3373679329532107e-07,1.4945999855739458,3.2626901003291584,3.514413861232554e-07,True
project-plus-gift-size,SCHOOL_STATE=KY x gift_decile=3,3722,0.11606663084363246,0.1397303003815032,0.0017257175498334558,-2.366366953787073,-0.002833234003505434,6.711377892780388e-06,-3.396446380239817,-1.3362875273343295,1.5423966648135293e-05,True
project-only,SUBJECT_CATEGORY=Environmental Science x CATEGORY=Visitors,965,0.11606217616580311,0.1397000397528735,0.00044742542600464393,-2.3637863587070402,-0.0014419889337931085,0.021909537449093085,-4.38523386012331,-0.3423388572907707,0.033047321402927994,True
project-plus-gift-size,SCHOOL_STATE=ME x gift_decile=0,1697,0.11608721272834413,0.13970804890939437,0.0007868196351604982,-2.3620836181050238,-0.0019105239820059834,0.002395319424736771,-3.886881364871543,-0.8372858713385044,0.004176115521196246,True
project-plus-gift-size,SCHOOL_STATE=VA x gift_decile=3,12216,0.11632285527177472,0.1398225656635742,0.005663988605256715,-2.349971039179949,-0.005087223685888156,6.786140344296879e-16,-2.920415500704781,-1.7795265776551168,2.8497280382695202e-15,True
project-only,SUBJECT_CATEGORY=Team Sports x GRADE_LEVEL=Grades PreK-2,1318,0.1631259484066768,0.13967513289469655,0.0006110950377970163,2.345081551198025,0.001671745430538593,0.02124505884781836,0.3497880540775888,4.340375048318461,0.03212171576990719,True
project-plus-gift-size,SCHOOL_STATE=MA x gift_decile=3,14467,0.11654109352319071,0.13984578379390164,0.006707672163740087,-2.330469027071093,-0.005487295449689397,3.275692593057796e-18,-2.85540463563467,-1.805533418507516,1.4947564756769148e-17,True
project-plus-gift-size,SCHOOL_STATE=AL x gift_decile=5,3508,0.1627708095781072,0.13965186069969665,0.0016264957455174,2.3118948878410537,0.0026873957631379044,0.00021006005092139544,1.0893962127520076,3.5343935629301,0.0004201201018427909,True
individual,SCHOOL_STATE=AL,16605,0.16260162601626016,0.1395116950498066,0.0076989629003182515,2.3089930966453567,0.0058217161250484605,9.291249920044154e-16,1.7458153745789664,2.8721708187117465,3.8632039141236215e-15,True
project-only,SCHOOL_STATE=MT x CATEGORY=Technology,1616,0.16274752475247525,0.13967217404861246,0.0007492637185735799,2.3075350703862796,0.0018213501870176978,0.012000895991687754,0.5071543665475255,4.107915774225034,0.018914130341014114,True
project-plus-gift-size,SUBJECT_CATEGORY=Special Needs x gift_decile=3,38638,0.11706092447849267,0.1401022403554807,0.017914635865251227,-2.3041315876988016,-0.0088160987078243,3.6001589474924953e-44,-2.62808959738929,-1.9801735780083132,2.862013150711015e-43,True
project-plus-gift-size,SCHOOL_STATE=PA x gift_decile=4,1955,0.16265984654731458,0.13966862335712021,0.000906442184289201,2.2991223190194363,0.0019958401975451187,0.005897833083760434,0.6625033998626493,3.9357412381762242,0.009744916363232927,True
project-plus-gift-size,SCHOOL_STATE=NJ x gift_decile=7,6945,0.11677465802735781,0.13976348926594037,0.0032200721073598467,-2.2988831238582557,-0.0037569886835392466,2.6127394129095456e-09,-3.0556222818474463,-1.5421439658690652,7.78892126867374e-09,True
project-only,SCHOOL_STATE=OK x CATEGORY=Books,5720,0.16258741258741258,0.1396285745101029,0.002652096825644107,2.295883807730967,0.0034061085675412234,2.5977610531695934e-06,1.3385130749388578,3.253254540523076,6.195415040012011e-06,True
project-only,SUBJECT_CATEGORY=History & Geography x CATEGORY=Trips,5942,0.11679569168630091,0.13975271079884063,0.002755027856289735,-2.295701911253972,-0.0034711227737709936,3.776936570796413e-08,-3.1136613745499586,-1.4777424479579857,1.0400975654655046e-07,True
project-plus-gift-size,SCHOOL_STATE=OK x gift_decile=4,1033,0.16263310745401743,0.1396784693594019,0.00047895384980600747,2.2954638094615536,0.001448784563798376,0.045631442678494206,0.044543700955626195,4.546383917967481,0.06437292806430432,False
project-plus-gift-size,SUBJECT_CATEGORY=Other x gift_decile=5,5660,0.1625441696113074,0.1396293286672456,0.0026242776281723158,2.291484094406182,0.003381751464147952,3.0535850137334908e-06,1.3291670877007338,3.253801101111631,7.200991524923755e-06,True
individual,SCHOOL_STATE=OK,31997,0.16223395943369692,0.13934996778500622,0.014835514358415122,2.2883991648690705,0.007980461609636197,2.729255359313894e-28,1.8817684583380414,2.6950298714000995,1.5752414493939551e-27,True
project-plus-gift-size,SCHOOL_STATE=OH x gift_decile=0,5851,0.1169030934882926,0.13975144739515363,0.0027128354067908517,-2.284835390686103,-0.0034282091417532894,5.609335142944151e-08,-3.109438530228376,-1.4602322511438306,1.524774111974496e-07,True
project-plus-gift-size,SCHOOL_STATE=NE x gift_decile=7,585,0.1623931623931624,0.13968330381379454,0.0002712371753499655,2.270985857936786,0.00107874969056036,0.13644977211502082,-0.7180708749743349,5.260042590847906,0.1768948840547552,False
project-only,SCHOOL_STATE=NY x CATEGORY=Supplies,56913,0.16179080350710734,0.1390904488894794,0.02638789976186767,2.2700354617627925,0.010495873557037303,7.506773924794335e-48,1.963882206499656,2.5761887170259294,6.454804245537442e-47,True
project-plus-gift-size,SCHOOL_STATE=NV x gift_decile=0,3110,0.11704180064308682,0.13972216779326863,0.001441961735621184,-2.2680367150181806,-0.0024825851823700416,8.452242901254729e-05,-3.398823849131362,-1.1372495809049987,0.00017600716683996667,True
project-only,SUBJECT_CATEGORY=Nutrition Education x GRADE_LEVEL=Grades PreK-2,1072,0.1623134328358209,0.13967821304515632,0.0004970363281626718,2.263521979066457,0.0014553296564944402,0.044493608192437924,0.055659084507002354,4.4713848736259125,0.06304923851484477,False
project-plus-gift-size,SCHOOL_STATE=IL x gift_decile=0,15801,0.11727105879374723,0.13985491711050485,0.007326185654196247,-2.2583858316757617,-0.005555599596864766,1.5537811564552606e-18,-2.762208009984166,-1.7545636533673574,7.194063669448531e-18,True
project-plus-gift-size,SCHOOL_STATE=FL x gift_decile=7,14392,0.16210394663702057,0.13953888924155802,0.006672898166900348,2.256505739546255,0.00529944498350449,2.4156175825374087e-13,1.6525945963998985,2.8604168826926117,8.927896562360481e-13,True
project-plus-gift-size,SCHOOL_STATE=NJ x gift_decile=3,9088,0.11729753521126761,0.13978421527069007,0.004213681110393994,-2.248668005942246,-0.004201746096962369,3.0169626049525495e-11,-2.9118580971305366,-1.585477914753956,9.956764315039223e-11,True
project-only,SCHOOL_STATE=FL x CATEGORY=Other,13595,0.11739610150790732,0.13983087819133078,0.00630336649381672,-2.243477668342346,-0.005121833942220651,5.646631140192441e-16,-2.7865645793330263,-1.7003907573516657,2.395081127920552e-15,True
project-plus-gift-size,SCHOOL_STATE=NJ x gift_decile=2,3203,0.1620355916328442,0.13965622839354544,0.0014850814917024607,2.237936323929876,0.002485940337686379,0.0005926255081005251,0.9609648383205622,3.5149078095391904,0.0011349676397561573,True
project-plus-gift-size,SCHOOL_STATE=NH x gift_decile=5,1420,0.1619718309859155,0.13967478347044862,0.0006583876734990616,2.229704751546688,0.0016498168890337723,0.022613599600336272,0.31285723560154977,4.146552267491826,0.0339459268381297,True
individual,SCHOOL_STATE=WY,908,0.1618942731277533,0.13968011147208836,0.0004209971884064422,2.221416165566495,0.0013145243713026122,0.06923518431795093,-0.17498365506650843,4.617815986199498,0.09450677427417924,False
project-plus-gift-size,SCHOOL_STATE=CO x gift_decile=0,4739,0.11753534500949567,0.1397382489678422,0.002197252946980319,-2.220290395834654,-0.002998905012154679,2.138518933497642e-06,-3.1384096987525445,-1.302171092916763,5.168428168147265e-06,True
project-only,SUBJECT_CATEGORY=College & Career Prep x GRADE_LEVEL=Grades 3-5,3896,0.1175564681724846,0.13972951681648094,0.0018063932225016507,-2.2173048643996345,-0.002715998361460766,1.7664907853033844e-05,-3.2297422961929354,-1.2048674326063329,3.889972739762157e-05,True
project-only,SUBJECT_CATEGORY=Applied Sciences x GRADE_LEVEL=Grades PreK-2,15336,0.16164580073030776,0.13953222305654867,0.007110586873789865,2.21135776737591,0.005359851148529898,1.2108532306848525e-13,1.6268780804523275,2.7958374542994924,4.5415978741414056e-13,True
project-only,SCHOOL_STATE=GA x CATEGORY=Other,5554,0.1616852718761253,0.13963267526019998,0.0025751303793054843,2.2052596615925317,0.003223962601229811,8.23820121915589e-06,1.2358926367214493,3.1746266864636143,1.8762317731555036e-05,True
project-only,SCHOOL_STATE=MD x CATEGORY=Trips,713,0.11781206171107994,0.1396966982998241,0.00033058479662312037,-2.188463658874415,-0.0011476237686963344,0.0699427175596697,-4.555308358702688,0.17838104095385837,0.0952668049519639,False
individual,OPTIONAL_SUBJECT_CATEGORY=Parent Involvement,9503,0.16142270861833105,0.13959328099116977,0.004406097226240551,2.182942762716128,0.0041706241630822104,7.807993630273645e-09,1.441751003216394,2.924134522215862,2.2481330179193364e-08,True
project-only,SUBJECT_CATEGORY=College & Career Prep x CATEGORY=Technology,10862,0.11802614619775363,0.1397991166500926,0.005036202048976625,-2.177297045233896,-0.004445938488213194,2.3364646824155435e-12,-2.785830136530635,-1.5687639539371572,8.180862489122567e-12,True
project-only,SCHOOL_STATE=WV x CATEGORY=Other,1010,0.1613861386138614,0.13967929847933966,0.00046828982410848744,2.170684013452173,0.0013546990017012813,0.060821488411980755,-0.09865735576137964,4.440025382665726,0.08383681717856453,False
project-only,SCHOOL_STATE=IA x CATEGORY=Other,1296,0.11805555555555555,0.1397024710877537,0.0006008946653906928,-2.1646915532198134,-0.0015302247752594597,0.01576720694340866,-3.922081170542079,-0.4073019358975478,0.024334248567116662,True
project-only,SCHOOL_STATE=OK x CATEGORY=Technology,8506,0.16118034328709147,0.13960437150126753,0.003943834894917618,2.1575971785823933,0.0039008764591172774,6.578488729655057e-08,1.374805454557708,2.940388902607079,1.780558833893788e-07,True
project-plus-gift-size,SUBJECT_CATEGORY=Health & Life Science x gift_decile=5,11984,0.16113150867823764,0.13956965684446102,0.005556421041699122,2.156185183377662,0.004623429708028377,1.510196443811356e-10,1.4963011202309289,2.8160692465243957,4.832628620196339e-10,True
project-only,SCHOOL_STATE=GA x CATEGORY=Trips,1100,0.11818181818181818,0.13970043846871805,0.0005100186203161745,-2.1518620286899868,-0.0014014810023192802,0.02709602144251655,-4.060187004307441,-0.24353705307253343,0.04001094755063192,True
project-only,SCHOOL_STATE=IN x CATEGORY=Technology,11516,0.16108023619312262,0.1395746358963076,0.00533943130141915,2.150560029681503,0.0045209226475275465,3.7745985323822144e-10,1.4775522967620702,2.823567762600936,1.1927731362327797e-09,True
project-only,CATEGORY=Other x GRADE_LEVEL=Grades 9-12,20873,0.11843050831217362,0.1398972148184077,0.009677835147145009,-2.146670650623407,-0.006062242886532164,1.3640043958493914e-21,-2.587484969828748,-1.7058563314180664,6.952022404651737e-21,True
project-plus-gift-size,SCHOOL_STATE=TN x gift_decile=7,5267,0.16100246819821531,0.13963728848063947,0.0024420618847320824,2.136517971757584,0.0030418969799271317,2.506199629202985e-05,1.1428454264734333,3.130190517041735,5.415104839850552e-05,True
project-plus-gift-size,SCHOOL_STATE=WI x gift_decile=5,4876,0.16099261689909763,0.13964119283909907,0.0022607734478742422,2.135142405999857,0.0029251924637779393,5.064775266848647e-05,1.102506332529109,3.167778479470605,0.00010759455356801158,True
project-plus-gift-size,SCHOOL_STATE=MT x gift_decile=5,913,0.16100766703176342,0.13968043542493963,0.0004233154548624248,2.132723160682379,0.0012655087739708592,0.07959931107752016,-0.2518175934212233,4.517263914785981,0.107493086754258,False
project-plus-gift-size,SCHOOL_STATE=DE x gift_decile=3,1250,0.1184,0.1397018093892279,0.0005795666139956528,-2.1301809389227904,-0.0014788796766189599,0.019789427269135105,-3.9218493971444093,-0.3385124807011718,0.03006470681272449,True
project-plus-gift-size,SUBJECT_CATEGORY=Visual Arts x gift_decile=0,17906,0.11861945716519602,0.13986585490149508,0.008302175832164927,-2.1246397736299065,-0.005561110252133065,2.1202227629731725e-18,-2.6005206917067003,-1.6487588555531125,9.745314808720328e-18,True
project-only,SCHOOL_STATE=MN x CATEGORY=Technology,7329,0.11857006412880339,0.13976147442026002,0.0033981149711793113,-2.119141029145663,-0.003557380341440673,2.1335459371186453e-08,-2.860733349754143,-1.377548708537183,5.979605464563121e-08,True
project-only,SCHOOL_STATE=UT x CATEGORY=Books,3868,0.1608066184074457,0.13965152379377552,0.001793410930348148,2.1155094613670182,0.002581996496210586,0.00034527650169219424,0.956884458581665,3.2741344641523713,0.0006787394994384658,True
individual,SCHOOL_STATE=TN,55733,0.11910358315540165,0.14023552974201958,0.025840788878255774,-2.1131946586617936,-0.009671590793146749,5.398265221161175e-52,-2.3861836920553907,-1.840205625268196,4.7716134542291783e-51,True
project-only,SCHOOL_STATE=AL x CATEGORY=Technology,6671,0.16069554789386897,0.139624289514086,0.003093031105572,2.1071258379782964,0.0033752075712431993,2.871894467111382e-06,1.2246119674379867,2.989639708518606,6.810646541142189e-06,True
project-only,SUBJECT_CATEGORY=Extracurricular x CATEGORY=Technology,3387,0.11868910540301152,0.13972249427300215,0.0015703936972826208,-2.1033388869990635,-0.002402496715496375,0.0001559373392327198,-3.193549962891932,-1.013127811106195,0.0003158730717790991,True
project-only,SUBJECT_CATEGORY=Mathematics x GRADE_LEVEL=Grades 9-12,32191,0.11916374141840887,0.14000046126481636,0.014925463096907248,-2.0836719846407488,-0.007288167763989704,2.631390433899275e-30,-2.440657067905319,-1.7266869013761788,1.5615387363608844e-29,True
project-only,SCHOOL_STATE=OR x CATEGORY=Books,5781,0.16035288012454593,0.13963392891595222,0.002680379676407095,2.071895120859371,0.0030901080230602103,1.8022837092019783e-05,1.1248700372994722,3.01892020441927,3.948157033676431e-05,True
project-plus-gift-size,SUBJECT_CATEGORY=Mathematics x gift_decile=3,74406,0.1196946482810526,0.14040390361404126,0.034498586784768435,-2.070925533298866,-0.010902651904335996,3.097510023250137e-65,-2.3088923197154676,-1.8329587468822646,3.2901282936035066e-64,True
project-only,CATEGORY=Trips x GRADE_LEVEL=Grades 9-12,13866,0.11914034328573489,0.13982242904301517,0.006429016535730977,-2.068208575728028,-0.004768223569387215,6.88645630294357e-14,-2.6094207884228684,-1.526996363033188,2.5983524677375137e-13,True
project-plus-gift-size,SCHOOL_STATE=UT x gift_decile=0,4440,0.11914414414414415,0.13973184583876927,0.0020586206129125585,-2.058770169462512,-0.002691777106688618,2.34119205894668e-05,-3.01280850444779,-1.1047318344772346,5.1021840732906956e-05,True
project-plus-gift-size,GRADE_LEVEL=Grades PreK-2 x gift_decile=5,149146,0.15883764901505906,0.1382669584855437,0.0691520337687965,2.057069052951535,0.015055018053128996,2.3908762191972437e-98,1.8655127835055716,2.2486253223974986,3.4341676603014957e-97,True
project-plus-gift-size,SCHOOL_STATE=IN x gift_decile=1,1880,0.11914893617021277,0.13970738371639757,0.0008716681874494618,-2.05584475461848,-0.0017501170897288789,0.0059568343905434225,-3.5210224991897743,-0.5906670100471858,0.009829554399016822,True
project-plus-gift-size,SUBJECT_CATEGORY=Literacy x gift_decile=4,21644,0.15995194973202737,0.13948406193504875,0.010035311834657527,2.046788779697861,0.0058848970504297386,2.8902805906837764e-16,1.5562293620284118,2.5373481973673107,1.2426240362667666e-15,True
project-only,SUBJECT_CATEGORY=Health & Wellness x CATEGORY=Books,545,0.11926605504587157,0.13969462568852525,0.00025269104370210464,-2.0428570642653687,-0.000936631116134232,0.14121786422399307,-4.76431358875347,0.6785994602227328,0.1825147038641383,False
project-only,SCHOOL_STATE=ID x CATEGORY=Supplies,2505,0.1600798403193613,0.13966575360016042,0.0011614514944472882,2.0414086719200863,0.0020057125668971757,0.005353221124711094,0.6047120629326429,3.47810528090753,0.008903251975835294,True
project-only,SUBJECT_CATEGORY=Nutrition Education x CATEGORY=Other,831,0.16004813477737664,0.13968161643597982,0.00038529588498430997,2.0366518341396826,0.0011529775477195242,0.10937801413855336,-0.45669602441639584,4.529999692695761,0.1438645264007611,False
project-only,SUBJECT_CATEGORY=Character Education x CATEGORY=Supplies,7846,0.15995411674738721,0.13961547517890233,0.003637823722727913,2.0338641568484888,0.0035321727739510344,9.26228360865446e-07,1.2214289186706122,2.8462993950263655,2.3233084935720785e-06,True
project-plus-gift-size,SCHOOL_STATE=CT x gift_decile=5,5314,0.15995483628152052,0.1396394093340832,0.002463853589418319,2.031542694743732,0.0029052818933164018,5.446381171145897e-05,1.0448672547715587,3.018218134715905,0.0001151208327814116,True
project-plus-gift-size,SCHOOL_STATE=SC x gift_decile=1,1608,0.11940298507462686,0.13970459953154638,0.0007455544922440078,-2.030161445691951,-0.0015984493170548254,0.01208921518304828,-3.615764082642908,-0.4445588087409944,0.01900593033752864,True
project-plus-gift-size,SCHOOL_STATE=IA x gift_decile=2,1005,0.11940298507462686,0.13969892090051902,0.0004659715576525048,-2.029593582589216,-0.00126350839444447,0.047287131429961986,-4.03491926226648,-0.02426790291195184,0.06641214903052439,False
project-plus-gift-size,SCHOOL_STATE=CO x gift_decile=4,969,0.15995872033023736,0.13968035290597755,0.00044928003916943005,2.0278367424259813,0.0012396084334135916,0.08512685764079421,-0.28069434621473993,4.336367831066703,0.11446845538081264,False
project-plus-gift-size,SCHOOL_STATE=OR x gift_decile=0,3715,0.11951547779273217,0.13972427265452245,0.00172247197679508,-2.020879486179028,-0.0024173119538266927,0.00014864717735260573,-3.065063777870909,-0.9766951944871473,0.00030256043828292054,True
project-only,SCHOOL_STATE=CT x CATEGORY=Technology,8474,0.1596648572102903,0.13961067071325833,0.00392899798959933,2.005418649703197,0.0036189422719745527,4.879707898730072e-07,1.2241358745250945,2.7867014248813002,1.2460506634332951e-06,True
project-only,SCHOOL_STATE=NH x CATEGORY=Supplies,1891,0.15970386039132733,0.13967190018251485,0.0008767683736526235,2.0031960208812483,0.0017102750874993136,0.01745523255869236,0.35140630714116106,3.6549857346213352,0.02684113619730796,True
project-plus-gift-size,SCHOOL_STATE=FL x gift_decile=2,8387,0.11982830571121975,0.13976699837134385,0.003888660153265232,-1.9938692660124102,-0.0035796549852798024,2.0218301321015977e-08,-2.6904643052348116,-1.2972742267900086,5.679096193280932e-08,True
individual,SCHOOL_STATE=IL,116309,0.15850020204799284,0.13861723373234172,0.053927050645776305,1.9882968315651117,0.012955000127958494,2.6169409694822442e-73,1.7731184949187728,2.2034751682114506,3.120578665495808e-72,True
project-only,SCHOOL_STATE=SD x CATEGORY=Technology,865,0.15953757225433526,0.1396815000934636,0.00040106009688499174,1.9856072160871652,0.0011468365283499448,0.11081738370194592,-0.455105857623617,4.426320289797947,0.14560620893893936,False
project-only,SCHOOL_STATE=NY x CATEGORY=Visitors,1611,0.159528243327126,0.13967463400849955,0.0007469454521175973,1.9853609318626453,0.0015646320126307116,0.029591777650693762,0.19667504427697097,3.774046819448319,0.043392119432107794,True
project-plus-gift-size,SCHOOL_STATE=IN x gift_decile=0,6447,0.1199007290212502,0.1397487928636302,0.0029891727683439787,-1.9848063842380013,-0.0031256053988126097,9.70337631909192e-07,-2.779124394669366,-1.1904883738066363,2.4239264164688115e-06,True
project-plus-gift-size,SUBJECT_CATEGORY=Visual Arts x gift_decile=4,3599,0.1594887468741317,0.13965636951771446,0.0016686881950162835,1.9832377356417241,0.0023350182252035215,0.0011656239999255178,0.7861471482635787,3.1803283230198693,0.002135288023051963,True
project-plus-gift-size,SUBJECT_CATEGORY=Health & Wellness x gift_decile=2,2394,0.11988304093567251,0.1397114728531046,0.0011099859791244742,-1.9828431917432083,-0.0019045681044064502,0.002836908781910643,-3.2848635284172296,-0.6808228550691868,0.004912126986760346,True
project-only,CATEGORY=Visitors x GRADE_LEVEL=Grades 9-12,1601,0.11992504684572143,0.13970414577323595,0.0007423089192056321,-1.9779098927514518,-0.0015539181743811443,0.014890679778567445,-3.56996757321049,-0.38585221229241395,0.023122628059102274,True
project-only,SUBJECT_CATEGORY=Social Sciences x CATEGORY=Books,5198,0.1592920353982301,0.13964210586980952,0.0024100698076395225,1.9649929528420569,0.002779344563263581,0.00011012123327496462,0.9690655651384916,2.9609203405456217,0.00022669908609048093,True
project-only,SCHOOL_STATE=RI x CATEGORY=Supplies,2097,0.1592751549833095,0.13967040224403823,0.0009722809516391071,1.9604752739271258,0.0017625302578004867,0.014195413309596084,0.3935532853463187,3.527397262507933,0.022097293624789963,True
project-plus-gift-size,SUBJECT_CATEGORY=Other x gift_decile=4,1187,0.15922493681550126,0.1396787061774534,0.0005503564566502719,1.9546230638047861,0.0013223793687109804,0.06575716965322334,-0.12739011005728046,4.036636237666853,0.09005098856086056,False
project-plus-gift-size,CATEGORY=Books x gift_decile=5,71768,0.15856649202987405,0.139039700414769,0.03327546940259201,1.952679161510504,0.010102640771061133,3.532956298509693e-45,1.6813410240050355,2.224017299015972,2.9187299093570274e-44,True
project-only,SCHOOL_STATE=TN x CATEGORY=Other,6270,0.12025518341307816,0.13974612580992266,0.0029071061358021946,-1.94909423968445,-0.003027064303398594,2.1673336978843656e-06,-2.7555318937443536,-1.142656585624546,5.218113893573025e-06,True
project-only,SUBJECT_CATEGORY=Health & Wellness x GRADE_LEVEL=Grades 9-12,4015,0.12029887920298879,0.13972562778449524,0.0018615679641540367,-1.9426748581506448,-0.0024156027264042356,0.00015686554923109746,-2.950003480473117,-0.9353462358281723,0.0003172448867649715,True
individual,SCHOOL_STATE=NY,160009,0.1576161340924573,0.13825293285422743,0.07418869947106432,1.9363201238229877,0.014638542267325338,1.1317153014190445e-93,1.751471016314836,2.1211692313311397,1.5719649901029368e-92,True
project-plus-gift-size,GRADE_LEVEL=Grades 9-12 x gift_decile=3,72890,0.12099053368088901,0.14034351075438578,0.03379568839531451,-1.935297707349677,-0.010087962764769108,1.2317567878363264e-55,-2.176701606071637,-1.6938938086277173,1.1706320149061025e-54,True
project-plus-gift-size,SCHOOL_STATE=OH x gift_decile=4,1113,0.15902964959568733,0.13967947799084368,0.0005160461131017292,1.9350171604843647,0.0012676738856475722,0.07759274022326923,-0.21399364334606652,4.084027964314796,0.105233072577481,False
project-plus-gift-size,SUBJECT_CATEGORY=Literacy x gift_decile=5,111345,0.15801338183124522,0.13869198739243752,0.05162547570827677,1.9321394438807704,0.012332496296514485,9.597846715311129e-67,1.7127163680012374,2.1515625197603034,1.0549285433176754e-65,True
project-only,CATEGORY=Technology x GRADE_LEVEL=Grades 9-12,122999,0.12148879259180968,0.14079020152080973,0.05702889116388104,-1.930140892900005,-0.012911485844802272,2.2415936967196274e-89,-2.1188721077801373,-1.7414096780198725,3.0466391748963534e-88,True
project-plus-gift-size,SUBJECT_CATEGORY=Team Sports x gift_decile=5,3974,0.12053346753900353,0.1397248247639132,0.0018425581792149794,-1.919135722490968,-0.0023741402617420138,0.00020566885486284652,-2.9324862005754673,-0.9057852444064686,0.0004119895919915024,True
project-only,SUBJECT_CATEGORY=Economics x GRADE_LEVEL=Grades PreK-2,529,0.15879017013232513,0.13968477754254482,0.0002452725910429603,1.9105392589780306,0.0008630138454898036,0.2292912180423231,-1.2043322363751798,5.025410754331242,0.28358522466291236,False
project-only,SUBJECT_CATEGORY=Social Sciences x GRADE_LEVEL=Grades PreK-2,5254,0.1587362009897221,0.1396429517599104,0.002436034391946528,1.9093249229811704,0.00271507905855125,0.0001549066109084928,0.9201076747090747,2.898542171253266,0.0003142888542348875,True
project-plus-gift-size,SCHOOL_STATE=SC x gift_decile=2,3371,0.15870661524770097,0.13965969370483042,0.0015629752446234765,1.904692154287055,0.002170459745557837,0.0024919564756779675,0.6702986287136247,3.139085679860485,0.0043326450966395475,True
project-plus-gift-size,SCHOOL_STATE=TN x gift_decile=2,2957,0.12073047007101792,0.1397154924699152,0.0013710227820681162,-1.8985022398897267,-0.0020264042413671796,0.001544767639939398,-3.073770907151565,-0.7232335726278882,0.002789408995547713,True
project-only,SUBJECT_CATEGORY=Performing Arts x GRADE_LEVEL=Grades 3-5,9074,0.15858496804055544,0.13960963072295607,0.0042071899643172424,1.8975337317599372,0.0035429140224643276,7.857270955436893e-07,1.1444953048964364,2.650572158623438,1.990298694924295e-06,True
project-only,SUBJECT_CATEGORY=Character Education x CATEGORY=Trips,1822,0.1207464324917673,0.13970547972539654,0.0008447762965600635,-1.8959047233629247,-0.0015888920945839689,0.013046517610525762,-3.3927739229534355,-0.3990355237724142,0.020359010197166127,True
project-only,SCHOOL_STATE=MS x CATEGORY=Books,3167,0.15850963056520367,0.13966178758804373,0.001468389973219386,1.8847842977159939,0.002081871036629976,0.003704058255424371,0.6119498840569719,3.157618711375016,0.006318393569306889,True
project-plus-gift-size,SCHOOL_STATE=WA x gift_decile=5,8469,0.15846026685559098,0.13961546607457473,0.003926679723143347,1.8844800781016247,0.0033996992440024506,2.1300531596208025e-06,1.1053548639938726,2.663605292209377,5.157829873104779e-06,True
project-plus-gift-size,SCHOOL_STATE=MO x gift_decile=3,9675,0.12093023255813953,0.1397739937748852,0.0044858455923263525,-1.8843761216745665,-0.0036324866474815227,1.4250389466919036e-08,-2.5357248882854053,-1.2330273550637274,4.0296403324800136e-08,True
project-plus-gift-size,SUBJECT_CATEGORY=Visual Arts x gift_decile=5,17118,0.15831288701951163,0.13954047033508968,0.007936817038702068,1.877241668442195,0.004805112837485609,2.0237411572284927e-11,1.328430656264926,2.4260526806194638,6.731602165096881e-11,True
project-only,SUBJECT_CATEGORY=Social Sciences x GRADE_LEVEL=Grades 3-5,7030,0.15832147937411095,0.1396285342415923,0.003259482637111551,1.869294513251865,0.0030735032578773263,1.8094435603368785e-05,1.014698862352499,2.723890164151231,3.956983841290337e-05,True
project-plus-gift-size,SUBJECT_CATEGORY=College & Career Prep x gift_decile=3,4833,0.12104283054003724,0.13973134146641814,0.002240836356352792,-1.8688510926380895,-0.002549078363309123,6.94582687851507e-05,-2.7896215535550635,-0.9480806317211155,0.00014608194965795422,True
project-plus-gift-size,SUBJECT_CATEGORY=Performing Arts x gift_decile=5,6854,0.15830172162241027,0.13963012749252302,0.0031778796578609634,1.8671594129887255,0.003031443718661062,2.3502243960585945e-05,1.00173662824284,2.7325821977346108,5.11305273084004e-05,True
project-plus-gift-size,SUBJECT_CATEGORY=Nutrition Education x gift_decile=3,793,0.1210592686002522,0.13969631598647675,0.00036767705991884214,-1.8637047386224541,-0.0010306734198070842,0.10770656688274374,-4.134554948891045,0.40714547164613646,0.14196152298205222,False
project-plus-gift-size,CATEGORY=Other x gift_decile=4,7785,0.15825305073859988,0.13962221480791753,0.0036095408719649257,1.863083593068235,0.0032230248772399544,6.904086136404829e-06,1.050997972714293,2.6751692134221767,1.5809356660173377e-05,True
project-plus-gift-size,SCHOOL_STATE=KS x gift_decile=5,2022,0.1582591493570722,0.1396720380255453,0.000937506954799368,1.8587111331526907,0.0016409147961972217,0.022079555112051265,0.2671517735569933,3.4502704927483876,0.033235000931352315,True
project-plus-gift-size,SUBJECT_CATEGORY=Nutrition Education x gift_decile=0,644,0.12111801242236025,0.13969501052807332,0.0002985927195305603,-1.857699810571306,-0.0009258504670098338,0.14854409948519537,-4.3780216314577025,0.6626220103150906,0.1904257015712849,False
project-plus-gift-size,SUBJECT_CATEGORY=College & Career Prep x gift_decile=7,2858,0.15815255423372987,0.13966496527735864,0.0013251211062396606,1.8487588956371233,0.0019400399780812472,0.0067883486980719315,0.5101933484704424,3.1873244428038037,0.01107157774756506,True
project-only,SUBJECT_CATEGORY=Music x GRADE_LEVEL=Grades PreK-2,13831,0.1579784541970935,0.13957142317167012,0.006412788670539099,1.8407031025423377,0.004238388467153932,3.2551745481002555e-09,1.2310940358461597,2.4503121692385155,9.658546076992307e-09,True
project-only,SCHOOL_STATE=WV x CATEGORY=Supplies,2657,0.1580730146782085,0.13966678844840624,0.0012319267947091595,1.8406226229802258,0.0018624305467972088,0.009342003718435951,0.4526910093890397,3.2285542365714117,0.014968337150079202,True
project-plus-gift-size,SCHOOL_STATE=PA x gift_decile=0,9639,0.12138188608776844,0.13977165026116076,0.004469154073843278,-1.8389764173392318,-0.0035383984678644524,3.494511344050359e-08,-2.492578371125448,-1.1853744635530152,9.665344286388741e-08,True
project-plus-gift-size,SCHOOL_STATE=KS x gift_decile=7,1260,0.15793650793650793,0.13967879735971392,0.0005842031469076181,1.8257710576794013,0.0012726000133133851,0.07562492551393712,-0.18841296315231898,3.839955078511122,0.10267444237337972,False
project-plus-gift-size,SUBJECT_CATEGORY=Music x gift_decile=5,14442,0.15780362830632877,0.13956735199141873,0.006696080831460174,1.8236276314910038,0.004290205907616418,2.056259150671272e-09,1.2272432383531637,2.420012024628844,6.173661678024912e-09,True
project-plus-gift-size,SCHOOL_STATE=AR x gift_decile=5,2268,0.15784832451499117,0.13967034823598432,0.0010515656644337124,1.8177976279006858,0.0016995182028272458,0.017631831152720986,0.31653656270763386,3.3190586930937376,0.027079750397374636,True
project-plus-gift-size,SUBJECT_CATEGORY=Extracurricular x gift_decile=7,1236,0.15776699029126215,0.1396790978442605,0.0005730754679189015,1.8087892447001652,0.0012487052931719127,0.0811493247284713,-0.22395907954341593,3.8415375689437465,0.10946931318760697,False
project-plus-gift-size,CATEGORY=Books x gift_decile=4,15503,0.15764690705024834,0.13955945062791852,0.0071880169734196845,1.808745642232981,0.004407639883646566,7.275918669223628e-10,1.233232768761208,2.3842585157047544,2.2431124872923573e-09,True
project-only,SUBJECT_CATEGORY=Community Service x GRADE_LEVEL=Grades 3-5,1266,0.12164296998420221,0.1397000628155274,0.0005869850666547972,-1.8057092831325199,-0.0012616079345958986,0.04942488467871626,-3.6069082015497536,-0.0045103647152867216,0.0689548059976792,False
project-plus-gift-size,SCHOOL_STATE=IN x gift_decile=5,9033,0.15764419351267575,0.13961394966176247,0.004188180179378186,1.8030243850913286,0.0033588721363542466,2.6843603119299602e-06,1.0500999181305837,2.5559488520520737,6.389889706740997e-06,True
project-plus-gift-size,SCHOOL_STATE=KY x gift_decile=2,1290,0.12170542635658915,0.13970022649100391,0.0005981127456435137,-1.7994800134414763,-0.001269109785834741,0.048137358433192425,-3.584250405094008,-0.01470962178894454,0.0673816401545462,False
project-only,SCHOOL_STATE=CA x CATEGORY=Trips,11213,0.1218228841523232,0.13978283636383973,0.005198944354186604,-1.7959952211516528,-0.003725816265124102,6.732120181396826e-09,-2.4031821814007657,-1.18880826090254,1.9472311005230177e-08,True
project-plus-gift-size,CATEGORY=Supplies x gift_decile=5,135716,0.15644433965044652,0.13856436300015634,0.06292517006802721,1.7879976650290175,0.012524397331214498,2.2456433410393615e-69,1.5889389783044254,1.9870563517536095,2.580448348248866e-68,True
project-only,SCHOOL_STATE=ME x CATEGORY=Books,2425,0.1575257731958763,0.13966938657856004,0.0011243592311515663,1.7856386617316256,0.001726205081903853,0.015841893821532064,0.3349456408208324,3.236331682642419,0.0244196997444104,True
project-only,SUBJECT_CATEGORY=Community Service x GRADE_LEVEL=Grades 6-8,1428,0.12184873949579832,0.1397012836858505,0.0006620968998286337,-1.785254419005218,-0.001324669777910426,0.03924443324822984,-3.482515628312246,-0.08799320969819016,0.056497680667155485,False
project-only,SUBJECT_CATEGORY=Community Service x CATEGORY=Supplies,2248,0.12188612099644128,0.13970803922515104,0.001042292598609782,-1.7821918228709765,-0.0016588739178883063,0.00984166434554752,-3.1354004011600503,-0.4289832445819031,0.01570689865248998,True
project-only,SUBJECT_CATEGORY=Music x CATEGORY=Trips,984,0.12195121951219512,0.13969756007050746,0.00045623483853737785,-1.7746340558312341,-0.0010931870937508036,0.08898827192328453,-3.819769772387152,0.2705016607246844,0.11915378782948267,False
project-plus-gift-size,SCHOOL_STATE=WA x gift_decile=2,3230,0.12198142414860681,0.13971602290910745,0.0014976001305647669,-1.773459876050064,-0.0019782647501986527,0.0020894011873181053,-2.903044334414187,-0.6438754176859407,0.0036885518167179957,True
project-plus-gift-size,SCHOOL_STATE=OH x gift_decile=3,10035,0.12207274539113104,0.13977181309971495,0.0046527607771571005,-1.7699067708583913,-0.003474430389086089,6.599317260586335e-08,-2.412109026008247,-1.1277045157085355,1.782379704568617e-07,True
project-plus-gift-size,SCHOOL_STATE=GA x gift_decile=3,14606,0.12214158564973299,0.1398091101673157,0.006772119971216403,-1.7667524517582716,-0.004179776206772681,8.250817307378966e-11,-2.299827983147466,-1.233676920369077,2.6604676215630137e-10,True
project-plus-gift-size,CATEGORY=Supplies x gift_decile=4,27401,0.15711105434108244,0.1394652817271482,0.012704563832075905,1.764577261393424,0.005700785197963264,1.460125040501711e-15,1.3311870310913336,2.1979674916955143,6.011720036463071e-15,True
project-only,SCHOOL_STATE=FL x CATEGORY=Technology,50274,0.12248876158650594,0.14009997578933878,0.02330970556161396,-1.7611214202832834,-0.007665256349386029,1.3910166242944346e-32,-2.05151772380841,-1.4707251167581563,8.618848103471399e-32,True
project-only,SUBJECT_CATEGORY=Gym & Fitness x GRADE_LEVEL=Grades 6-8,4484,0.12221231043710973,0.13972587464572783,0.0020790213577252057,-1.7513564208618104,-0.00230113789774285,0.0003483286496034386,-2.711158759119541,-0.7915540826040797,0.00068367610729619,True
project-plus-gift-size,SCHOOL_STATE=OH x gift_decile=2,3027,0.12223323422530559,0.13971399744725146,0.0014034785124518727,-1.7480763221945874,-0.0018877690127324489,0.0033476514126845815,-2.9158957575846296,-0.5802568868045452,0.005757049504263008,True
project-plus-gift-size,GRADE_LEVEL=Grades 9-12 x gift_decile=2,20761,0.12244111555320071,0.1398571082802011,0.009625905978530998,-1.7415992727000382,-0.004905228382036142,2.65467858342364e-14,-2.1899148837408142,-1.2932836616592618,1.0324657629069173e-13,True
project-plus-gift-size,SCHOOL_STATE=IA x gift_decile=7,1286,0.15707620528771385,0.13967909040045504,0.0005962581324787275,1.7397114887258813,0.0012250545540049387,0.08651423672962794,-0.24959864269746487,3.7290216201492274,0.1160870437645963,False
project-plus-gift-size,SCHOOL_STATE=CA x gift_decile=5,65908,0.1565515567154215,0.13915794145611696,0.030558461116180387,1.7393615259304551,0.008635887297279349,8.63376988697362e-34,1.4579980855597843,2.020724966301126,5.483962380469676e-33,True
project-only,SCHOOL_STATE=KY x CATEGORY=Books,2364,0.15693739424703892,0.1396705377781491,0.0010960763803885786,1.7266856468889813,0.0016481096500956724,0.02106074414082089,0.2596463129847834,3.193724980793179,0.03188117436406899,True
project-only,SUBJECT_CATEGORY=Performing Arts x CATEGORY=Other,5328,0.12256006006006007,0.13973188389630092,0.0024703447354950704,-1.7171823836240856,-0.002458944168905543,0.00013511824017854422,-2.5989566456214734,-0.835408121626698,0.00027635834237165033,True
individual,SUBJECT_CATEGORY=Team Sports,19720,0.12271805273833672,0.1398460691865101,0.009143242902395418,-1.7128016448173384,-0.004702764076811493,3.030103816201622e-13,-2.173115253301108,-1.2524880363335682,1.1069512207164308e-12,True
project-plus-gift-size,SCHOOL_STATE=IL x gift_decile=5,23950,0.15661795407098122,0.13949937032136583,0.011104496324156707,1.711858374961539,0.005174674295617009,4.093913986329112e-13,1.2492207147282568,2.1744960351948213,1.4784877939199994e-12,True
project-only,SUBJECT_CATEGORY=Literature & Writing x CATEGORY=Technology,109822,0.12345431698566772,0.14056049892474798,0.05091933174578447,-1.7106181939080256,-0.010847672187339726,6.826492584009991e-63,-1.9109190764918689,-1.5103173113241823,7.015192379015145e-62,True
project-only,SCHOOL_STATE=IL x CATEGORY=Books,24013,0.15654020738766503,0.13949974000959314,0.011133706481502088,1.7040467378071882,0.005157755220285119,4.824129722951686e-13,1.2421026037864797,2.165990871827897,1.7323011277871966e-12,True
project-only,SUBJECT_CATEGORY=Visual Arts x GRADE_LEVEL=Grades PreK-2,23352,0.1565176430284344,0.1395052666314183,0.010827231656021187,1.7012376397016111,0.005078673896571393,1.0822474383702393e-12,1.2328944408648161,2.1695808385384057,3.821119447206655e-12,True
project-plus-gift-size,CATEGORY=Technology x gift_decile=3,178846,0.12410677342518144,0.14109845708005003,0.08292253651733321,-1.6991683654868597,-0.013516562841981815,7.610440473015008e-96,-1.8594911097245863,-1.538845621249133,1.0808535683023562e-94,True
project-only,SCHOOL_STATE=AL x CATEGORY=Supplies,5287,0.15661055418952147,0.13964788238143022,0.002451334950556013,1.6962671808091245,0.0024196535549482184,0.0006991296251951898,0.7155114571742593,2.6770229044439895,0.0013248873257072262,True
project-only,SUBJECT_CATEGORY=Parent Involvement x GRADE_LEVEL=Grades 3-5,632,0.15664556962025317,0.13968449348654455,0.00029302888003620203,1.696107613370862,0.0008374049635071024,0.24080456164808828,-1.1380209485257067,4.53023617526743,0.29695313748603275,False
individual,SCHOOL_STATE=NV,17724,0.15651094561047169,0.13955008274662703,0.00821779093316716,1.6960862863844657,0.004416967440379136,5.964581036803861e-10,1.1591562736113714,2.23301629915756,1.8615383779061929e-09,True
project-plus-gift-size,SCHOOL_STATE=SC x gift_decile=3,12310,0.15653939886271323,0.1395927392917797,0.005707572014629189,1.6946659570933527,0.00368262439337653,2.455701902285446e-07,1.051086439712465,2.33824547447424,6.386846099771202e-07,True
project-only,SCHOOL_STATE=OK x CATEGORY=Other,4592,0.1565766550522648,0.13965343240751754,0.0021290959131744303,1.6923222644747271,0.0022501341730938812,0.0016179239667034472,0.6402088292169628,2.7444356997324912,0.002909041100872201,True
project-plus-gift-size,SCHOOL_STATE=UT x gift_decile=3,4657,0.12282585355379,0.13972595483444983,0.002159233377102204,-1.690010128065983,-0.0022628734946469604,0.0004491443138008496,-2.6338848785048805,-0.7461353776270854,0.0008747587251837812,True
project-only,SUBJECT_CATEGORY=ESL x CATEGORY=Other,2357,0.15655494272380144,0.1396710122923636,0.001092830807350203,1.688393043143785,0.0016091744859925803,0.024156499524743958,0.22063607778325267,3.1561500085043175,0.03596444687782846,True
project-plus-gift-size,SCHOOL_STATE=AZ x gift_decile=2,2666,0.12303075768942236,0.13971008087764922,0.0012360996743299283,-1.667932318822686,-0.0016905465840646326,0.008791576299342657,-2.9156726137364246,-0.4201920239089475,0.01415611776097977,True
project-only,SCHOOL_STATE=NJ x CATEGORY=Technology,13512,0.123149792776791,0.13979373593272343,0.006264883270647409,-1.6643943155932428,-0.0037882496215915296,4.437061624359782e-09,-2.2204201561363672,-1.1083684750501186,1.3042897426025033e-08,True
project-plus-gift-size,SCHOOL_STATE=DC x gift_decile=4,800,0.15625,0.1396833186146094,0.00037092263295721776,1.656668138539061,0.0009202104934107872,0.19694705658283862,-0.8598578357378407,4.173194112815962,0.24745634147187676,False
individual,SCHOOL_STATE=CT,26531,0.1560061814481173,0.13948624881645513,0.012301185468734932,1.6519932631662155,0.005252723927175608,1.6579607907014318e-13,1.212885319988877,2.091101206343554,6.163713057195911e-13,True
project-only,SCHOOL_STATE=WI x CATEGORY=Books,4777,0.15616495708603725,0.13965289146364301,0.002214871772045787,1.651206562239424,0.0022391581451586258,0.0016857390139244947,0.6207301208179682,2.68168300366088,0.003018093645326574,True
project-plus-gift-size,SUBJECT_CATEGORY=Team Sports x gift_decile=7,3003,0.1561771561771562,0.13966647491086606,0.0013923508334631562,1.6510681266290128,0.001775936084522671,0.012746916119641507,0.3518302259445992,2.9503060273134265,0.01991607166282678,True
individual,SCHOOL_STATE=FL,126516,0.12436371684213854,0.14064448634367482,0.058659559789019204,-1.6280769501536285,-0.011035912285182177,1.337577438603914e-64,-1.8161012196524655,-1.4400526806547915,1.4089149019961226e-63,True
individual,SCHOOL_STATE=ND,2015,0.15583126550868487,0.13967436880705078,0.0009342613817609923,1.615689670163409,0.0014239008006371853,0.045630600603370555,0.031358783295943465,3.200020557030874,0.06437292806430432,False
project-only,SUBJECT_CATEGORY=Extracurricular x GRADE_LEVEL=Grades 9-12,3472,0.12355990783410138,0.13971547086534603,0.0016098042270343252,-1.6155563031244644,-0.0018683117185738461,0.00385030292795914,-2.7111622514002502,-0.5199503548486784,0.006550178870713799,True
project-plus-gift-size,SCHOOL_STATE=TX x gift_decile=0,19401,0.12370496366166693,0.13983455468673606,0.008995337502503727,-1.6129591025069125,-0.004392992787223022,1.1248881496518003e-11,-2.0785868407479384,-1.147331364265887,3.7815388860634994e-11,True
project-plus-gift-size,SCHOOL_STATE=OR x gift_decile=5,6235,0.15573376102646352,0.13964294698702517,0.002890878270610316,1.609081403943835,0.002492038898795227,0.0004663481458951568,0.7078351840860247,2.5103276238016456,0.0009068677790945819,True
project-only,SUBJECT_CATEGORY=Civics & Government x GRADE_LEVEL=Grades 6-8,2645,0.12362948960302457,0.139709183112139,0.0012263629552148013,-1.6079693509114437,-0.0016233470184301218,0.012050134155558404,-2.8632583598234214,-0.35268034199946574,0.01896808165955893,True
project-plus-gift-size,SCHOOL_STATE=VA x gift_decile=2,2959,0.12369043595809395,0.1397114435945353,0.0013719500886505093,-1.6021007636441347,-0.0017106116208128624,0.008167732472836068,-2.7892654715857,-0.4149360557025696,0.013218967792144418,True
project-plus-gift-size,SCHOOL_STATE=AR x gift_decile=2,897,0.12374581939799331,0.13969609724442886,0.00041589700220328045,-1.5950277846435545,-0.0009381264314500705,0.1469504980325392,-3.750489351417256,0.5604337821301473,0.18857404011485232,False
project-only,SCHOOL_STATE=CO x CATEGORY=Trips,929,0.12378902045209902,0.1396963153829919,0.00043073390752156916,-1.590729493089288,-0.0009521335426139834,0.14106910141872772,-3.709077354091539,0.5276183679129635,0.18250905239843587,False
project-only,SCHOOL_STATE=NM x CATEGORY=Supplies,3009,0.15553339980059822,0.13966732829566691,0.0013951327532103353,1.58660715049313,0.0017083016803926003,0.016397838812248086,0.2908446262427849,2.882369674743475,0.02524588094845503,True
project-plus-gift-size,SCHOOL_STATE=PA x gift_decile=3,16362,0.12394572790612395,0.13980981320505956,0.007586295150557497,-1.5864085298935613,-0.00397069779586445,8.663447589125041e-10,-2.093457509834774,-1.0793595499523487,2.6579120758869058e-09,True
project-only,SUBJECT_CATEGORY=Other x CATEGORY=Other,6818,0.15547081255500148,0.13963941755357992,0.0031611881393778887,1.5831395001421555,0.002563582985614819,0.0003153450147230497,0.7217719245432297,2.4445070757410816,0.0006218347872229871,True
project-only,SCHOOL_STATE=CT x CATEGORY=Supplies,9490,0.1554267650158061,0.13961991231754944,0.004400069733454996,1.5806852698256657,0.0030179230973649434,2.2202093145521856e-05,0.8502512778065904,2.311119261844741,4.846881819678692e-05,True
project-only,SUBJECT_CATEGORY=Visual Arts x GRADE_LEVEL=Grades 9-12,23579,0.12409347300564061,0.1398618510644781,0.010932480953122797,-1.5768378058837489,-0.004729877716028548,2.883746889347092e-13,-2.0002243987902895,-1.1534512129772085,1.0596093221321874e-12,True
project-only,SCHOOL_STATE=AR x CATEGORY=Supplies,4208,0.15541825095057035,0.1396587158827377,0.0019510530493549655,1.5759535067832648,0.0020060622923833535,0.004814808259410788,0.48028726498995766,2.6716197485765716,0.008018336811456174,True
individual,OPTIONAL_SUBJECT_CATEGORY=Performing Arts,42007,0.15511700430880568,0.13938301768933556,0.01947668380329231,1.573398661947012,0.00627214081847384,1.0662653531415418e-18,1.224068770245981,1.922728553648043,5.047788038842355e-18,True
individual,SUBJECT_CATEGORY=Other,31813,0.15518813063841827,0.1394574325955507,0.014750202152834962,1.5730698042867557,0.005470294558393184,1.399950776978605e-14,1.1724627508494991,1.9736768577240125,5.5298055690654896e-14,True
project-plus-gift-size,SUBJECT_CATEGORY=History & Geography x gift_decile=4,2193,0.12403100775193798,0.1397054011643045,0.0010167916675939733,-1.5674393412366512,-0.0014410411437107426,0.026037864640616092,-2.947793777891271,-0.18708490458203153,0.03858365874060814,True
project-only,SCHOOL_STATE=TN x CATEGORY=Books,8467,0.1241289713003425,0.1397507909679996,0.0039257524165609535,-1.5621819667657104,-0.0028179253489289584,1.3609902834835504e-05,-2.2660516208150434,-0.8583123127163778,3.012770084629085e-05,True
gift-size decile,first_gift_decile=3,527836,0.12792230920210065,0.14350243224461431,0.2447328986120075,-1.558012304251366,-0.019322258959710063,4.486564563885264e-186,-1.6629781988879062,-1.453046409614826,1.070003322405844e-184,True
project-plus-gift-size,SUBJECT_CATEGORY=Special Needs x gift_decile=4,5096,0.15521978021978022,0.1396526819873513,0.002362777171937477,1.556709823242891,0.002180197943755875,0.002172810845518339,0.561401844482844,2.552017802002938,0.0038251154717760176,True
project-plus-gift-size,SCHOOL_STATE=TX x gift_decile=3,28007,0.1243260613418074,0.1398915903356716,0.012985537726540998,-1.5565528993864208,-0.005083304976687353,4.574537566944675e-15,-1.9457859862532154,-1.1673198125196262,1.8532741937878424e-14,True
project-only,SUBJECT_CATEGORY=History & Geography x GRADE_LEVEL=Grades PreK-2,3395,0.15522827687776142,0.13966496531746006,0.001574102923612193,1.5563311560301356,0.0017797829716432578,0.012336131082447582,0.3373281977119209,2.7753341143483503,0.019370024457408378,True
project-only,SCHOOL_STATE=NH x CATEGORY=Technology,3254,0.15519360786724032,0.13966603669324318,0.0015087278095534833,1.5527571173997141,0.0017384878794555678,0.014503893719045372,0.30777443819502753,2.7977397966044,0.02254971914006562,True
individual,SCHOOL_STATE=NH,6691,0.15513376176954116,0.13964140155797913,0.00310230417139593,1.5492360211562028,0.002485281717083902,0.0004733441075370021,0.6805231874224646,2.417948854889941,0.0009176486992741881,True
gift-size decile,first_gift_decile=5,398958,0.15229171993041873,0.13682924248475106,0.18497818974918212,1.546247744566767,0.017318668975724424,4.488388873575875e-135,1.4237235092536744,1.66877197987986,8.864568025312354e-134,True
project-plus-gift-size,SUBJECT_CATEGORY=Health & Life Science x gift_decile=4,3364,0.12425683709869204,0.139713571899583,0.0015597296715851008,-1.5456734800890963,-0.0017595192454979806,0.006620945384623047,-2.661382553126784,-0.4299644070514089,0.010826487666447001,True
individual,SCHOOL_STATE=SD,3572,0.15509518477043674,0.13966390675883286,0.0016561695561539773,1.5431278011603877,0.0018100264350558598,0.010902721903737202,0.3550812503365223,2.731174351984253,0.017334642121162043,True
project-plus-gift-size,SCHOOL_STATE=LA x gift_decile=4,1187,0.15501263689974726,0.13968102572048485,0.0005503564566502719,1.5331611179262405,0.0010372437882263765,0.14452855818389737,-0.5262784182583666,3.5926006541108473,0.1860326858904748,False
project-plus-gift-size,SCHOOL_STATE=CO x gift_decile=2,2274,0.12445030782761654,0.1397055478972017,0.0010543475841808916,-1.5255240069585145,-0.0014281454314496208,0.0276273907855589,-2.883061657753866,-0.16798635616316354,0.040700491786650875,True
project-plus-gift-size,SCHOOL_STATE=WI x gift_decile=3,6948,0.12449625791594704,0.13973856610457727,0.0032214630672334366,-1.5242308188630234,-0.0024915362495413914,0.00012228460674547194,-2.301919795301419,-0.746541842424627,0.00025092166059460477,True
project-only,SCHOOL_STATE=CT x CATEGORY=Other,2789,0.15489422732162064,0.1396697763922386,0.0012931290291471006,1.5224450929382045,0.001578236715762157,0.026355726042749866,0.17886702401614213,2.8660231618602667,0.03900894346374219,True
project-plus-gift-size,SCHOOL_STATE=WA x gift_decile=3,10322,0.12458825808951754,0.13976208290666223,0.004785829271730503,-1.5173824817144688,-0.0030208036441822486,3.228951744019136e-06,-2.1561854793131294,-0.8785794841158079,7.586236067732691e-06,True
project-only,SCHOOL_STATE=OH x CATEGORY=Books,6437,0.15473046450209724,0.13964443878127578,0.0029845362354320136,1.508602572082146,0.0023738582001533066,0.0008311175047252369,0.6239023467021466,2.3933027974621455,0.0015563444829225178,True
project-plus-gift-size,SCHOOL_STATE=AK x gift_decile=3,1027,0.124634858812074,0.1396966355669957,0.00047617193005882835,-1.5061776754921707,-0.0009478622598492553,0.14403122887771666,-3.5268652077596316,0.5145098567752902,0.18558152222368385,False
project-plus-gift-size,SCHOOL_STATE=MO x gift_decile=5,7051,0.15458800170188625,0.1396405972276557,0.0032692193562266782,1.4947404474230541,0.002461315614105391,0.0005269046943565031,0.6496434422014113,2.339837452644697,0.0010152553866869206,True
project-only,SUBJECT_CATEGORY=Early Development x GRADE_LEVEL=Grades 3-5,1707,0.12478031634446397,0.1397012728547518,0.0007914561680724635,-1.492095651028784,-0.0012103994628273732,0.06223329805141549,-3.060507413430553,0.07631611137298537,0.08568942128212328,False
project-only,SCHOOL_STATE=LA x CATEGORY=Technology,10232,0.15451524628616106,0.13961879330200247,0.004744100475522816,1.4896452984158592,0.0029526892576349725,3.184938319563149e-05,0.7877633816917264,2.191527215139992,6.834910077975926e-05,True
project-plus-gift-size,SUBJECT_CATEGORY=Environmental Science x gift_decile=5,14938,0.15443834515999463,0.1395865995967964,0.006926052863893649,1.4851745563198238,0.003553053524683587,5.52600731223414e-07,0.9038101078932255,2.066539004746422,1.4082405731177323e-06,True
project-only,SUBJECT_CATEGORY=Health & Life Science x CATEGORY=Books,4958,0.15449778136345302,0.13965534388003492,0.0022987930177523572,1.4842437483418096,0.0020504348095495605,0.003870193210339669,0.47712420722741866,2.4913632894562006,0.006575166959501803,True
project-plus-gift-size,SUBJECT_CATEGORY=Other x gift_decile=3,7995,0.15447154471544716,0.13963446387709544,0.003706908063116195,1.4837080838351724,0.0026009888125758393,0.0002477182730672865,0.6901529973660248,2.27726317030432,0.0004923205930142298,True
project-only,SCHOOL_STATE=MN x CATEGORY=Books,5587,0.12493287989976731,0.13972778876132683,0.0025904309379149696,-1.4794908861559515,-0.0021693300032153175,0.0008383199691168908,-2.347741299296418,-0.6112404730154847,0.0015675095280528848,True
project-only,SCHOOL_STATE=MD x CATEGORY=Technology,11783,0.12501060850377663,0.1397700980092783,0.005463226730168622,-1.4759489505501682,-0.003138317843662119,1.3676139268918193e-06,-2.0749260201015427,-0.8769718809987938,3.3631595400608166e-06,True
project-only,SUBJECT_CATEGORY=Health & Life Science x GRADE_LEVEL=Grades 3-5,13880,0.15432276657060517,0.13959468086297847,0.006435507681807728,1.472808570762671,0.0033972405153979016,1.677223324489725e-06,0.8700141213551896,2.0756030201701523,4.092683942384193e-06,True
project-plus-gift-size,SUBJECT_CATEGORY=Health & Wellness x gift_decile=3,9035,0.12506917542888765,0.13975096717540084,0.004189107485960578,-1.4681791746513184,-0.0027353871470680875,2.5649307315182672e-05,-2.1518629401331273,-0.7844954091695093,5.532546833855102e-05,True
project-only,SUBJECT_CATEGORY=Special Needs x GRADE_LEVEL=Grades 9-12,20777,0.12518650430764788,0.13983053426323042,0.009633324431190143,-1.4644029955582534,-0.004126076402095173,2.2292353160980848e-10,-1.916788442245887,-1.0120175488706196,7.097615716745539e-10,True
project-plus-gift-size,GRADE_LEVEL=Grades 3-5 x gift_decile=5,124335,0.15348051634696586,0.13884579637668645,0.05764833196091959,1.4634719970279404,0.00983954113560591,4.1793781264747246e-44,1.257552334229139,1.6693916598267415,3.3017087199150322e-43,True
project-only,SCHOOL_STATE=TN x CATEGORY=Supplies,16494,0.1251970413483691,0.13980114844250077,0.007647497384995438,-1.460410709413168,-0.0036699336835433255,1.6653178223407667e-08,-1.9676056813459124,-0.9532157374804235,4.688110751533918e-08,True
project-only,SCHOOL_STATE=RI x CATEGORY=Other,726,0.15426997245179064,0.13968455394057117,0.00033661228940867516,1.4585418511219472,0.0007717938730352132,0.27666766300302426,-1.1693753316601052,4.086459033903999,0.3365812570123413,False
project-only,SCHOOL_STATE=ID x CATEGORY=Other,767,0.12516297262059975,0.13969463135030938,0.00035562207434773255,-1.453165872970963,-0.0007903561985687177,0.22399237281919926,-3.795477488139863,0.8891457421979377,0.27784726127916376,False
project-only,SCHOOL_STATE=IL x CATEGORY=Technology,37863,0.1538705332382537,0.13943606203345948,0.01755530456457392,1.4434471204794215,0.005468266511573863,1.1555528943641554e-14,1.0770164975184329,1.8098777434404096,4.5787425030604777e-14,True
project-only,SUBJECT_CATEGORY=Team Sports x GRADE_LEVEL=Grades 6-8,5289,0.12535450935904707,0.13972470305531734,0.0024522622571384062,-1.4370193696270266,-0.0020502342170250587,0.001621855246270147,-2.3306123355262756,-0.5434264037277777,0.002911967373985037,True
project-plus-gift-size,SCHOOL_STATE=MI x gift_decile=2,3973,0.12534608608104708,0.13971593419022849,0.0018420945259237829,-1.4369848109181405,-0.0017774537672818138,0.006280901370140058,-2.4676300533831728,-0.40633956845310837,0.010323874293702254,True
project-only,SUBJECT_CATEGORY=Health & Life Science x GRADE_LEVEL=Grades 9-12,20848,0.1254796623177283,0.13982815964523282,0.009666243814865095,-1.4348497327504512,-0.004049642068328881,4.941750655595454e-10,-1.8869203251749962,-0.9827791403259061,1.5499684438393682e-09,True
project-plus-gift-size,CATEGORY=Other x gift_decile=5,39723,0.153714472723611,0.13942630845308662,0.018417699686199454,1.4288164270524373,0.005541764188466648,4.953448685107741e-15,1.0710687666031606,1.7865640875017137,2.0003703316217843e-14,True
individual,GRADE_LEVEL=Grades 9-12,321089,0.1275939069852907,0.1418051473692525,0.14887397161700014,-1.421124038396182,-0.014592471813991523,2.303757635125529e-108,-1.5470790155223746,-1.2951690612699895,3.5949995688872453e-107,True
project-only,SCHOOL_STATE=IA x CATEGORY=Technology,3681,0.12550937245313773,0.13971370621842058,0.0017067077648943983,-1.420433376528285,-0.0016912977905292666,0.009353542568096113,-2.491693610326647,-0.34917314272992267,0.014968337150079202,True
project-only,SCHOOL_STATE=AZ x CATEGORY=Books,8529,0.15382811584007502,0.13963333030762176,0.003954498920615138,1.4194785532453262,0.002569831861083632,0.0002868358101335304,0.6523848680817756,2.186572238408877,0.0005673872676193778,True
project-only,SUBJECT_CATEGORY=Civics & Government x CATEGORY=Other,624,0.15384615384615385,0.13968536657761949,0.00028931965370662986,1.416078726853437,0.0006947108586392308,0.3269439618473039,-1.4152465784093005,4.247404032116174,0.3898652526179171,False
individual,CATEGORY=Technology,767210,0.130566598454139,0.14472636937651395,0.3557194415388838,-1.4159770922374944,-0.019554111884124332,5.834543969592903e-186,-1.5114034268225276,-1.3205507576524609,1.3657154773269314e-184,True
project-only,SCHOOL_STATE=WI x CATEGORY=Technology,7635,0.15376555337262607,0.1396394572921654,0.003539992878285447,1.412609608046067,0.002420158674030455,0.0006350632125295359,0.6021385365208853,2.2230806795712486,0.0012125678257361532,True
project-only,SCHOOL_STATE=DC x CATEGORY=Other,1710,0.15380116959064327,0.13967826626835086,0.000792847127946053,1.4122903322292406,0.0011466662664369224,0.1056076369476547,-0.29824905359122844,3.1228297180497098,0.13934034770546505,False
project-plus-gift-size,SCHOOL_STATE=KY x gift_decile=5,2907,0.15376676986584106,0.1396704640051405,0.00134784011750829,1.4096305860700569,0.0014918397712355615,0.03523692026471099,0.09749017095725399,2.72177100118286,0.05107737065893886,False
project-plus-gift-size,SCHOOL_STATE=MO x gift_decile=2,2698,0.125648628613788,0.13970704976495832,0.001250936579648217,-1.4058421151170313,-0.0014334182924130212,0.02769361572911666,-2.6574097250613726,-0.1542745051726902,0.040750559117116954,True
project-only,SUBJECT_CATEGORY=Other x GRADE_LEVEL=Grades PreK-2,12900,0.15364341085271319,0.13960550104389977,0.005981127456435136,1.403790980881342,0.0031223518836957665,1.037518416885018e-05,0.7797710712751548,2.027810890487529,2.3252185796855725e-05,True
individual,OPTIONAL_SUBJECT_SUBCATEGORY=Music & The Arts,107857,0.15301742121512743,0.1389878702364701,0.0500082530285833,1.4029550978657324,0.008820944378940479,7.617967674033247e-36,1.182943378545696,1.6229668171857687,5.176941473106465e-35,True
project-only,CATEGORY=Supplies x GRADE_LEVEL=Grades PreK-2,289625,0.1517306862321968,0.1378216852448024,0.13428558446279276,1.3909000987394393,0.013680076113760431,8.335756208122541e-85,1.2511976728175416,1.530602524661337,1.1090942996912518e-83,True
project-only,SCHOOL_STATE=DE x CATEGORY=Books,840,0.15357142857142858,0.13968405487341043,0.00038946876460507865,1.3887373698018153,0.0007904281604783889,0.2643484411607363,-1.0498875110771515,3.827362250680782,0.32346217776105585,False
project-only,SUBJECT_CATEGORY=Early Development x CATEGORY=Supplies,22426,0.1533487915812004,0.13954594308920995,0.010397888708373208,1.3802848491990454,0.00403889129225162,1.1370994381886086e-08,0.9064003519328432,1.8541693464652478,3.2226315916376714e-08,True
project-only,SUBJECT_CATEGORY=Literacy x CATEGORY=Supplies,111570,0.15276508021869678,0.13897616581932257,0.05172979769879599,1.3788914399374215,0.0088096178918198,8.335719006678341e-36,1.162529424776319,1.5952534550985238,5.634411136064932e-35,True
project-plus-gift-size,SUBJECT_CATEGORY=Literature & Writing x gift_decile=3,66788,0.12641492483679703,0.14011366528931155,0.030966476012433325,-1.3698740452514513,-0.006845205413991437,1.1595808711035304e-25,-1.626263503576245,-1.1134845869266579,6.456873220594107e-25,True
project-only,SCHOOL_STATE=GA x CATEGORY=Books,8298,0.15328994938539406,0.13963693503239025,0.0038473950103487414,1.3653014353003812,0.002438178106791604,0.0005689357150500636,0.5887531440078254,2.141849726592937,0.001092909945020183,True
project-only,SUBJECT_CATEGORY=College & Career Prep x GRADE_LEVEL=Grades 6-8,4870,0.12607802874743326,0.13972026763151316,0.0022579915281270633,-1.3642238884079894,-0.0018678693136812722,0.004175826468421868,-2.2976567013504914,-0.43079107546548695,0.007047055615601122,True
project-plus-gift-size,SCHOOL_STATE=IN x gift_decile=2,3067,0.1532442125855885,0.13967016093572182,0.0014220246440997336,1.3574051649866692,0.001475518315088126,0.03702441873927421,0.08168189261890096,2.6331284373544372,0.05344950473839061,False
project-only,SCHOOL_STATE=OR x CATEGORY=Trips,650,0.12615384615384614,0.13969354409327064,0.00030137463927773945,-1.35396979394245,-0.0006779340216124338,0.2985699555032061,-3.9068973073405027,1.1989577194556023,0.3597639883279814,False
project-only,SUBJECT_CATEGORY=Community Service x GRADE_LEVEL=Grades PreK-2,523,0.12619502868068833,0.13969273663995221,0.00024249067129578113,-1.3497707959263887,-0.0006062411852099144,0.3526569603725449,-4.19613847999845,1.496596888145673,0.4158194010362843,False
project-plus-gift-size,SUBJECT_CATEGORY=Foreign Languages x gift_decile=7,2371,0.1530999578237031,0.13967470489641495,0.0010993219534269542,1.3425252927288134,0.0012833249421442356,0.06959673205634197,-0.10763253784856659,2.7926831233061935,0.09489780940584276,False
project-plus-gift-size,SCHOOL_STATE=OK x gift_decile=0,5209,0.12631983106162412,0.13972183168144267,0.0024151699938426844,-1.3402000619818555,-0.0018976187300022353,0.003639930939516684,-2.243563937923757,-0.4368361860399541,0.006217395550742012,True
project-only,SUBJECT_CATEGORY=Other x GRADE_LEVEL=Grades 9-12,3451,0.12634019124891335,0.13971085754038043,0.0016000675079191982,-1.3370666291467077,-0.001541576313037129,0.018169956400019394,-2.446507478095008,-0.22762578019840732,0.027838575623787287,True
project-plus-gift-size,SUBJECT_CATEGORY=College & Career Prep x gift_decile=4,673,0.15304606240713226,0.13968529449550604,0.0003120386649752595,1.3360767911626215,0.000680704169720951,0.33576021542477297,-1.3844458487242952,4.056599431049538,0.3996242112023663,False
individual,SUBJECT_CATEGORY=College & Career Prep,20046,0.1264591439688716,0.1398135850066784,0.009294393875325485,-1.3354441037806808,-0.0036965715436887096,1.5137551646081606e-08,-1.7978949457141236,-0.8729932618472382,4.270952071573024e-08,True
project-only,SCHOOL_STATE=FL x CATEGORY=Supplies,40364,0.12662273312853037,0.13993867001823834,0.018714901445856424,-1.3315936889707976,-0.0052053945925764475,1.6855752569366274e-15,-1.6593693862181156,-1.0038179917234793,6.9174257297659e-15,True
project-plus-gift-size,SUBJECT_CATEGORY=Early Development x gift_decile=3,10823,0.1264898826573039,0.13975603470892528,0.00501811957061996,-1.3266152051621378,-0.0027040431251598956,3.463227437318216e-05,-1.9545759539672394,-0.6986544563570363,7.406970356633206e-05,True
project-plus-gift-size,GRADE_LEVEL=Grades 3-5 x gift_decile=3,165761,0.12748475214314586,0.14070555689211023,0.07685563320202672,-1.3220804748964365,-0.010158301769569137,6.971747333174027e-54,-1.4897455124988692,-1.1544154372940039,6.432327466519687e-53,True
project-only,SCHOOL_STATE=TX x CATEGORY=Books,21850,0.15267734553775744,0.1395565389843433,0.010130824412644011,1.3120806553414133,0.003790202216101193,8.011288118124353e-08,0.8329045135281817,1.791256797154645,2.145395801124827e-07,True
project-only,SCHOOL_STATE=NY x CATEGORY=Technology,48405,0.15246358847226527,0.13939619015366783,0.022443137560367657,1.3067398318597434,0.0055833195403945475,2.4938570688822358e-15,0.9831067430605754,1.6303729206589113,1.0201408851349988e-14,True
project-plus-gift-size,SCHOOL_STATE=HI x gift_decile=5,1788,0.15268456375838926,0.139678681538156,0.0008290120846593818,1.3005882220233271,0.0010797686385183008,0.1264140111724777,-0.36727228504478615,2.9684487290914405,0.16472918569279568,False
project-plus-gift-size,CATEGORY=Other x gift_decile=3,55269,0.12703323743870887,0.14002231723304379,0.025625653751140585,-1.298907979433492,-0.005920649291387144,1.5433347673415256e-19,-1.5804784258172242,-1.0173375330497592,7.445706663815604e-19,True
project-plus-gift-size,SUBJECT_CATEGORY=Other x gift_decile=2,2129,0.15265382808830436,0.13967665357098932,0.000987117856957396,1.2977174517315033,0.0011755490307761712,0.09608859415909227,-0.23073440297213046,2.826169306435137,0.12784840317588697,False
project-plus-gift-size,SUBJECT_CATEGORY=Social Sciences x gift_decile=5,4108,0.15262901655306718,0.13966477073187047,0.0019046877202353134,1.2964245821196707,0.0016305559683817317,0.020973528418116113,0.19569446191292275,2.3971547023264184,0.03178721813009445,True
project-plus-gift-size,SUBJECT_CATEGORY=Literature & Writing x gift_decile=5,49337,0.15229949125402842,0.13939425285665547,0.02287526242776282,1.2905238397372953,0.005565633861313259,2.9643634583659497e-15,0.9700348117932335,1.611012867681357,1.2086952939917936e-14,True
project-only,SUBJECT_CATEGORY=History & Geography x GRADE_LEVEL=Grades 6-8,19296,0.126917495854063,0.1398047614770235,0.008946653906928092,-1.2887265622960498,-0.0035005007016039673,8.714853081328751e-08,-1.7607112571416377,-0.8167418674504618,2.3288740580971545e-07,True
project-only,SUBJECT_CATEGORY=Special Needs x CATEGORY=Technology,55621,0.12714622175077758,0.14002150237749283,0.025788859709641763,-1.2875280626715253,-0.005886943578082666,2.5455682935094275e-19,-1.568335231495659,-1.0067208938473913,1.2187872435590592e-18,True
project-plus-gift-size,SCHOOL_STATE=VA x gift_decile=5,8710,0.15246842709529276,0.13963764749259103,0.004038420166321709,1.2830779602701736,0.0023473110489307504,0.0008845372307501174,0.5267120322943493,2.039443888245998,0.0016466201173315884,True
project-only,SUBJECT_CATEGORY=Environmental Science x CATEGORY=Trips,8966,0.12692393486504572,0.13974275287757157,0.004157115408868019,-1.281881801252585,-0.00237919473036935,0.00027471252128900196,-1.972496250566757,-0.5912673519384134,0.0005451124441276271,True
project-only,SCHOOL_STATE=GA x CATEGORY=Supplies,17463,0.15237931626868237,0.13958587794912497,0.008096777424164868,1.2793438319557398,0.003307261878716156,2.7802972602442022e-06,0.7442838915037406,1.814403772407739,6.605819054414796e-06,True
project-plus-gift-size,SCHOOL_STATE=AR x gift_decile=3,2994,0.12692050768203073,0.1397072137952168,0.0013881779538423877,-1.2786706113186082,-0.0013733149912214802,0.03570956015360817,-2.471971937892258,-0.08536928474495789,0.051644032075698766,False
project-plus-gift-size,SCHOOL_STATE=RI x gift_decile=0,1032,0.12693798449612403,0.13969556795030227,0.0004784901965148109,-1.2757583454178238,-0.0008048066693168772,0.2184085599239204,-3.3074007453337413,0.7558840544980929,0.271453706729435,False
project-plus-gift-size,SCHOOL_STATE=MD x gift_decile=2,3103,0.12697389622945537,0.13970778402186768,0.0014387161625828086,-1.2733887792412302,-0.0013922797160286781,0.033267868281037706,-2.445786526591448,-0.1009910318910125,0.0483896265906003,True
project-plus-gift-size,SCHOOL_STATE=VT x gift_decile=3,827,0.12696493349455865,0.13969434455325408,0.0003834412718195239,-1.2729411058695432,-0.0007188942571840415,0.27164075568109436,-3.542551682102621,0.9966694703635343,0.3307841186713904,False
project-only,SCHOOL_STATE=NV x CATEGORY=Books,3478,0.15238642898217367,0.13966895555020978,0.0016125861467815043,1.2717473431963888,0.001471981678076856,0.037042536511732733,0.07641293481343465,2.467081751579343,0.05344950473839061,False
project-only,SCHOOL_STATE=NV x CATEGORY=Technology,6481,0.15229131306897084,0.13965148167490815,0.0030049369802446608,1.2639831394062688,0.0019957035192514397,0.004682670959439735,0.38798295183876985,2.139983326973768,0.007829227635888657,True
project-only,SCHOOL_STATE=NV x CATEGORY=Other,1727,0.15228720324261724,0.139679368109521,0.0008007292338963939,1.2607835133096241,0.0010287266052591605,0.14492275320368664,-0.4344436389998426,2.9560106656190905,0.18635031541145464,False
project-only,SCHOOL_STATE=MO x CATEGORY=Technology,11867,0.12715934945647595,0.13975878786918094,0.00550217360662913,-1.2599438412705,-0.0026885047372084483,3.9988341255795836e-05,-1.8611517946356022,-0.6587358879053978,8.523653178301169e-05,True
project-only,SUBJECT_CATEGORY=Team Sports x CATEGORY=Supplies,12513,0.12722768320946215,0.13976218491039613,0.005801693632742083,-1.253450170093398,-0.002746069554166623,2.7349047861742668e-05,-1.8391624743063797,-0.6677378658804166,5.889130578746633e-05,True
project-only,SCHOOL_STATE=IL x CATEGORY=Other,12160,0.15213815789473684,0.13961887957982377,0.00563802402094971,1.2519278314913063,0.0027039930054386665,0.00012621756700959813,0.6118769792222032,1.8919786837604091,0.00025857213079437933,True
project-plus-gift-size,SCHOOL_STATE=PA x gift_decile=5,12097,0.15210382739522196,0.13961944097203927,0.005608813863604329,1.2484386423182698,0.002689502200190588,0.00013699773073718493,0.6067911734603704,1.890086111176169,0.00027974980880743415,True
project-plus-gift-size,CATEGORY=Visitors x gift_decile=3,1910,0.12722513089005236,0.13970051149162319,0.0008855777861853575,-1.247538060157083,-0.00107044739456014,0.10196466931752551,-2.742689491257564,0.2476133709433984,0.13495637907576152,False
individual,OPTIONAL_SUBJECT_CATEGORY=Visual Arts,39972,0.15188131692184528,0.13945924342832525,0.018533149355707386,1.2422073493520036,0.004832780599904787,6.900960131509997e-12,0.8872749820406932,1.597139716663314,2.3511626970966675e-11,True
project-only,SCHOOL_STATE=CA x CATEGORY=Other,39323,0.12760979579381024,0.1399137929813111,0.018232238369720842,-1.230399718750086,-0.004748551539609386,4.477099653683405e-13,-1.5634777855277182,-0.8973216519724538,1.6122660861127706e-12,True
individual,SCHOOL_STATE=AK,3863,0.1519544395547502,0.13966745644638145,0.0017910926638921654,1.2286983108368732,0.0014986684460632463,0.033537894503048636,0.09571629855564934,2.361680323118097,0.04872632028948675,True
project-only,SUBJECT_CATEGORY=Mathematics x CATEGORY=Technology,153132,0.12827495232870986,0.14056183409094994,0.07100015578750585,-1.2286881762240076,-0.009102688994258167,1.949039216973149e-43,-1.402953547718983,-1.0544228047290323,1.5114021903399142e-42,True
project-only,SUBJECT_CATEGORY=Health & Wellness x GRADE_LEVEL=Grades 6-8,4056,0.12746548323471402,0.13971249502956248,0.0018805777490930942,-1.2247011794848466,-0.0015305854843307447,0.019469673515690195,-2.252093706072004,-0.19730865289768942,0.029650201594978807,True
project-only,SCHOOL_STATE=PA x CATEGORY=Books,11293,0.15186398654033473,0.13962538178906367,0.005236036617482325,1.2238604751271058,0.002547908473805534,0.0003003022536838178,0.5603084521927401,1.887412498061472,0.0005930969510255401,True
project-only,SUBJECT_CATEGORY=Team Sports x CATEGORY=Technology,651,0.12749615975422426,0.13969314508891612,0.00030183829256893595,-1.219698533469185,-0.0006111737182757121,0.3508662140871375,-3.782226548608229,1.3428294816698587,0.41448120991228204,False
project-only,SUBJECT_CATEGORY=Environmental Science x GRADE_LEVEL=Grades PreK-2,20611,0.15161806802193004,0.13957436967886028,0.00955635798485152,1.2043698343069758,0.003379959628084183,1.5910729313076507e-06,0.7125284391165957,1.6962112294973561,3.897511986769128e-06,True
project-plus-gift-size,GRADE_LEVEL=Grades 6-8 x gift_decile=3,91028,0.1281693544843345,0.14019709975427883,0.04220543179103702,-1.2027745269944323,-0.006975817896827851,2.774522026638325e-26,-1.4250344188859094,-0.9805146351029551,1.5586648185203745e-25,True
project-plus-gift-size,SCHOOL_STATE=CA x gift_decile=3,80269,0.12814411541192738,0.14013575630322922,0.037216986031053646,-1.1991640891301836,-0.006547929249236834,2.3060479771295575e-23,-1.4351702854219763,-0.9631578928383908,1.2145186012882336e-22,True
project-only,CATEGORY=Books x GRADE_LEVEL=Grades PreK-2,128209,0.1509566411094385,0.13897736095535043,0.05944452481101492,1.1979280154088057,0.008170890938776305,2.503052903657214e-31,0.9962598769729505,1.3995961538446609,1.5065994620108184e-30,True
project-plus-gift-size,SCHOOL_STATE=KS x gift_decile=2,689,0.12772133526850507,0.13969328809723133,0.00031945711763440383,-1.1971952828726262,-0.0006171524470949015,0.346537420525192,-3.6899563427423216,1.2955657769970694,0.4109036581086704,False
project-plus-gift-size,SCHOOL_STATE=SC x gift_decile=0,6629,0.12777191129883844,0.13972620578516431,0.003073557667341746,-1.1954294486325874,-0.0019088277723276034,0.003606440029414803,-2.0004105188529007,-0.39044837841227376,0.006168525300649947,True
gift-size decile,first_gift_decile=4,79848,0.15119977958120429,0.13924694838935817,0.03702178799545991,1.1952831191846118,0.006510258985265765,1.9825294429214503e-20,0.9423753185235587,1.448190919845665,9.983733927700052e-20,True
project-only,SUBJECT_CATEGORY=Applied Sciences x GRADE_LEVEL=Grades 3-5,31119,0.1514508820977538,0.1395172804745809,0.014428426768744576,1.1933601623172891,0.004105023656109727,5.457807257087516e-09,0.7923390962301897,1.5943812284043883,1.5895549246448432e-08,True
project-only,SUBJECT_CATEGORY=Other x CATEGORY=Technology,11085,0.15155615696887687,0.139628158469571,0.005139596732913449,1.192799849930587,0.0024603887079041715,0.000476290783472502,0.5236365733148014,1.8619631265463725,0.0009205375386991477,True
individual,SCHOOL_STATE=AR,11231,0.15154483127059032,0.13962740608132262,0.005207290113428141,1.1917425189267694,0.002474259080030477,0.00044214646429647185,0.526942115929118,1.8565429219244207,0.0008624585352943525,True
individual,SUBJECT_CATEGORY=Financial Literacy,1755,0.15156695156695157,0.13967979085200247,0.0008137115260498965,1.1887160714949108,0.0009777484934078808,0.16508742251614583,-0.48967726919107446,2.8671094121808958,0.2101414925079641,False
project-plus-gift-size,SCHOOL_STATE=MI x gift_decile=3,13434,0.12788447223462857,0.13976345440548674,0.0062287183139340795,-1.187898217085817,-0.002695953215353968,3.97578153562489e-05,-1.7545438836593479,-0.6212525505122862,8.488830846334225e-05,True
project-only,SUBJECT_CATEGORY=ESL x CATEGORY=Books,5730,0.15148342059336825,0.13965804670640533,0.0026567333585560725,1.182537388696292,0.0017559079679473025,0.012642910666556817,0.25307563833662555,2.1119991390559583,0.019778018666494823,True
individual,OPTIONAL_SUBJECT_CATEGORY=Music,25878,0.1513640930520133,0.13954768535073814,0.011998419869583603,1.181640770127515,0.0037112214411678733,1.3359331799689844e-07,0.7424896299024322,1.620791910352598,3.514413861232554e-07,True
project-only,SUBJECT_CATEGORY=ESL x GRADE_LEVEL=Grades 6-8,4206,0.12791250594388967,0.1397124749950989,0.0019501257427725724,-1.1799969051209225,-0.0015016850331335426,0.02208655125184806,-2.190446494925386,-0.1695473153164588,0.033235000931352315,True
project-only,SUBJECT_CATEGORY=Performing Arts x CATEGORY=Trips,3625,0.15144827586206897,0.13966966675475428,0.001680743180587393,1.177860910731468,0.0013917779979761668,0.04807845234800191,0.009935911356760176,2.345785910106176,0.06737379575152375,False
project-plus-gift-size,SUBJECT_CATEGORY=Literature & Writing x gift_decile=2,17770,0.12802476083286438,0.13978636885967086,0.0082391189845622,-1.176160802680648,-0.0030669106980961078,2.986869630238009e-06,-1.6696139289095053,-0.6827076764517909,7.056828434805315e-06,True
project-only,SUBJECT_CATEGORY=Visual Arts x GRADE_LEVEL=Grades 6-8,19663,0.1512993948024208,0.13958264412730959,0.009116814664797216,1.1716750675111216,0.003212406790405804,4.986239064263272e-06,0.6686522665532298,1.674697868469013,1.1543234756829259e-05,True
project-only,SCHOOL_STATE=CO x CATEGORY=Other,3000,0.128,0.13970574579437864,0.0013909598735895668,-1.1705745794378637,-0.0012584752833308063,0.05515445599086585,-2.3669958352094747,0.025846676333747542,0.07669442505220511,False
project-only,SUBJECT_CATEGORY=History & Geography x CATEGORY=Technology,18656,0.1281089193825043,0.13979050833252266,0.008649915800562319,-1.1681588950018362,-0.0031204119935153937,2.0159201948774417e-06,-1.649993344573257,-0.6863244454304155,4.890831336516481e-06,True
project-only,SUBJECT_CATEGORY=Character Education x GRADE_LEVEL=Grades PreK-2,6945,0.15133189344852413,0.13965185299922458,0.0032200721073598467,1.1680040449299545,0.0019088303940241855,0.00668768961042437,0.3238739456785555,2.0121341441813536,0.010921498278522485,True
project-only,SUBJECT_CATEGORY=Financial Literacy x CATEGORY=Technology,945,0.12804232804232804,0.13969456902857774,0.0004381523601807135,-1.1652240986249702,-0.0007034243946329576,0.28382684599940877,-3.2961438022058696,0.9656956049559292,0.34396657079890003,False
project-only,SUBJECT_CATEGORY=Mathematics x GRADE_LEVEL=Grades 6-8,48930,0.12836705497649703,0.13995229271097523,0.022686555538245834,-1.1585237734478198,-0.0049761873441781885,3.8095705878541346e-14,-1.4585906318779156,-0.858456915017724,1.4680784216608617e-13,True
project-plus-gift-size,SUBJECT_CATEGORY=Applied Sciences x gift_decile=5,20292,0.15109402720283854,0.1395811451669372,0.009408452584959828,1.151288203590134,0.00320612919118218,5.1395537600331426e-06,0.6563287035074051,1.6462477036728627,1.1854737139930461e-05,True
project-only,SCHOOL_STATE=NC x CATEGORY=Trips,2104,0.15114068441064638,0.1396782816938014,0.0009755265246774828,1.1462402716844982,0.001032223689682815,0.14231968505769918,-0.38498916514491077,2.6774697085139074,0.18375084975784653,False
project-only,SCHOOL_STATE=MO x CATEGORY=Other,3845,0.15110533159947984,0.1396690756217431,0.001782746904650628,1.1436255977736731,0.001391655702015989,0.047889682549109476,0.01060532428413044,2.2766458712632156,0.06718374999120352,False
project-only,SCHOOL_STATE=AR x CATEGORY=Other,1039,0.15110683349374399,0.13968396076530387,0.0004817357695531866,1.1422872728440114,0.0007230456317948731,0.3040351187285064,-1.0359987004658684,3.3205732461538915,0.36600037149793535,False
project-plus-gift-size,SUBJECT_CATEGORY=Gym & Fitness x gift_decile=5,3667,0.15107717480229071,0.13967006902086604,0.001700216618817647,1.1407105781424676,0.00135565331398657,0.05394123142017133,-0.01934920111331291,2.300770357398248,0.07508999616200061,False
individual,SUBJECT_CATEGORY=Foreign Languages,18372,0.12840191595906814,0.13978643965709134,0.008518238265862507,-1.1384523698023203,-0.0030180239125076006,4.400868203778204e-06,-1.6244308392109046,-0.6524739003937358,1.0244378286511327e-05,True
individual,OPTIONAL_SUBJECT_CATEGORY=Gym & Fitness,17262,0.12843239485575253,0.13978028737260004,0.008003583112634367,-1.1347892516847509,-0.0029167758082134995,9.117946033940404e-06,-1.6360597994051522,-0.6335187039643493,2.0617323411271324e-05,True
project-only,SUBJECT_CATEGORY=Social Sciences x GRADE_LEVEL=Grades 6-8,6558,0.12839280268374503,0.1397239173928694,0.0030406382836667928,-1.1331114709124375,-0.0017996344490092489,0.006171464830017134,-1.9440936386948617,-0.3221293031300131,0.010157202532736533,True
project-plus-gift-size,SUBJECT_CATEGORY=Applied Sciences x gift_decile=2,7280,0.12843406593406592,0.13972758366581314,0.003375395959910682,-1.1293517731747222,-0.001889504618306804,0.004042094015613084,-1.8993131318130876,-0.3593904145363567,0.006857995752664346,True
project-plus-gift-size,SCHOOL_STATE=OH x gift_decile=5,7122,0.15094074698118506,0.13965218718105452,0.0033021387399016313,1.1288559800130549,0.0018681361029386188,0.007883615917228153,0.2961325974193702,1.9615793626067395,0.01279190053835223,True
individual,OPTIONAL_SUBJECT_CATEGORY=Economics,4836,0.15095119933829612,0.13966415545357044,0.0022422273162263813,1.1287043884725678,0.001540008604195039,0.02851048310208082,0.11862721671135942,2.138781560233776,0.04185511108133584,True
project-only,SUBJECT_CATEGORY=Health & Life Science x CATEGORY=Technology,21379,0.12853734973572198,0.1398011150109698,0.009912443712490449,-1.1263765275247835,-0.003218854264143968,9.850860740268162e-07,-1.5774247136363273,-0.6753283414132395,2.4559147881063034e-06,True
project-only,SUBJECT_CATEGORY=Foreign Languages x CATEGORY=Technology,7339,0.12849162011173185,0.13972769714972935,0.003402751504091277,-1.1236077037997505,-0.0018874707133329617,0.004088986283793939,-1.8906251093579678,-0.3565902982415332,0.006928255580047639,True
project-plus-gift-size,SUBJECT_CATEGORY=Special Needs x gift_decile=2,10894,0.12851110703139343,0.13974621252720318,0.005051038954294913,-1.123510549580975,-0.0022975156024498786,0.00047488707946584786,-1.753660263620381,-0.4933608355415688,0.0009192301201299107,True
project-plus-gift-size,SCHOOL_STATE=ME x gift_decile=2,895,0.12849162011173185,0.13969411226644785,0.0004149696956208874,-1.1202492154716,-0.0006581475449577178,0.3166906642980153,-3.3131271872032424,1.0726287562600425,0.37942843570871215,False
individual,SCHOOL_STATE=WI,25008,0.15075175943698016,0.13955969107448438,0.011595041506242628,1.1192068362495782,0.0034562449971598575,8.674513243928958e-07,0.6733028137469724,1.565110858752184,2.1885398683285832e-06,True
individual,SCHOOL_STATE=LA,32391,0.1506900064832824,0.1395217363265648,0.015018193755146552,1.1168270156717592,0.003918315669674607,2.422166767038129e-08,0.724450465008278,1.5092035663352403,6.758540383082108e-08,True
project-only,SUBJECT_CATEGORY=ESL x CATEGORY=Supplies,5616,0.15081908831908833,0.13966040774128288,0.002603876883359669,1.1158680577805447,0.0016403913143135528,0.019605271404129876,0.17873341109638316,2.0530027044647063,0.02982077383251524,True
project-plus-gift-size,SUBJECT_CATEGORY=Visual Arts x gift_decile=2,6548,0.128588882101405,0.13972326758551154,0.0030360017507548276,-1.1134385484106528,-0.0017670447737254357,0.00720549293475644,-1.9255641157330226,-0.3013129810882833,0.011721677052164918,True
project-plus-gift-size,SUBJECT_CATEGORY=Community Service x gift_decile=5,889,0.15073115860517436,0.1396849104432266,0.0004121877758737083,1.104624816194777,0.0006467901242097645,0.3573849039881717,-1.2477869784521964,3.45703661084175,0.42021815687539443,False
project-plus-gift-size,SCHOOL_STATE=NM x gift_decile=2,738,0.12872628726287264,0.13969321619297548,0.0003421761289030334,-1.0966928930102844,-0.0005850946438069723,0.3737600592689919,-3.513368999719134,1.3199832136985656,0.4354218570654431,False
project-only,SCHOOL_STATE=MO x CATEGORY=Books,6852,0.15061295971978983,0.13965464954240414,0.0031769523512785703,1.0958310177385688,0.0017788876882690653,0.011330925863134,0.24766591289043793,1.9439961225866997,0.017947732194237315,True
individual,SUBJECT_CATEGORY=Civics & Government,8774,0.12878960565306588,0.13973398634084572,0.004068093976958286,-1.0944380687779836,-0.0020095187221631245,0.0022596643574942705,-1.7968750746486912,-0.39200106290727615,0.00395704008523953,True
project-only,CATEGORY=Technology x GRADE_LEVEL=Grades 6-8,138242,0.12946137932032234,0.14038994482155934,0.06409635828158963,-1.0928565501236998,-0.0077212205888395205,1.5584940397903927e-31,-1.2762010364387213,-0.9095120638086783,9.47084839564931e-31,True
project-only,SCHOOL_STATE=PA x CATEGORY=Supplies,21144,0.15049186530457814,0.13958251390683823,0.009803485189059265,1.0909351397739908,0.0031005620737560207,1.0048333044722068e-05,0.6067481880092539,1.5751220915387276,2.255966779489999e-05,True
project-plus-gift-size,SCHOOL_STATE=AL x gift_decile=2,1219,0.1287940935192781,0.13969562504494182,0.0005651933619685606,-1.0901531525663728,-0.000747401268698489,0.2559881253166275,-2.971176061038144,0.790869755905399,0.31444994207990007,False
project-only,SUBJECT_CATEGORY=Early Development x GRADE_LEVEL=Grades PreK-2,39777,0.1503884154159439,0.1394884381582111,0.018442736963924063,1.0899977257732785,0.004230450840064102,1.6526828984294585e-09,0.7356277657942646,1.4443676857522922,5.0095711837286225e-09,True
project-plus-gift-size,SCHOOL_STATE=NV x gift_decile=2,1242,0.15056360708534622,0.13968319800774004,0.0005758573876660806,1.088040907760618,0.0007529535199803988,0.283755213009828,-0.9014329739276943,3.07751478944893,0.34396657079890003,False
project-plus-gift-size,SUBJECT_CATEGORY=Literacy x gift_decile=3,151712,0.12957445686564015,0.14045480661043594,0.07034176811400678,-1.0880349744795792,-0.008026047210416408,6.714019066613834e-34,-1.2637394955995105,-0.912330453359648,4.3078782234517186e-33,True
project-only,SUBJECT_CATEGORY=Applied Sciences x CATEGORY=Supplies,42716,0.15034179230265007,0.13947422694066605,0.019805413986750644,1.0867565361984022,0.004367882302116413,4.79694699812165e-10,0.7446143543607074,1.4288987180360968,1.5082937824939717e-09,True
project-only,SUBJECT_CATEGORY=Mathematics x CATEGORY=Trips,1630,0.12883435582822086,0.13969767357692303,0.0007557548646503312,-1.0863317748702168,-0.0008611510600350215,0.190662361664811,-2.7133944217016674,0.5407308719612341,0.24027639595645173,False
project-only,SUBJECT_CATEGORY=Other x CATEGORY=Supplies,12637,0.15043127324523226,0.13962615436348347,0.005859186640850451,1.0805118881748788,0.002378826247748599,0.0007032390657407009,0.4554801505384329,1.7055436258113246,0.0013306799088267155,True
project-only,SUBJECT_CATEGORY=Performing Arts x GRADE_LEVEL=Grades PreK-2,4639,0.1504634619530071,0.13966623996059746,0.0021508876178606665,1.079722199240965,0.0014429254128645568,0.039894417927072816,0.049834203899920375,2.1096101945820096,0.05730289120434095,False
project-only,SCHOOL_STATE=NE x CATEGORY=Other,565,0.1504424778761062,0.1396866459297502,0.00026196410952603505,1.0755831946356014,0.0005021096491913021,0.47458151214037203,-1.8726849168032487,4.023851306074452,0.5370376287783619,False
project-plus-gift-size,SUBJECT_CATEGORY=Character Education x gift_decile=2,1605,0.12897196261682242,0.13969744508460782,0.0007441635323704182,-1.07254824677854,-0.000843684227624455,0.2000190450706144,-2.712968832492479,0.5678723389353987,0.2508146369438635,False
individual,SCHOOL_STATE=RI,7109,0.15037276691517795,0.13965413376440625,0.0032961112471160767,1.0718633150771706,0.0017722050448152951,0.011587221303097969,0.23966868519974868,1.9040579449545922,0.018330723062723195,True
individual,SCHOOL_STATE=DC,22424,0.15024081341419906,0.1395786090443974,0.010396961401790814,1.066220436980167,0.0031197606997470833,8.724821475918462e-06,0.5962430404282705,1.5361978335320634,1.9799235808906528e-05,True
project-plus-gift-size,CATEGORY=Trips x gift_decile=3,11132,0.12908731584620914,0.13974446928020015,0.005161388437599685,-1.0657153433991011,-0.0022028826448887272,0.000825084750985559,-1.6903123773287183,-0.44111830946948394,0.001549639116264111,True
project-plus-gift-size,SCHOOL_STATE=IN x gift_decile=3,11632,0.1502751031636864,0.1396320633689361,0.005393215083197947,1.0643039794750286,0.0022485669306425357,0.0013548830809889786,0.4132507008186599,1.7153572581313976,0.002464132682546862,True
project-only,SCHOOL_STATE=MD x CATEGORY=Books,7293,0.15028109145756205,0.13965352727692276,0.0033814234526962366,1.0627564180639286,0.0017796662313014687,0.011220964484350306,0.24129931140338487,1.8842135247244727,0.017818214960073853,True
project-only,SCHOOL_STATE=KY x CATEGORY=Supplies,4565,0.1502738225629792,0.13966701344054672,0.002116577274312124,1.0606809122432477,0.0014061520234392151,0.04512283336181644,0.023033441027730216,2.0983283834587647,0.06386927364987231,False
project-only,SCHOOL_STATE=VA x CATEGORY=Other,4726,0.15023275497249258,0.13966631010874242,0.002191225454194764,1.0566444863750162,0.0014252355186083504,0.0422620425294285,0.03690345361757625,2.0763855191324563,0.06015678125810544,False
project-only,SCHOOL_STATE=WI x CATEGORY=Supplies,9181,0.15020150310423702,0.13964452461651433,0.004256800866475271,1.055697848772269,0.0019826476174509603,0.004718563467970642,0.32341607869660366,1.7879796188479342,0.0078788166757132,True
project-only,SCHOOL_STATE=NM x CATEGORY=Books,2017,0.1502231036192365,0.13967960340955657,0.0009351886883433853,1.0543500209679924,0.0009296550209345503,0.1852624341444299,-0.5056162393703533,2.614316281306338,0.23370430814227483,False
project-plus-gift-size,SUBJECT_CATEGORY=Civics & Government x gift_decile=3,1974,0.12917933130699089,0.13969909179927698,0.0009152515968219349,-1.051976049228609,-0.00091763045477643,0.16366343384214,-2.532296710516082,0.4283446120588643,0.20853889150853322,False
project-only,SCHOOL_STATE=ME x CATEGORY=Supplies,3196,0.15018773466833543,0.13967388376978326,0.001481835918664085,1.0513850898552168,0.0011666226705087926,0.0963959809017783,-0.18808088067471113,2.290851060385145,0.12812252351193246,False
project-plus-gift-size,SUBJECT_CATEGORY=Music x gift_decile=3,19277,0.1292732271619028,0.13978340187891783,0.008937844494395358,-1.0510174717015042,-0.002853430725270714,1.5002635148171889e-05,-1.5269151292263115,-0.575119814176697,3.309481819771251e-05,True
project-only,SUBJECT_CATEGORY=Other x GRADE_LEVEL=Grades 3-5,11574,0.1500777604976672,0.139633415842738,0.0053663231923085485,1.0444344654929187,0.0022011099720985364,0.0017001436350380637,0.3921113976609909,1.6967575333248468,0.003039577870845987,True
individual,OPTIONAL_SUBJECT_CATEGORY=Early Development,57513,0.14984438300905883,0.1394112527634593,0.026666091736585584,1.0433130245599527,0.0048485937173881445,4.470765751561213e-12,0.7478696443439045,1.3387564047760008,1.5610629585561805e-11,True
project-plus-gift-size,SCHOOL_STATE=NH x gift_decile=3,1952,0.15010245901639344,0.13968003074021548,0.0009050512244156113,1.0422428276177953,0.000904064531407253,0.19750798696356642,-0.5429371175514439,2.6274227727870345,0.2479146926732353,False
project-plus-gift-size,SCHOOL_STATE=DC x gift_decile=3,6155,0.12932575142160846,0.13971912403301545,0.0028537860073145943,-1.0393372611406992,-0.0015993266574750712,0.015255231343610464,-1.8789418077451288,-0.19973271453626978,0.023601728786197828,True
project-plus-gift-size,SCHOOL_STATE=SD x gift_decile=3,951,0.12933753943217666,0.13969403010344494,0.00044093427992789264,-1.0356490671268288,-0.0006271830831926762,0.34134542534341183,-3.1689652383805553,1.0976671041268986,0.40588957444409457,False
project-only,CATEGORY=Trips x GRADE_LEVEL=Grades 6-8,12929,0.12939902544667028,0.13975152237441432,0.005994573401879836,-1.0352496927744037,-0.002305203038951489,0.00047245902933568416,-1.6156688129855081,-0.4548305725632994,0.0009173398050388707,True
project-only,SUBJECT_CATEGORY=College & Career Prep x GRADE_LEVEL=Grades 9-12,9927,0.12944494812128537,0.1397368338925229,0.004602686221707876,-1.029188577123752,-0.0020095065598846416,0.002310170291308871,-1.6911858503220567,-0.3671913039254469,0.004038803939439022,True
project-plus-gift-size,CATEGORY=Supplies x gift_decile=3,181450,0.13026729126481124,0.14055496437564483,0.08412988968760896,-1.0287673110833588,-0.008237583183201148,1.9126932044472077e-35,-1.1910519662517562,-0.8664826559149617,1.2791768309107253e-34,True
individual,SCHOOL_STATE=OR,28225,0.14983170947741364,0.13955497592502722,0.01308661414402184,1.0276733552386426,0.0033689829990344033,1.5282132832903333e-06,0.6086956453069883,1.4466510651702966,3.7507992040368568e-06,True
individual,OPTIONAL_SUBJECT_CATEGORY=Team Sports,9321,0.14987662267996996,0.1396452465071575,0.004321712327242783,1.0231376172812445,0.0019360298658460742,0.0057508069788457334,0.29699875433600403,1.7492764802264849,0.009526893867969866,True
project-plus-gift-size,SCHOOL_STATE=IL x gift_decile=3,32619,0.14975934271436891,0.13953482897985797,0.015123906705539359,1.0224513734510943,0.003599614640809644,2.77777771202445e-07,0.6324102950495186,1.4124924518526698,7.180186151327003e-07,True
project-plus-gift-size,CATEGORY=Trips x gift_decile=5,10551,0.12956117903516254,0.1397392547780227,0.004892005875414506,-1.017807574286017,-0.0020484946086617183,0.0019023589324456604,-1.6602744876773954,-0.3753406608946389,0.0033772214755776893,True
project-only,SUBJECT_CATEGORY=Visual Arts x GRADE_LEVEL=Grades 3-5,29887,0.1496637333957908,0.13954930586671568,0.01385720591399046,1.0114427529075125,0.0034106691998480937,1.1197997767958528e-06,0.6043169797792037,1.4185685260358214,2.7753468977842315e-06,True
project-only,SUBJECT_CATEGORY=Character Education x CATEGORY=Other,3107,0.1297071129707113,0.1397038645999377,0.0014405707757475946,-0.9996751629226391,-0.0010937138582080912,0.09747387099354278,-2.1819905395937025,0.18264021374842404,0.1294190892183173,False
project-only,SUBJECT_CATEGORY=Visual Arts x CATEGORY=Visitors,663,0.1297134238310709,0.13969253117056046,0.00030740213206329424,-0.9979107339489562,-0.0005046251880557408,0.4444893322501995,-3.5558721168895953,1.5600506489916832,0.50570163453128,False
project-only,CATEGORY=Visitors x GRADE_LEVEL=Grades PreK-2,2105,0.1496437054631829,0.13967973883812856,0.0009759901779686793,0.9963966625054332,0.0008974980319742491,0.2002151650920556,-0.5282175244246512,2.521010849435518,0.2508146369438635,False
project-plus-gift-size,CATEGORY=Technology x gift_decile=2,46587,0.1299718805675403,0.13990399948440832,0.021600215876972383,-0.9932118916868016,-0.004165044874481328,2.948730475498926e-10,-1.3021400221767172,-0.684283761196886,9.341341656718402e-10,True
project-plus-gift-size,SCHOOL_STATE=DC x gift_decile=5,4593,0.1495754408883083,0.13966836586529727,0.0021295595664656266,0.9907075023011025,0.0013174009769208609,0.060019349408647484,-0.04179999132573747,2.0232149959279426,0.08318471233830091,False
project-only,SUBJECT_CATEGORY=Literature & Writing x CATEGORY=Visitors,1017,0.12979351032448377,0.13969413206529277,0.0004715353971468631,-0.9900621740808996,-0.0006200229367107664,0.3476078209457062,-3.0561187804125582,1.075994432250759,0.4114010165499744,False
project-only,SUBJECT_CATEGORY=Social Sciences x GRADE_LEVEL=Grades 9-12,5861,0.1298413240061423,0.1397162985378835,0.002717471939702817,-0.9874974531741215,-0.001482921554922974,0.02471135144718325,-1.8492934456404055,-0.12570146070783744,0.03674723321087015,True
project-only,SUBJECT_CATEGORY=Environmental Science x CATEGORY=Supplies,37547,0.14938610275121847,0.13951766602791477,0.01740879012455582,0.9868436723303703,0.003723142400463097,1.0377901444640394e-07,0.623268278487978,1.3504190661727626,2.7500350997956934e-07,True
project-plus-gift-size,GRADE_LEVEL=Grades PreK-2 x gift_decile=3,198133,0.1307303679851413,0.1405957467665245,0.09186501754464053,-0.9865378781383216,-0.008219674179963098,3.4463887296170324e-35,-1.142754121989551,-0.8303216342870923,2.268872580331213e-34,True
project-plus-gift-size,SCHOOL_STATE=IL x gift_decile=2,7930,0.12988650693568726,0.13972563980614783,0.0036767705991884213,-0.9839132870460565,-0.0017178323413815726,0.009289978711930226,-1.7252919491421368,-0.24253462494997613,0.014920626546225928,True
project-only,SCHOOL_STATE=AZ x CATEGORY=Supplies,14748,0.14944399240574993,0.13962230326661176,0.0068379587385663096,0.9821689139138168,0.002334801871862976,0.0008539870977456278,0.40488619480482685,1.5594516330228065,0.0015944456300597838,True
project-plus-gift-size,SCHOOL_STATE=NJ x gift_decile=5,7180,0.14944289693593316,0.1396568856403319,0.0033290306307910294,0.9786011295601249,0.0016260394082254065,0.020223777773155024,0.1526245113962127,1.804577747724037,0.030687701206804266,True
project-only,SUBJECT_CATEGORY=ESL x CATEGORY=Technology,12896,0.12996277915632753,0.1397479719089803,0.005979272843270351,-0.9785192752652772,-0.0021761150128247592,0.0009874432771643845,-1.560744866503904,-0.39629368402665033,0.001827420647636577,True
project-only,SUBJECT_CATEGORY=Music x GRADE_LEVEL=Grades 9-12,13226,0.12997126871314077,0.13974942595441783,0.006132278429365203,-0.9778157241277063,-0.002202027796047916,0.0008585404117518676,-1.5527948374678395,-0.4028366107875732,0.0016005827145344554,True
project-only,SUBJECT_CATEGORY=Foreign Languages x GRADE_LEVEL=Grades PreK-2,2469,0.14945321992709598,0.13967827360437077,0.0011447599759642133,0.9774946322725214,0.0009534840446529565,0.1733355322547303,-0.42962946967694865,2.3846187342219918,0.22019680789618404,False
project-only,SUBJECT_CATEGORY=Performing Arts x CATEGORY=Supplies,13862,0.14940124080219305,0.13962664063367683,0.006427161922566191,0.9774600168516223,0.0022531963122050013,0.0012887911946883523,0.382200416109356,1.5727196175938887,0.002354043511600469,True
individual,SUBJECT_CATEGORY=Early Development,41727,0.14923191219114723,0.13950120493206566,0.019346860881757282,0.9730707259081567,0.003866321169962505,3.2542417600172664e-08,0.6280087633538857,1.3181326884624276,9.020529790925055e-08,True
project-only,SCHOOL_STATE=FL x CATEGORY=Books,20821,0.13006099610969693,0.13978332021668916,0.009653725176002789,-0.9722324106992225,-0.002742215938620563,3.336304203336459e-05,-1.4314951003041632,-0.5129697210942817,7.147607649181838e-05,True
project-only,SCHOOL_STATE=NY x CATEGORY=Other,15804,0.14932928372563908,0.1396183056357369,0.007327576614069837,0.9710978089902178,0.00238911299832158,0.0006416592433976531,0.4134804232730722,1.5287151947073634,0.001221235165906793,True
project-plus-gift-size,SUBJECT_CATEGORY=Character Education x gift_decile=3,5330,0.1300187617260788,0.1397134217138735,0.0024712720420774635,-0.9694659987794702,-0.001388500754997192,0.03558099420227901,-1.8735760589784218,-0.06535593858051844,0.05151704086103169,False
project-plus-gift-size,SUBJECT_CATEGORY=Mathematics x gift_decile=2,19938,0.13010332029290803,0.1397789077921385,0.00924431931987626,-0.9675587499230476,-0.0026710908145825326,5.3204146442558154e-05,-1.436842242987575,-0.49827525685852014,0.00011264663501405948,True
project-only,SUBJECT_CATEGORY=Music x GRADE_LEVEL=Grades 6-8,19120,0.14926778242677824,0.13960379180264065,0.008865050927677505,0.9663990624137586,0.0026130881881672747,0.0001883514841981766,0.4591502856332718,1.4736478391942456,0.0003791023503606612,True
project-only,SCHOOL_STATE=HI x CATEGORY=Technology,3290,0.13009118541033435,0.13970412733910567,0.001525419328036558,-0.9612941928771324,-0.001082206160879967,0.10147871925097805,-2.111752705590333,0.1891643198360684,0.1344539844163902,False
individual,CATEGORY=Supplies,716375,0.1460994590821846,0.13650150755792279,0.3321496264809086,0.9597951524261822,0.013039939522994691,2.9920398877226475e-80,0.8606305966442587,1.0589597082081057,3.781938418081426e-79,True
project-plus-gift-size,SCHOOL_STATE=OR x gift_decile=4,891,0.14927048260381592,0.13968550387240924,0.00041311508245610133,0.9584978731406679,0.0005618592148478458,0.42213841574666133,-1.3818738887395412,3.298869635020877,0.4859589776901457,False
project-only,SCHOOL_STATE=MA x CATEGORY=Supplies,15994,0.1491809428535701,0.13961855202985812,0.007415670739397176,0.9562390823711964,0.0023665515579727385,0.0007182529227050876,0.40214590971955455,1.5103322550228382,0.0013550323795510906,True
project-plus-gift-size,SCHOOL_STATE=MI x gift_decile=5,10452,0.14915805587447378,0.13964335433660777,0.00484610419958605,0.9514701537866016,0.0019060189830193345,0.006444605097144827,0.2669236875652701,1.6360166200079331,0.010551788656465104,True
project-only,SCHOOL_STATE=AR x CATEGORY=Technology,3762,0.14912280701754385,0.13967298058264152,0.0017442636814813167,0.9449826434902331,0.0011374736961653217,0.10399093223583371,-0.19424675088606566,2.084212037866532,0.1373506147817072,False
project-plus-gift-size,SUBJECT_CATEGORY=Character Education x gift_decile=5,3970,0.1491183879093199,0.13967207571113902,0.0018407035660501932,0.9446312198180873,0.0011680050053585395,0.09502438316030822,-0.16439009764914278,2.053652537285317,0.12669917754707763,False
project-plus-gift-size,SCHOOL_STATE=DE x gift_decile=5,986,0.14908722109533468,0.1396851653076958,0.0004571621451197709,0.9402055787638863,0.0005797612901975335,0.4072664656470836,-1.2834852664404932,3.163896423968265,0.47055284513520446,False
project-only,SUBJECT_CATEGORY=Performing Arts x GRADE_LEVEL=Grades 6-8,10175,0.148992628992629,0.13964536624974552,0.004717672237924614,0.9347262742883472,0.0018476173574249366,0.00824229863310505,0.24128284226446334,1.6281697063122311,0.013322590117960081,True
project-plus-gift-size,SUBJECT_CATEGORY=Early Development x gift_decile=2,2930,0.13037542662116042,0.13970213394222636,0.0013585041432058102,-0.9326707321065941,-0.0009909555867153778,0.13406724219986244,-2.152780607913304,0.2874391437001158,0.1739845935735381,False
project-only,SCHOOL_STATE=HI x CATEGORY=Supplies,3094,0.14899806076276664,0.13967609080229745,0.0014345432829620398,0.932196996046919,0.0010177552486920942,0.14561933047255132,-0.3233903762575272,2.187784368351365,0.18705572532246428,False
project-plus-gift-size,SCHOOL_STATE=OR x gift_decile=3,6940,0.1304034582132565,0.1397194401082125,0.003217753840903864,-0.9315981894955999,-0.0015219337426932776,0.021407642226602044,-1.7252345155560596,-0.13796186343514055,0.03232886472452209,True
project-plus-gift-size,SCHOOL_STATE=OK x gift_decile=2,2431,0.13039901275195392,0.13969994703746322,0.0011271411508987454,-0.9300934285509294,-0.0009002463919682697,0.17350951001946147,-2.269524292248397,0.4093374351465385,0.22019680789618404,False
individual,SCHOOL_STATE=ME,10971,0.1489381095615714,0.1396421775802458,0.005086740257717046,0.9295931981325611,0.001907637635909037,0.00636729851807145,0.2617627627194948,1.5974236335456276,0.010452292632262742,True
project-plus-gift-size,SUBJECT_CATEGORY=Foreign Languages x gift_decile=3,4225,0.13041420118343194,0.13970766887225855,0.0019589351553053066,-0.9293467688826607,-0.001185366319377128,0.07314403981300907,-1.9458590095781343,0.08716547181281294,0.09941297454155211,False
individual,CATEGORY=Trips,47727,0.13063884174576235,0.13989427502433552,0.022128780628936418,-0.9255433278573172,-0.00392741579584788,3.0436830547194675e-09,-1.2314964680891387,-0.6195901876254958,9.052271485095075e-09,True
project-plus-gift-size,CATEGORY=Books x gift_decile=3,99205,0.13089058011188953,0.14011369672804785,0.04599672475315099,-0.9223116616158322,-0.00557322582895259,4.421481671517792e-17,-1.1374883998742535,-0.7071349233574109,1.9405391780550308e-16,True
project-only,SUBJECT_CATEGORY=Extracurricular x CATEGORY=Trips,1142,0.13047285464098074,0.13969434627827812,0.0005294920585464283,-0.922149163729738,-0.0006119366268739635,0.35500023830572736,-2.87624789527961,1.031949567820134,0.4181922658140162,False
project-only,SCHOOL_STATE=ME x CATEGORY=Other,1323,0.14890400604686319,0.13968380777940312,0.0006134133042529989,0.9220198267460067,0.000658527882515511,0.34630316903177794,-0.9968475572188721,2.8408872107108856,0.4109036581086704,False
project-only,SUBJECT_CATEGORY=Music x CATEGORY=Supplies,38921,0.1487371855810488,0.13952318917701476,0.01804584974665984,0.921399640403403,0.003538122507089896,4.092102890139935e-07,0.5648196047529459,1.2779796760538602,1.0470481888941049e-06,True
individual,SCHOOL_STATE=IA,10755,0.1305439330543933,0.1397352971464971,0.004986591146818597,-0.9191364092103804,-0.0018676129285884844,0.004774791593326575,-1.557550615193894,-0.28072220322686686,0.007962185453779408,True
project-plus-gift-size,SCHOOL_STATE=DE x gift_decile=2,521,0.13051823416506717,0.13969167954001901,0.00024156336471338808,-0.917344537495185,-0.0004112312477331791,0.5342812196349991,-3.8104122559072153,1.9757231809168458,0.5939590691456806,False
project-plus-gift-size,SCHOOL_STATE=ID x gift_decile=5,1337,0.14884068810770382,0.1396837871680445,0.0006199044503297502,0.9156900939659318,0.0006574561542976096,0.34700397586577536,-0.9927756083205508,2.8241557962524144,0.41107125163480795,False
project-only,SUBJECT_CATEGORY=Gym & Fitness x CATEGORY=Other,3944,0.13057809330628803,0.13970615558982552,0.0018286485804790836,-0.9128062283537491,-0.0011249593408348155,0.08918473512003852,-1.965395199262144,0.13978274255464582,0.11929048168436898,False
project-only,SUBJECT_CATEGORY=Applied Sciences x CATEGORY=Other,5283,0.14877910278250994,0.13966714400783453,0.002449480337391227,0.911195877467541,0.001299291893673015,0.06304216347399,-0.049560309413283245,1.8719520643483651,0.08661445068600365,False
project-only,SUBJECT_CATEGORY=Literacy x CATEGORY=Technology,199958,0.1314426029466188,0.1405321679086439,0.0927111848010742,-0.9089564962025093,-0.007604532078433456,3.044887941296387e-30,-1.064856108119773,-0.7530568842852455,1.7984758681302024e-29,True
individual,SALES_TAX>0,1010462,0.13487097980923576,0.14393686939620803,0.46850403192902024,-0.906588958697227,-0.013049913509429766,3.725233473684373e-82,-0.999138221082456,-0.814039696311998,4.854324856429946e-81,True
project-only,SUBJECT_CATEGORY=Health & Life Science x GRADE_LEVEL=Grades PreK-2,17950,0.14863509749303622,0.13961438802637324,0.008322576576977573,0.9020709466662974,0.0023639885181309297,0.0007143610299757451,0.3795959940186134,1.4245458993139815,0.0013497045469197935,True
project-plus-gift-size,SUBJECT_CATEGORY=Social Sciences x gift_decile=4,1197,0.14870509607351712,0.13968445718034114,0.0005549929895622371,0.9020638893175975,0.0006128455714495927,0.3805223952112591,-1.1141025274006142,2.9182303060358095,0.4420774885542568,False
project-only,SCHOOL_STATE=AR x CATEGORY=Books,2031,0.14869522402757263,0.13968097503518964,0.0009416798344201367,0.9014248992382984,0.0007975669698279453,0.25374572226742975,-0.6466300470015769,2.449479845478174,0.3123024274060674,False
individual,VENDOR_SHIPPING_CHARGES>0,934287,0.14479062643491775,0.1357909262763017,0.43318524247212514,0.8999700158616036,0.012863998938786422,4.6268775752957815e-79,0.8062727696034921,0.9936672621197151,5.762604551417617e-78,True
project-plus-gift-size,SCHOOL_STATE=AZ x gift_decile=5,7697,0.14862933610497597,0.13965744523139362,0.0035687393823396318,0.8971890873582355,0.001543318725345747,0.02717457683903486,0.1011321032055609,1.6932460715109101,0.040080122665741034,True
individual,SCHOOL_STATE=NM,8361,0.14854682454251883,0.13965499345333762,0.0038766051676941225,0.8891831089181207,0.001593911168132339,0.022492038378942543,0.1254522611704589,1.6529139566657822,0.03380491856240592,True
project-only,CATEGORY=Supplies x GRADE_LEVEL=Grades 3-5,210747,0.14769842512586182,0.13882212928120072,0.09771354015979347,0.8876295844661097,0.00760277113381869,7.729462932943843e-28,0.7285488335637345,1.0467103353684848,4.400919435694152e-27,True
project-only,SUBJECT_CATEGORY=ESL x GRADE_LEVEL=Grades 3-5,8234,0.14853048336167113,0.13965558167135975,0.003817721199712164,0.8874901690311382,0.001578794540418803,0.02379574136240082,0.11794844892371549,1.657031889138561,0.03546912391754084,True
project-plus-gift-size,SCHOOL_STATE=MT x gift_decile=3,956,0.14853556485355648,0.13968554077598028,0.00044325254638387525,0.8850024077576207,0.0005373587854950758,0.44172816300342266,-1.3698446299312241,3.139849445446466,0.503466544667562,False
project-only,SUBJECT_CATEGORY=Applied Sciences x CATEGORY=Books,4693,0.14851907095674408,0.13967020911290462,0.0021759248955852788,0.8848861843839456,0.0011893971910992781,0.0885900897698418,-0.13360868271144674,1.903381051479338,0.11874641937336165,False
project-only,SCHOOL_STATE=MD x CATEGORY=Supplies,15316,0.14847218594933403,0.13962664863542207,0.007101313807965934,0.8845537313911966,0.0021425777641658696,0.0021524783158996205,0.31951778742561504,1.4495896753567783,0.003794606124542706,True
project-plus-gift-size,SUBJECT_CATEGORY=Civics & Government x gift_decile=2,573,0.13089005235602094,0.13969180196186737,0.00026567333585560723,-0.8801749605846426,-0.0004137860549081267,0.5322405065593845,-3.6422177045785395,1.8818677834092543,0.5927330399040194,False
project-only,SCHOOL_STATE=AK x CATEGORY=Technology,1085,0.14838709677419354,0.13968508590485035,0.0005030638209482266,0.8702010869343191,0.000562875637503143,0.420161141973318,-1.2455486649321268,2.985950838800765,0.48412368592003097,False
project-only,SCHOOL_STATE=LA x CATEGORY=Supplies,11838,0.14833586754519346,0.1396417438947181,0.00548872766118443,0.8694123650475366,0.0018529216815217576,0.007944294936039658,0.2274480243021501,1.511376705792923,0.012873831793787345,True
project-only,SUBJECT_CATEGORY=Applied Sciences x GRADE_LEVEL=Grades 9-12,30061,0.1311333621636007,0.13981040314135879,0.013937881586658655,-0.8677040977758094,-0.0029343554830593946,9.68477761956191e-06,-1.2521217819420531,-0.48328641360956565,2.1820960625893503e-05,True
project-plus-gift-size,SCHOOL_STATE=CT x gift_decile=0,3647,0.1310666301069372,0.13970406899328747,0.0016909435529937167,-0.8637438886350268,-0.0010236997623096515,0.12252075942400059,-1.9600082486136343,0.23252047134358078,0.16015123051906593,False
project-only,SCHOOL_STATE=OR x CATEGORY=Supplies,8814,0.14828681642840935,0.13965418511431724,0.0040866401086061465,0.8632631314092115,0.0015886481570726743,0.022841782727643294,0.11987858226060925,1.6066476805578138,0.03416806315709009,True
project-only,SUBJECT_CATEGORY=Literature & Writing x GRADE_LEVEL=Grades 9-12,43805,0.13124072594452688,0.13986461767958885,0.020310332420863657,-0.8623891735061978,-0.0035091071510526105,1.2373585267055364e-07,-1.1820408719294238,-0.5427374750829719,3.265179911807511e-07,True
project-plus-gift-size,SCHOOL_STATE=LA x gift_decile=0,5309,0.1310981352420418,0.13971066361449702,0.0024615353229623365,-0.8612528372455214,-0.0012310879530356424,0.06332523123231493,-1.770324189543316,0.047818515052273046,0.08681701609230376,False
individual,SCHOOL_STATE=AZ,42018,0.14807939454519492,0.1395227651664534,0.01948178398949547,0.855662937874152,0.003411422195047265,9.970547472528972e-07,0.5128533862878754,1.1984724894604288,2.480860630959965e-06,True
project-plus-gift-size,SCHOOL_STATE=PA x gift_decile=2,4826,0.1311645254869457,0.13970858167306238,0.002237590783314416,-0.8544056186116672,-0.0011645511030458871,0.07905852885105041,-1.8079751630298242,0.09916392580648983,0.10687698445746281,False
project-only,SUBJECT_CATEGORY=History & Geography x CATEGORY=Books,12108,0.14816650148662042,0.1396416055385522,0.005613914049807491,0.8524895948068212,0.0018373421581533047,0.008454640901507524,0.21798310640589527,1.4869960832077471,0.01363095165753254,True
project-only,CATEGORY=Technology x GRADE_LEVEL=Grades 3-5,246966,0.13218418729703685,0.14066000006283322,0.11450659871364031,-0.847581276579637,-0.0077853802777938805,1.880512704583865e-31,-0.9899715097985989,-0.7051910433606751,1.137305291193304e-30,True
project-only,CATEGORY=Visitors x GRADE_LEVEL=Grades 3-5,2572,0.14813374805598756,0.13967938160218216,0.001192516264957455,0.8454366453805401,0.0008416754737072075,0.2276999531732976,-0.5282258836549043,2.2190991744159847,0.28216935373632174,False
project-only,SUBJECT_CATEGORY=Health & Wellness x GRADE_LEVEL=Grades 3-5,13902,0.131348007480938,0.1397435789744839,0.006445708054214052,-0.8395571493545889,-0.001938081053604581,0.0034933608935105638,-1.4029759582593964,-0.27613834044978147,0.005991327231204006,True
project-only,SUBJECT_CATEGORY=Civics & Government x CATEGORY=Supplies,1363,0.13132795304475423,0.13969475104863505,0.0006319594359008598,-0.8366798003880821,-0.0006065368174503724,0.360595312851022,-2.6304188488848763,0.9570592481087121,0.4228130569978588,False
individual,GRADE_LEVEL=Grades PreK-2,790421,0.1449543977196962,0.13664377621466622,0.3664812980808463,0.831062150502998,0.011551268699710768,9.82592100454061e-64,0.7344148355984079,0.9277094654075881,1.0180298483392894e-62,True
project-plus-gift-size,SCHOOL_STATE=CT x gift_decile=2,2088,0.14798850574712644,0.1396814214162926,0.0009681080720183384,0.8307084330833825,0.0007452307564699082,0.2852926313799642,-0.6930916796267582,2.3545085457935233,0.34541176826079956,False
project-plus-gift-size,SCHOOL_STATE=NM x gift_decile=5,1656,0.14794685990338163,0.1396831185897079,0.0007678098502214408,0.8263741313673745,0.0006602787429574643,0.34373691469065193,-0.8843151229472059,2.537063385681955,0.40834911670017293,False
project-only,SCHOOL_STATE=CA x CATEGORY=Supplies,130195,0.13192518913936788,0.14018826708326157,0.060365340247331215,-0.8263077943893693,-0.005676828106851098,1.5038392205048205e-17,-1.0162446263106943,-0.6363709624680441,6.764600621772573e-17,True
individual,OPTIONAL_SUBJECT_CATEGORY=Health & Wellness,37084,0.13159313989860857,0.13983110817568523,0.01719411865073183,-0.8237968277076652,-0.0030891180319181063,3.315894264295946e-06,-1.1710155771737285,-0.4765780782416018,7.761648796426066e-06,True
project-plus-gift-size,SUBJECT_CATEGORY=Literature & Writing x gift_decile=4,10421,0.14787448421456675,0.13964972374197654,0.004831730947558958,0.8224760472590215,0.0016451800887633888,0.018284411799670063,0.13934704820233665,1.5056050463157062,0.027946186837706118,True
project-plus-gift-size,SCHOOL_STATE=CT x gift_decile=3,6722,0.13150847961916096,0.13971504077556834,0.0031166774234230223,-0.8206561156407388,-0.0013195317890129065,0.04685162261793297,-1.629900618443013,-0.011411612838464584,0.06587369409239964,False
project-only,SUBJECT_CATEGORY=College & Career Prep x GRADE_LEVEL=Grades PreK-2,1353,0.13155949741315595,0.13969456688708662,0.0006273229029888945,-0.8135069473930667,-0.0005875720489606179,0.37616495845631437,-2.6152034826446746,0.988189587858541,0.43781998847954084,False
project-only,SCHOOL_STATE=KY x CATEGORY=Technology,6040,0.1316225165562914,0.13971211822513513,0.002800465878826994,-0.8089601668843732,-0.001233172604316302,0.06332696901669625,-1.6628410687111523,0.04492073494240592,0.08681701609230376,False
project-only,SUBJECT_CATEGORY=Environmental Science x GRADE_LEVEL=Grades 3-5,29651,0.1476510067114094,0.13957848427907424,0.013747783737268081,0.8072522432335166,0.0027115034213306033,9.920218065655946e-05,0.40077821151923737,1.2137262749477957,0.00020488816397041038,True
individual,CATEGORY=Books,398751,0.14626170216501025,0.13819877101283082,0.18488221351790443,0.8062931152179431,0.00902903334138067,5.2603202396446206e-39,0.6853280903602637,0.9272581400756227,3.756522476220791e-38,True
project-only,SCHOOL_STATE=OR x CATEGORY=Other,2518,0.14773629864972201,0.1396800580801071,0.001167478987232843,0.8056240569614903,0.000793585737560897,0.2548520839057896,-0.5811346947414926,2.1923828086644734,0.31335898254564015,False
project-plus-gift-size,SCHOOL_STATE=AK x gift_decile=5,975,0.1476923076923077,0.13968584415409713,0.00045206195891660917,0.8006463538210579,0.0004909441388787699,0.4811303756228944,-1.4268891896313098,3.028181897273426,0.542989995345838,False
project-only,SUBJECT_CATEGORY=Gym & Fitness x GRADE_LEVEL=Grades 3-5,8222,0.14765263926052055,0.13965899052482544,0.0038121573602178057,0.7993648735695108,0.0014209920323944266,0.041405178335090435,0.031140365010758498,1.5675893821282632,0.05913688747520261,False
individual,SUBJECT_CATEGORY=Special Needs,151564,0.13228735055818006,0.14024895023987394,0.0702731474269097,-0.7961599681693882,-0.005870340346483721,1.3012171398948101e-18,-0.9733731666724011,-0.6189467696663751,6.0916239438038516e-18,True
individual,SUBJECT_SUBCATEGORY=Special Needs,151564,0.13228735055818006,0.14024895023987394,0.0702731474269097,-0.7961599681693882,-0.005870340346483721,1.3012171398948101e-18,-0.9733731666724011,-0.6189467696663751,6.0916239438038516e-18,True
project-only,SUBJECT_CATEGORY=Literature & Writing x GRADE_LEVEL=Grades 3-5,91145,0.1320972077458994,0.1400244670051253,0.042259679226107016,-0.7927259259225911,-0.004600453020622283,4.85110122118077e-12,-1.017584513617463,-0.5678673382277192,1.6891988825268578e-11,True
individual,SUBJECT_CATEGORY=Extracurricular,9423,0.1318051575931232,0.13972406130129028,0.004369004962944829,-0.7918903708167085,-0.0015065935003167768,0.023379156829607478,-1.4764872194013827,-0.10729352223203441,0.03493056055865704,True
project-only,SCHOOL_STATE=DC x CATEGORY=Books,6105,0.14758394758394758,0.1396670539862062,0.0028306033427547683,0.7916893597741365,0.0012133031935472373,0.08156729869176373,-0.09924675976225039,1.6826254793105233,0.10991584813047905,False
project-plus-gift-size,SCHOOL_STATE=IA x gift_decile=5,2006,0.14755732801595214,0.13968213894888476,0.0009300885021402236,0.7875189067067384,0.0006924869939647863,0.3201849376856005,-0.7652135682805509,2.340251381694028,0.38288908347644185,False
project-plus-gift-size,SUBJECT_CATEGORY=History & Geography x gift_decile=5,8542,0.14750643877312106,0.1396583811321071,0.003960526413400693,0.7848057641013956,0.0014218948146721185,0.04119271534048751,0.03136208957209849,1.5382494386306926,0.058899991165583955,False
individual,SUBJECT_CATEGORY=Nutrition Education,3064,0.1475195822454308,0.13967832401612093,0.0014206336842261442,0.7841258229309866,0.0008519393113946887,0.22128540578102496,-0.47240668447582085,2.040658330337794,0.27475908929981885,False
project-only,SCHOOL_STATE=PA x CATEGORY=Other,5750,0.14747826086956523,0.1396686430804906,0.0026660064243800028,0.780961778907463,0.0011616391507655844,0.09531811552728875,-0.13672175180988091,1.698645309624807,0.12695689992254267,False
project-only,CATEGORY=Books x GRADE_LEVEL=Grades 3-5,126677,0.14695643250155907,0.13923601071273584,0.058734207968901844,0.7720421788823234,0.005236405594245401,4.727201056523395e-14,0.5713319253621072,0.9727524324025396,1.8106612531653246e-13,True
project-only,CATEGORY=Supplies x GRADE_LEVEL=Grades 9-12,96296,0.13234194566752513,0.14003284658779863,0.0446479573290603,-0.7690900920273497,-0.004581949372987672,6.133702896058991e-12,-0.9883025679520447,-0.5498776161026546,2.1125341854546498e-11,True
project-only,SUBJECT_CATEGORY=Visual Arts x CATEGORY=Supplies,60506,0.14712590486893862,0.13947482156469704,0.028053806037136773,0.7651083304241579,0.0036444373725157183,1.5963331616832995e-07,0.4789821333650567,1.051234527483259,4.177567528711575e-07,True
project-only,SUBJECT_CATEGORY=Gym & Fitness x GRADE_LEVEL=Grades PreK-2,5852,0.14730006835269993,0.13966875754324173,0.002713299060082048,0.7631310809458197,0.0011451135198959626,0.09995313484002726,-0.14608678489098115,1.6723489467826207,0.13257162900083364,False
project-plus-gift-size,GRADE_LEVEL=Grades 6-8 x gift_decile=5,69105,0.14705158816294045,0.13944576728510466,0.03204076068813567,0.7605820877835789,0.0038638173781076536,2.7256719369399516e-08,0.4923765093568922,1.0287876662102657,7.588654908132375e-08,True
project-only,SUBJECT_CATEGORY=Literacy x CATEGORY=Other,58057,0.14707959419191485,0.13948503068765017,0.026918319126996493,0.7594563504264684,0.0035456183741534105,3.405664030717825e-07,0.46755777119371966,1.051354929659217,8.767330620829594e-07,True
project-only,SCHOOL_STATE=OR x CATEGORY=Technology,10317,0.1471357952893283,0.1396536727562082,0.00478351100527452,0.7482122533120084,0.001489181185788915,0.03231830290073628,0.06307826540671588,1.433346241217301,0.04717128737474671,True
project-only,SCHOOL_STATE=HI x CATEGORY=Other,1094,0.14716636197440586,0.13968566908971142,0.0005072367005689953,0.748069288469444,0.0004858783423561008,0.485023261960287,-1.3517858695746163,2.8479244465135043,0.5468950964476386,False
project-only,SUBJECT_CATEGORY=Civics & Government x CATEGORY=Trips,2381,0.13229735405291895,0.13969763317262368,0.0011039584863389194,-0.7400279119704728,-0.0007088839965284311,0.28680263790288185,-2.1017501120209405,0.6216942880799948,0.3469076883342035,False
project-plus-gift-size,SCHOOL_STATE=WV x gift_decile=3,1844,0.13232104121475055,0.1396957687917065,0.000854976668966387,-0.7374727576955953,-0.0006217673788224434,0.3502027622886926,-2.2847353191611823,0.8097898037699919,0.41408446354808937,False
project-only,SCHOOL_STATE=GA x CATEGORY=Technology,21778,0.13242722013040684,0.13976354164812652,0.01009744137567786,-0.7336321517719679,-0.002115781444885188,0.001487211228779747,-1.1862110682748888,-0.28105323526904724,0.0026931733426613187,True
project-plus-gift-size,SUBJECT_CATEGORY=Health & Wellness x gift_decile=4,1170,0.147008547008547,0.13968549100163574,0.000542474350699931,0.7323056006911272,0.0004918749272726448,0.4794558775975205,-1.2973375829637275,2.761948784345982,0.5415837616472439,False
project-only,SUBJECT_CATEGORY=Special Needs x GRADE_LEVEL=Grades 6-8,22672,0.13245412844036697,0.13976632903990044,0.010511947418007553,-0.7312200599533469,-0.002151223426758746,0.0012375445175498074,-1.1749211932053476,-0.2875189267013462,0.002263757265098345,True
project-only,SUBJECT_CATEGORY=Special Needs x GRADE_LEVEL=Grades 3-5,42876,0.1325450135273813,0.13983437311368327,0.019879598513342086,-0.7289359586301974,-0.0029351036880925253,1.0585272836410785e-05,-1.05328561296138,-0.404586304299015,2.3639195874952707e-05,True
project-plus-gift-size,SUBJECT_CATEGORY=Health & Life Science x gift_decile=3,16481,0.13251623081123717,0.1397446996990613,0.007641469892209883,-0.7228468887824135,-0.0018157649438463744,0.006410039921137451,-1.242568914685405,-0.2031248628794219,0.010508807341527546,True
project-plus-gift-size,CATEGORY=Technology x gift_decile=5,139448,0.14644168435545868,0.13922271748484139,0.06465552415077264,0.7218966870617294,0.00512099337807797,1.5347925843815785e-13,0.5302800994168624,0.9135132747065964,5.722648456219219e-13,True
individual,SUBJECT_SUBCATEGORY=Health & Sports,78481,0.13274550528153312,0.13995168173264438,0.03638797394639426,-0.7206176451111268,-0.0038924719320885502,5.355359401330326e-09,-0.9626454808185136,-0.47858980940373996,1.563319695907975e-08,True
individual,OPTIONAL_SUBJECT_SUBCATEGORY= ,698274,0.1348252978057324,0.1420182240779974,0.32375703825696034,-0.7192926272265004,-0.009708612139963395,8.12556465391101e-47,-0.8174091011990234,-0.6211761532539775,6.847142481695678e-46,True
individual,OPTIONAL_SUBJECT_CATEGORY= ,698274,0.1348252978057324,0.1420182240779974,0.32375703825696034,-0.7192926272265004,-0.009708612139963395,8.12556465391101e-47,-0.8174091011990234,-0.6211761532539775,6.847142481695678e-46,True
individual,OPTIONAL_SUBJECT_CATEGORY=Social Sciences,44591,0.1326949384404925,0.13983712662621267,0.02067476390774412,-0.7142188185720183,-0.0029316059582543508,1.0952115742367397e-05,-1.0325540441078302,-0.3958835930362064,2.4415298586159418e-05,True
project-plus-gift-size,SUBJECT_CATEGORY=Performing Arts x gift_decile=2,2316,0.13255613126079446,0.13969713172811107,0.0010738210224111454,-0.714100046731661,-0.0006746558091289528,0.3111109077084727,-2.095919288187819,0.6677191947244969,0.3734512700318229,False
project-only,SUBJECT_CATEGORY=Health & Wellness x CATEGORY=Other,7648,0.1325836820083682,0.1397147504857766,0.003546020371071002,-0.7131068477408409,-0.0012227689363616136,0.06642587884308791,-1.4745668262789895,0.048353130797307645,0.0908683017940077,False
project-plus-gift-size,SCHOOL_STATE=UT x gift_decile=2,1833,0.132569558101473,0.13969551975891795,0.0008498764827632253,-0.7125961657444946,-0.00059900067894207,0.3685061885435551,-2.2657233525750144,0.8405310210860252,0.4300940187618224,False
project-plus-gift-size,SUBJECT_CATEGORY=Economics x gift_decile=0,579,0.14680483592400692,0.1396875528996547,0.00026845525560278635,0.7117283024352217,0.0003363430388438609,0.6284982890287608,-2.1714207945502504,3.5948773994206937,0.6854373057224794,False
project-plus-gift-size,SCHOOL_STATE=AL x gift_decile=0,2572,0.13258164852255055,0.1396979498767995,0.001192516264957455,-0.7116301354248955,-0.0007084642410650108,0.28752691583597967,-2.0230669354390707,0.5998066645892798,0.34745126349586836,False
project-plus-gift-size,SCHOOL_STATE=NY x gift_decile=2,11379,0.14676157834607612,0.13965195382689982,0.005275910800525227,0.7109624519176294,0.0014857209901007465,0.03253777937885607,0.05911244678714657,1.3628124570481122,0.04743685482684437,True
project-only,CATEGORY=Other x GRADE_LEVEL=Grades PreK-2,104284,0.14641747535575927,0.13934762484774665,0.048351619819138124,0.7069850508012621,0.004374662519845819,2.861037027528551e-10,0.4872478605627486,0.9267222410397756,9.086308549738915e-10,True
project-plus-gift-size,SCHOOL_STATE=ME x gift_decile=3,2948,0.13263229308005428,0.13969912286729352,0.0013668499024473476,-0.7066829787239243,-0.0007531449832540688,0.25828613904897313,-1.931944719836692,0.5185787623888435,0.316350464881688,False
project-plus-gift-size,SCHOOL_STATE=MD x gift_decile=5,7839,0.14670238550835565,0.13966388157910045,0.003634578149689538,0.7038503929255202,0.001221820031373611,0.0787034634171279,-0.08075917257513755,1.488459958426178,0.10651089695851142,False
project-only,SUBJECT_CATEGORY=Health & Wellness x GRADE_LEVEL=Grades PreK-2,12389,0.14666236177254016,0.1396491784396065,0.005744200624633714,0.7013183332933659,0.00152886666901815,0.027774630744758298,0.07663664428560826,1.3260000223011235,0.040822247978342434,True
project-plus-gift-size,SUBJECT_CATEGORY=History & Geography x gift_decile=3,11805,0.1327403642524354,0.13972770828991798,0.0054734271025749445,-0.6987344037482579,-0.0014871012767401787,0.025672554456091325,-1.3125577844254257,-0.08491102307109019,0.038086982197769285,True
project-plus-gift-size,SCHOOL_STATE=GA x gift_decile=5,11231,0.1465586323568694,0.1396535065784905,0.005207290113428141,0.6905125778378901,0.0014336209277229252,0.03902248093775968,0.03477730526257692,1.3462478504132034,0.05624220741770608,False
individual,SUBJECT_CATEGORY=Performing Arts,36356,0.14644075255803718,0.1395737087040918,0.01685657905474076,0.6867043853945376,0.0025500784117263716,0.00023939273492850418,0.32029737702123506,1.0531113937678402,0.0004765234912592587,True
individual,SCHOOL_STATE=NJ,37443,0.13294874876478915,0.13980855369664438,0.01736057018227138,-0.6859804931855229,-0.002584528980044419,0.00010703610927871566,-1.0330378517393324,-0.33892313463171336,0.00022070740967095693,True
project-plus-gift-size,SCHOOL_STATE=MI x gift_decile=4,1747,0.14653692043503147,0.13968391261959773,0.0008100022997203243,0.6853007815433743,0.0005623917566297072,0.4181463157037848,-0.9736923948915885,2.344293957978337,0.4822417363591095,False
individual,SUBJECT_SUBCATEGORY=Music & The Arts,210451,0.14586768416400966,0.13902143158442054,0.0975762987855993,0.6846252579589124,0.005860314030435903,2.4777331585351836e-17,0.5261785427550892,0.8430719731627355,1.0988963903117446e-16,True
project-only,SUBJECT_CATEGORY=Social Sciences x CATEGORY=Other,2683,0.14647782333209095,0.1396810084578207,0.0012439817802802691,0.6796814874270252,0.0006910869782052431,0.31969220423667655,-0.6590666843113857,2.0184296591654363,0.3826618808287492,False
individual,OPTIONAL_SUBJECT_CATEGORY=Applied Sciences,60285,0.14628846313344945,0.13949970880024268,0.027951338659782343,0.6788754333206776,0.003227943738930674,3.2746632928155953e-06,0.39289766065231135,0.9648532059890438,7.679358816547147e-06,True
individual,SUBJECT_CATEGORY=Music,77585,0.14622671908229684,0.13944552685914144,0.03597254059748218,0.6781192223155402,0.0036427290363216978,1.5012511692010227e-07,0.42507067937449844,0.931167765256582,3.9368910329255036e-07,True
project-only,SUBJECT_CATEGORY=History & Geography x GRADE_LEVEL=Grades 3-5,13650,0.1463736263736264,0.13964689095502195,0.006328867424832529,0.672673541860444,0.001538789577265232,0.026653166716251033,0.0778599194540648,1.2674871642668233,0.03940304412788456,True
project-only,SUBJECT_CATEGORY=Literacy x CATEGORY=Books,240685,0.14565095456717286,0.13894062885059696,0.11159439239163495,0.6710325716575899,0.0060948214449038736,1.193822662484469e-18,0.5218344436712963,0.8202306996438834,5.630566587240182e-18,True
gift-size decile,first_gift_decile=2,143843,0.1334441022503702,0.1401357516191483,0.06669328036558135,-0.6691649368778085,-0.004815894525710725,6.020282735300317e-13,-0.8513259454000827,-0.48700392835553435,2.155704639495638e-12,True
project-only,SCHOOL_STATE=NE x CATEGORY=Technology,1421,0.14637579169598874,0.13968505537118342,0.0006588513267902581,0.6690736324805324,0.0004952392610545212,0.4756671541159241,-1.1694307430236295,2.5075780079846943,0.5377846894476994,False
project-only,SCHOOL_STATE=VA x CATEGORY=Supplies,14210,0.14630541871921182,0.13964558516998712,0.006588513267902581,0.6659833549224697,0.0015542190589529486,0.025141186529760978,0.08304660759841002,1.2489201022465295,0.037342490920820065,True
project-plus-gift-size,SUBJECT_CATEGORY=Visual Arts x gift_decile=3,22915,0.1331005891337552,0.13976021958236423,0.010624615167768307,-0.6659630448609039,-0.0019695991101816,0.0031639687901000636,-1.1082322857989952,-0.22369380392281252,0.005456011665329441,True
individual,SCHOOL_STATE=PA,60488,0.14614468985583917,0.1395031999297809,0.028045460277895236,0.6641489926058258,0.0031630811554555706,5.0882480491718104e-06,0.3787512852228448,0.9495466999888069,1.1757852896075262e-05,True
project-only,SUBJECT_CATEGORY=Literature & Writing x CATEGORY=Supplies,65203,0.14611290891523396,0.13948921892099803,0.030231585545886838,0.6623689994235932,0.003271561075954338,2.379905144050268e-06,0.38721003998879394,0.9375279588583925,5.7081595864886884e-06,True
project-only,SUBJECT_CATEGORY=Literature & Writing x CATEGORY=Trips,2119,0.13308164228409627,0.13969596201729736,0.0009824813240454306,-0.6614319733201091,-0.0005977566864615117,0.3702834667079783,-2.108407251445291,0.7855433048050728,0.43176965121668315,False
project-plus-gift-size,SCHOOL_STATE=NJ x gift_decile=4,1005,0.14626865671641792,0.13968639642560762,0.0004659715576525048,0.6582260290810299,0.00040977372037446944,0.5549424789886306,-1.527051951031368,2.8435040091934276,0.6116740059711044,False
project-only,SCHOOL_STATE=NE x CATEGORY=Supplies,2201,0.13312130849613812,0.13969617322702352,0.0010205008939235454,-0.6574864730885394,-0.0006055672211643609,0.3641243751960018,-2.077458849397692,0.7624859032206135,0.4257661519405609,False
project-only,CATEGORY=Technology x GRADE_LEVEL=Grades PreK-2,258980,0.1339331222488223,0.14047499109497083,0.12007692935407532,-0.6541868846148519,-0.006134010658503126,5.859917946912043e-20,-0.7943664518174772,-0.5140073174122266,2.893334486287821e-19,True
project-plus-gift-size,SCHOOL_STATE=NY x gift_decile=5,33430,0.14609632067005685,0.13958859427113895,0.015499929524699738,0.650772639891789,0.002318956369796292,0.0008271631445183736,0.2692866120956738,1.0322586676879042,0.0015512377072273357,True
project-only,SCHOOL_STATE=OH x CATEGORY=Technology,12730,0.13322859387274155,0.1397278240193577,0.005902306396931728,-0.6499230146616158,-0.001436077503304085,0.03145791051361509,-1.2420717202795792,-0.057774309043652494,0.046021757973622075,True
project-only,SCHOOL_STATE=KY x CATEGORY=Other,1486,0.13324360699865412,0.1396939077566072,0.000688988790718032,-0.6450300757953081,-0.0004882327790786328,0.46452771033449547,-2.373548936711971,1.0834887851213548,0.5266036106392845,False
project-only,SUBJECT_CATEGORY=Music x GRADE_LEVEL=Grades 3-5,31408,0.14604559347936832,0.13959553509590775,0.01456242256990037,0.6450058383460577,0.0022288742872553957,0.0013087348841335582,0.25166767760555475,1.0383439990865606,0.0023836324114478637,True
project-only,SCHOOL_STATE=CA x CATEGORY=Books,74603,0.13346648258112945,0.1399124283623758,0.03458992648313415,-0.6445945781246354,-0.003397879200733,3.711115107651519e-07,-0.8931394329348856,-0.39604972331438515,9.534246943234796e-07,True
individual,OPTIONAL_SUBJECT_CATEGORY=Environmental Science,45769,0.1459940134151937,0.13955277437630714,0.021220947484773624,0.6441239038886548,0.0026778403982622547,0.000112227908695062,0.31726835965585387,0.9709794481214559,0.0002306602871391193,True
project-only,SCHOOL_STATE=KS x CATEGORY=Other,1136,0.14612676056338028,0.1396860711952972,0.0005267101387992492,0.6440689368083091,0.00042627939767370956,0.5389523952803061,-1.4105849438315696,2.698722817448188,0.5980999364655899,False
project-only,SUBJECT_CATEGORY=Civics & Government x CATEGORY=Books,1771,0.13325804630152457,0.1396947489411897,0.0008211299787090409,-0.6436702639665115,-0.0005318407071323644,0.4256245638903443,-2.2271919842321775,0.9398514562991546,0.48863710150535444,False
project-plus-gift-size,SUBJECT_CATEGORY=Community Service x gift_decile=7,657,0.1461187214611872,0.13968750449300993,0.0003046202123161151,0.6431216968177278,0.00032374041306923717,0.6407740072640078,-2.058277625347334,3.3445210189827894,0.6976213136793332,False
individual,OPTIONAL_SUBJECT_SUBCATEGORY=Health & Sports,69177,0.13349812799051708,0.13989462576049994,0.03207414372510182,-0.6396497769982856,-0.0032511079363164628,1.153721504454631e-06,-0.8974338979283761,-0.381865656068195,2.8538238388075417e-06,True
project-plus-gift-size,SCHOOL_STATE=MN x gift_decile=4,915,0.13333333333333333,0.1396921612584067,0.00042424276144481786,-0.6358827925073363,-0.00037773106651565265,0.5715887033726735,-2.838995762469987,1.5672301774553143,0.6277047098723365,False
project-only,SCHOOL_STATE=TX x CATEGORY=Supplies,39773,0.1458778568375531,0.13957320013925295,0.018440882350759278,0.630465669830016,0.002446814677135601,0.000415185768175545,0.28042902608844555,0.9805023135715863,0.000812375868380633,True
project-only,SCHOOL_STATE=NY x CATEGORY=Trips,6462,0.14593005261528938,0.13967070978206986,0.002996127567711927,0.6259342833219522,0.0009868425487779362,0.1546791757453482,-0.2360908293868395,1.487959396030744,0.19768905777767456,False
project-plus-gift-size,SUBJECT_CATEGORY=Mathematics x gift_decile=5,60407,0.14576125283493635,0.13951450526312778,0.028007904361308317,0.624674757180857,0.0029731456483541425,1.7725432055005112e-05,0.3393932858556468,0.9099562285060672,3.896512368265472e-05,True
project-only,SUBJECT_CATEGORY=Extracurricular x GRADE_LEVEL=Grades 6-8,3034,0.13348714568226763,0.13969820081253628,0.0014067240854902484,-0.621105513026865,-0.0006715134547058856,0.3148051666060325,-1.8321862989805489,0.5899752729268191,0.37752725862431225,False
project-only,SCHOOL_STATE=MA x CATEGORY=Trips,1419,0.14587737843551796,0.1396853897135752,0.0006579240202078651,0.6191988721942765,0.0004580002011278392,0.5088777902132515,-1.2180026717933137,2.4564004161818667,0.5702318500261968,False
individual,OPTIONAL_SUBJECT_CATEGORY=Other,30855,0.14577864203532653,0.1396010873364068,0.014306022299868694,0.6177554698919729,0.0021161071481484847,0.00226027131451182,0.2212545029357001,1.0142564368482458,0.00395704008523953,True
project-plus-gift-size,SCHOOL_STATE=DC x gift_decile=2,1333,0.13353338334583645,0.13969327068905765,0.0006180498371649642,-0.6159887343221204,-0.000441611955894304,0.508635642480631,-2.4426216639416074,1.2106441952973668,0.5702318500261968,False
project-only,CATEGORY=Other x GRADE_LEVEL=Grades 6-8,27085,0.13361639283736385,0.13976669942559958,0.012558049392057805,-0.6150306588235732,-0.0019756235763460795,0.0031219177030955923,-1.0229047271262572,-0.20715659052088922,0.005390852427203318,True
project-only,SUBJECT_CATEGORY=Health & Wellness x CATEGORY=Technology,3314,0.13367531683765843,0.13969871881196394,0.0015365470070252748,-0.6023401974305509,-0.0006805678249509248,0.30861352228073424,-1.7618977206375472,0.5572173257764456,0.3711584130950029,False
project-plus-gift-size,SCHOOL_STATE=HI x gift_decile=3,1967,0.1337061514997458,0.13969492536953254,0.0009120060237835593,-0.5988773869786745,-0.000521469836640783,0.4353574550696314,-2.1036392321306074,0.9058844581732584,0.4971019179837526,False
individual,SUBJECT_CATEGORY=Visual Arts,96510,0.1453631748005388,0.13942368830553606,0.044747179133376364,0.5939486495002755,0.0035422682717722947,3.047960336184615e-07,0.3665979771251026,0.8212993218754483,7.862493601912967e-07,True
project-only,SUBJECT_CATEGORY=Mathematics x CATEGORY=Books,8569,0.14552456529349983,0.13966618797466734,0.003973045052262999,0.5858377318832486,0.0010630781322679738,0.12480059582307072,-0.1622358950437378,1.3339113588102351,0.16296276148797664,False
project-plus-gift-size,SCHOOL_STATE=MS x gift_decile=3,4025,0.13391304347826086,0.13970026370810668,0.001866204497066002,-0.5787220229845819,-0.0007205009534811387,0.281452843461787,-1.6318608526799683,0.4744168067108045,0.34174485507752045,False
project-plus-gift-size,SUBJECT_CATEGORY=Extracurricular x gift_decile=2,672,0.13392857142857142,0.1396912590811609,0.0003115750116840629,-0.5762687652589471,-0.00029337917082476755,0.6609824970803111,-3.1517300075016146,1.9991924769837206,0.7159227731872435,False
project-only,CATEGORY=Books x GRADE_LEVEL=Grades 6-8,78390,0.1452353616532721,0.1394802910324029,0.03634578149689538,0.5755070620869218,0.003106911128535964,7.054281172253706e-06,0.3243978082513882,0.8266163159224553,1.6124071250865613e-05,True
individual,OPTIONAL_SUBJECT_CATEGORY=Health & Life Science,50240,0.1452627388535032,0.13955654379875285,0.023293941349713278,0.570619505475034,0.002482793484551692,0.00033244580978385033,0.2589628327725302,0.8822761781775379,0.0006545350522847146,True
project-only,SUBJECT_CATEGORY=Performing Arts x GRADE_LEVEL=Grades 9-12,12468,0.1340230991337825,0.13972241031638993,0.005780829234638239,-0.5699311182607442,-0.0012463759525823772,0.06254604973128487,-1.1697282072400528,0.029865970718564484,0.08602634043563012,False
project-plus-gift-size,SUBJECT_CATEGORY=ESL x gift_decile=3,6566,0.13402375875723424,0.13970676461642495,0.0030443475099963648,-0.568300585919071,-0.0009031371160663662,0.17715030805212695,-1.3936447890981787,0.2570436172600369,0.22436672282353554,False
project-only,SCHOOL_STATE=MA x CATEGORY=Books,9015,0.14531336661120356,0.1396658579204747,0.004179834420136648,0.5647508690728859,0.0010510356800037008,0.12889834386419843,-0.16421882473339747,1.2937205628791693,0.167793518686248,False
project-only,SUBJECT_CATEGORY=Social Sciences x CATEGORY=Technology,9822,0.1340867440439829,0.1397150950971652,0.004554002626132241,-0.5628351053182296,-0.001093143615241383,0.10243824823380576,-1.238314615170032,0.11264440453357272,0.13544136586561764,False
project-plus-gift-size,GRADE_LEVEL=Grades 3-5 x gift_decile=2,44585,0.13419311427610184,0.139805482343283,0.020671981987996944,-0.5612368067181156,-0.0023035192609952133,0.0005831939131269759,-0.8810752005873594,-0.2413984128488717,0.0011185995541616047,True
project-only,SUBJECT_CATEGORY=Special Needs x CATEGORY=Supplies,60373,0.1342487535818992,0.1398461465809901,0.027992140149407638,-0.55973929990909,-0.002663356454751987,7.026877423078995e-05,-0.8357105821253377,-0.2837680176928423,0.00014754108077694105,True
project-plus-gift-size,SCHOOL_STATE=ID x gift_decile=3,1745,0.1340974212034384,0.13969399161685706,0.0008090749931379313,-0.5596570413418656,-0.00045901952170161075,0.4928436496041041,-2.159159802678853,1.0398457199951219,0.554229869305683,False
project-only,SUBJECT_CATEGORY=College & Career Prep x CATEGORY=Books,1633,0.1341090018371096,0.13969369199652368,0.0007571458245239208,-0.5584690159414069,-0.00044311344640201374,0.507967907591108,-2.211929319422364,1.0949912875395504,0.5702232994628423,False
project-plus-gift-size,SCHOOL_STATE=MN x gift_decile=5,4923,0.14523664432256753,0.13967677280270427,0.002282565152560479,0.5559871519863258,0.0007653686727535927,0.2687450915508055,-0.4293447613705042,1.5413190653431557,0.32788976420870475,False
project-only,SCHOOL_STATE=ID x CATEGORY=Technology,2326,0.13413585554600171,0.13969545936843514,0.0010784575553231107,-0.5559603822433423,-0.0005263827120427826,0.43166984983734735,-1.9417298440393984,0.829809079552714,0.4946787762415295,False
individual,SUBJECT_CATEGORY=Environmental Science,81199,0.145026416581485,0.1394806765321584,0.03764818359186641,0.5545740049326592,0.0030450120242525446,1.0569611300652793e-05,0.30782697779061313,0.8013210320747052,2.3639195874952707e-05,True
project-only,SUBJECT_CATEGORY=Literacy x GRADE_LEVEL=Grades PreK-2,324240,0.14439612632617813,0.13885669320900343,0.15033494313756038,0.5539433117174697,0.00571096797962237,1.1134732592924456e-16,0.42300661025691644,0.6848800131780229,4.853207585329832e-16,True
project-only,SUBJECT_CATEGORY=Special Needs x GRADE_LEVEL=Grades PreK-2,65228,0.1343441466854725,0.1398561645014525,0.03024317687816675,-0.5512017815979986,-0.002722991549818864,4.843741291129872e-05,-0.8170999986645474,-0.28530356453144984,0.00010307220525232588,True
project-only,SCHOOL_STATE=MI x CATEGORY=Supplies,18985,0.145114564129576,0.13964128526582714,0.008802457733365975,0.5473278863748848,0.001474756139234599,0.03300819844033768,0.04415202722382475,1.050503745525945,0.048067238281782054,True
project-only,SUBJECT_CATEGORY=History & Geography x GRADE_LEVEL=Grades 9-12,14212,0.1342527441598649,0.13972552614334546,0.006589440574484974,-0.5472781983480557,-0.0012772836731891073,0.056495922805812525,-1.109710355414471,0.015153958718359603,0.07838731770202748,False
project-plus-gift-size,SCHOOL_STATE=LA x gift_decile=3,7939,0.13427383801486334,0.1397094718325426,0.00368094347880919,-0.5435633817679253,-0.0009495537193098429,0.15624512825895975,-1.2949908352576902,0.2078640717218397,0.19948872941345974,False
project-only,SCHOOL_STATE=SC x CATEGORY=Trips,765,0.1450980392156863,0.13968754449752066,0.0003546947677653395,0.5410494718165626,0.00029388531668551513,0.6709684815534218,-1.9552053346085976,3.0373042782417228,0.7254954325778659,False
project-only,SCHOOL_STATE=ME x CATEGORY=Technology,3598,0.14508060033351863,0.1396804549165748,0.001668224541725087,0.5400145416943836,0.0006357124387699147,0.3580933664392504,-0.611697803070751,1.6917268864595179,0.42026928057494195,False
project-plus-gift-size,GRADE_LEVEL=Grades 6-8 x gift_decile=2,25532,0.13438038539871533,0.13975306533436685,0.011837995830829605,-0.537267993565152,-0.0016762341732214638,0.012360950134915453,-0.958205116790863,-0.11633087033944105,0.019384914355500167,True
project-only,SCHOOL_STATE=UT x CATEGORY=Other,1645,0.13434650455927052,0.1396935418086722,0.000762709664018279,-0.5347037249401665,-0.00042581181237271603,0.5249838960138737,-2.183357877678559,1.113950427798226,0.5856837109987082,False
project-only,SUBJECT_CATEGORY=Performing Arts x CATEGORY=Technology,10800,0.145,0.13966273746682176,0.00500745554492244,0.5337262533178233,0.0010867448342632459,0.11607293585883442,-0.1319573348869724,1.199409841522619,0.1521952188024551,False
project-only,SUBJECT_CATEGORY=Visual Arts x CATEGORY=Other,4538,0.14499779638607316,0.13967827097831753,0.002104058635449818,0.5319525407755626,0.0007031289656374462,0.30929099241617697,-0.4935376049874728,1.557442686538598,0.3716195954506157,False
project-plus-gift-size,SCHOOL_STATE=GA x gift_decile=2,3996,0.13438438438438438,0.13969931084714332,0.0018527585516213028,-0.531492646275894,-0.000659317393362105,0.32504653316728405,-1.5900059334614365,0.5270206409096485,0.3883353666573223,False
project-only,SUBJECT_CATEGORY=Extracurricular x CATEGORY=Supplies,3423,0.13438504236050247,0.139697895522395,0.0015870852157656957,-0.5312853161892533,-0.0006100614537291471,0.36249573394672363,-1.674813294638628,0.6122426622601213,0.4246474584880989,False
project-only,SUBJECT_CATEGORY=Environmental Science x CATEGORY=Other,5380,0.1449814126394052,0.1396762300339685,0.0024944547066372896,0.5305182605436692,0.0007633722384404696,0.2696452937101529,-0.41144644890920706,1.4724829699965456,0.3286708305203792,False
project-only,SCHOOL_STATE=OH x CATEGORY=Supplies,12618,0.14495165636392454,0.13965849659028265,0.0058503772283177175,0.5293159773641892,0.0011644567659379811,0.09216222768436409,-0.08671569748404315,1.1453476522124215,0.12314276510891778,False
project-plus-gift-size,SUBJECT_CATEGORY=Social Sciences x gift_decile=2,1540,0.1344155844155844,0.13969323194960756,0.0007140260684426442,-0.5277647534023155,-0.00040666132057420146,0.5438765899122393,-2.2320231679565623,1.1764936611519312,0.6025065816380986,False
project-only,SCHOOL_STATE=ID x CATEGORY=Books,1242,0.14492753623188406,0.13968644545084252,0.0005758573876660806,0.5241090781041541,0.0003626975533708774,0.5998982572193312,-1.4342552373276654,2.4824733935359737,0.6559441151602375,False
project-only,SUBJECT_CATEGORY=History & Geography x CATEGORY=Supplies,10401,0.1448899144313047,0.13966426308818136,0.0048224578817350275,0.5225651343123333,0.0010442764628661692,0.13090787134361095,-0.1554926876952768,1.2006229563199435,0.17005914632921298,False
individual,OPTIONAL_SUBJECT_CATEGORY=Nutrition Education,5510,0.13448275862068965,0.1397027993644696,0.0025547296344928376,-0.5220040743779963,-0.0007601187712678775,0.25669383712525495,-1.424042331784051,0.38003418302805825,0.31501068944303134,False
project-plus-gift-size,SUBJECT_CATEGORY=Applied Sciences x gift_decile=3,25028,0.1346092376538277,0.13974910824691006,0.011604314572066558,-0.5139870593082352,-0.001587880832175545,0.01787801161874449,-0.9393912870562473,-0.08858283156022292,0.02742452267729737,True
project-plus-gift-size,SCHOOL_STATE=KS x gift_decile=3,2846,0.13457484188334504,0.13969622152541067,0.0013195572667453023,-0.5121379642065632,-0.0005362964460390798,0.4236874634201685,-1.766812812915928,0.7425368845028014,0.48729841106741856,False
project-only,SCHOOL_STATE=NE x CATEGORY=Books,691,0.1345875542691751,0.13969109866782184,0.00032038442421679684,-0.5103544398646742,-0.0002634684199817032,0.694297720443422,-3.0554427756430336,2.034733895913685,0.7462519716330658,False
project-only,SCHOOL_STATE=AK x CATEGORY=Supplies,1568,0.1447704081632653,0.13968576699504828,0.0007270083605961468,0.5084641168217024,0.0003953326112701254,0.5673195079563049,-1.233814423906702,2.2507426575501066,0.6235581374406691,False
individual,SCHOOL_STATE=GA,54372,0.144614875303465,0.13956208393026676,0.025209756748937308,0.5052791373198251,0.0022848717889915014,0.0009375570381533355,0.20595617067369845,0.8046021039659518,0.0017427530826850236,True
project-only,SUBJECT_CATEGORY=Literacy x CATEGORY=Trips,2073,0.1447178002894356,0.1396846259196709,0.0009611532726503906,0.5033174369764692,0.00044990419541707585,0.5150056448978282,-1.0118996253185855,2.0185344992715235,0.5765873650583302,False
individual,SUBJECT_CATEGORY=Literature & Writing,273091,0.13529922260345453,0.14032594483283634,0.12661954094614944,-0.5026722229381803,-0.0048220037560252815,7.882846341649391e-13,-0.6402142042950592,-0.36513024158130136,2.7988533078215818e-12,True
project-plus-gift-size,SCHOOL_STATE=VT x gift_decile=5,579,0.13471502590673576,0.13969079934421819,0.00026845525560278635,-0.4975773437482428,-0.0002351412403911989,0.7258640695019427,-3.278984051713929,2.283829364217443,0.7767816730811167,False
project-plus-gift-size,SUBJECT_CATEGORY=Applied Sciences x gift_decile=4,4065,0.14464944649446496,0.13968009758821287,0.0018847506287138628,0.49693489062520857,0.0006217378950246943,0.3681655685795683,-0.5853812744545576,1.579251055704975,0.43009360322049384,False
individual,SUBJECT_CATEGORY=Mathematics,303233,0.13547008406077174,0.1403797359770516,0.14059497844939503,-0.49096519162798724,-0.004922946376180358,2.710524001392504e-13,-0.622640827670107,-0.3592895555858676,9.988636553236516e-13,True
individual,SUBJECT_SUBCATEGORY=Applied Learning,131433,0.1442940509613263,0.13939065376816168,0.06093934302183251,0.4903397193164627,0.0033836336485613817,9.263825006015251e-07,0.29447023792153,0.6862092007113954,2.3233084935720785e-06,True
individual,SUBJECT_CATEGORY=Character Education,21178,0.14453678345452828,0.13964139452689306,0.009819249400959948,0.4895388927635219,0.0013924324654735966,0.04376748101901317,0.013671677344013946,0.9654061081830299,0.06215965843599174,False
individual,OPTIONAL_SUBJECT_CATEGORY=Foreign Languages,8731,0.144542435001718,0.13966973813029754,0.004048156885436836,0.4872696871420473,0.0008924990995279134,0.19626862827474045,-0.2517857723612439,1.2263251466453386,0.24684929964106658,False
project-plus-gift-size,SCHOOL_STATE=MS x gift_decile=0,2900,0.13482758620689655,0.1396960096272594,0.0013445945444699144,-0.48684234203628385,-0.0005146149494666105,0.4430287447469736,-1.7307805159433718,0.7570958318708043,0.5044939940181754,False
project-only,SUBJECT_CATEGORY=Health & Life Science x GRADE_LEVEL=Grades 6-8,18474,0.13489228104362888,0.13973090898887439,0.008565530901564552,-0.4838627945245505,-0.001286239770095561,0.05527830744468667,-0.978661064325757,0.010935475276655903,0.07678217649459775,False
individual,OPTIONAL_SUBJECT_SUBCATEGORY=Applied Learning,194566,0.1440539457047994,0.13925669828734627,0.09021116625494255,0.4797247417453132,0.0039644516155911795,8.65623374862184e-09,0.31634764849219155,0.6431018349984349,2.481061101645806e-08,True
project-only,SCHOOL_STATE=KS x CATEGORY=Supplies,4057,0.14444170569386247,0.1396805075608751,0.0018810414023842908,0.47611981329873654,0.000595109850057297,0.38874998770746094,-0.6066153867686068,1.55885501336608,0.45080732519470695,False
project-plus-gift-size,SCHOOL_STATE=OK x gift_decile=3,8203,0.13495062781909056,0.13970755582405317,0.003803347947685072,-0.4756928004962607,-0.0008446420543689014,0.2082110478787571,-1.216541440420535,0.2651558394280136,0.25954513266148815,False
project-plus-gift-size,SUBJECT_CATEGORY=Performing Arts x gift_decile=3,8828,0.14442682374263707,0.139669993240085,0.004093131254682898,0.4756830502552073,0.0008760833579393373,0.2044738229796813,-0.2590736568576756,1.21043975736809,0.25539022949240825,False
individual,SUBJECT_CATEGORY=Economics,3400,0.14441176470588235,0.13968200748217688,0.0015764211900681756,0.4729757223705472,0.0005412812081798685,0.4330450347102275,-0.7094762411283876,1.655427685869482,0.4953564921934186,False
project-only,SUBJECT_CATEGORY=Gym & Fitness x CATEGORY=Supplies,13623,0.14438816707039565,0.139659596269249,0.006316348785970222,0.47285708011466365,0.0010806313794714765,0.11749048821965197,-0.11919815312631793,1.0649123133556453,0.1538942767975545,False
individual,SUBJECT_CATEGORY=Health & Wellness,34362,0.13512019090856178,0.13976344006988242,0.015932054392094896,-0.46432491613206395,-0.0016771077902197728,0.012521331816046404,-0.8287782831024869,-0.09987154916164102,0.019612098408280862,True
project-plus-gift-size,SCHOOL_STATE=NV x gift_decile=3,4116,0.13508260447035958,0.1396982720976946,0.0019083969465648854,-0.4615667627335007,-0.0005810916563132994,0.3867737766428686,-1.5068454333735029,0.5837119079065013,0.44892750567179607,False
project-only,SCHOOL_STATE=UT x CATEGORY=Supplies,5684,0.1442646023926812,0.13967737436660313,0.0026354053071610322,0.4587228026078083,0.0006784089440114626,0.325589162079866,-0.4558883149269931,1.3733339201426098,0.3886163369867333,False
project-plus-gift-size,CATEGORY=Other x gift_decile=2,15636,0.13513686364799182,0.13972270949976368,0.007249682861148822,-0.45858458517718526,-0.001122249777996945,0.09470613445668416,-0.9964561936884769,0.07928702333410645,0.12640818791261751,False
project-only,SUBJECT_CATEGORY=Team Sports x GRADE_LEVEL=Grades 3-5,3653,0.1442649876813578,0.13968170074184988,0.0016937254727408958,0.4583286939507908,0.0005436520269438539,0.4308376178191421,-0.682025277999908,1.5986826659014894,0.49417309339691073,False
project-plus-gift-size,SCHOOL_STATE=MA x gift_decile=5,11407,0.14420969580082404,0.13966542943268245,0.005288893092678729,0.4544266368141592,0.0009507913288730583,0.16820510866178706,-0.19193041642958678,1.1007836900579053,0.2138946250990934,False
project-plus-gift-size,SUBJECT_CATEGORY=College & Career Prep x gift_decile=5,3470,0.1351585014409222,0.13969676507931494,0.001608876920451932,-0.4538263638392742,-0.0005246770186182495,0.4346395997088719,-1.5923466109597728,0.6846938832812243,0.49673097109585357,False
project-only,SCHOOL_STATE=MO x CATEGORY=Supplies,12899,0.14419722459105358,0.13966234196330493,0.00598066380314394,0.45348826277486487,0.0010086226497860661,0.14377534368609438,-0.1545231757568142,1.061499701306544,0.18544085144818703,False
project-only,SUBJECT_CATEGORY=Special Needs x CATEGORY=Books,9459,0.13521513902103816,0.13970917304087643,0.004385696481427904,-0.4494034019838278,-0.0008566270020377792,0.2022041824452424,-1.1400901614834362,0.24128335751578073,0.25305553129780833,False
project-only,SUBJECT_CATEGORY=Social Sciences x CATEGORY=Supplies,5280,0.14412878787878788,0.139678569038217,0.0024480893775176375,0.44502188405708965,0.000634385589950519,0.35778041188162824,-0.5034778176183821,1.3935215857325614,0.42026928057494195,False
project-plus-gift-size,SCHOOL_STATE=LA x gift_decile=2,2218,0.13525698827772767,0.13969402654641352,0.0010283829998738864,-0.44370382686858556,-0.0004102397583303919,0.5414046577462026,-1.8677637190118037,0.9803560652746327,0.6002942871852632,False
project-only,SUBJECT_CATEGORY=Character Education x GRADE_LEVEL=Grades 9-12,2390,0.14393305439330545,0.13968475589887458,0.0011081313659596882,0.4248298494430869,0.0004077185215458488,0.5542855511045834,-0.9832460769042196,1.8329057757903933,0.6116740059711044,False
project-only,SUBJECT_CATEGORY=Mathematics x CATEGORY=Supplies,117338,0.14370451175237348,0.13945846077807406,0.05440414988241753,0.424605097429942,0.0027780787397655984,5.4690593414421924e-05,0.21833390806794048,0.6308762867919435,0.00011540719545213573,True
project-plus-gift-size,CATEGORY=Supplies x gift_decile=2,50093,0.1355478809414489,0.1397879423228181,0.023225784315907386,-0.42400613813692034,-0.0018422348163053368,0.006160666091741137,-0.7274088833394503,-0.12060339293439035,0.010152649204642499,True
project-plus-gift-size,SCHOOL_STATE=RI x gift_decile=2,535,0.14392523364485982,0.13968841260911888,0.0002480545107901394,0.42368210357409397,0.0001924643810652229,0.7801284726600827,-2.551106054783053,3.3984702619312412,0.8203680444611852,False
project-only,SUBJECT_CATEGORY=Early Development x CATEGORY=Other,10759,0.14387954270843015,0.13966845679803358,0.004988445759983383,0.4211085910396567,0.0008558178589972471,0.21441374750780906,-0.24369978726540875,1.0859169693447221,0.2670137702954391,False
project-only,SCHOOL_STATE=IL x CATEGORY=Visitors,563,0.1438721136767318,0.13968837146099589,0.000261036802943642,0.41837422157359194,0.00019496185647985007,0.7773167933062378,-2.4810704052555197,3.3178188484027036,0.8187736889492372,False
project-only,SUBJECT_CATEGORY=Mathematics x GRADE_LEVEL=Grades 3-5,109844,0.13571974800626344,0.13990248859272866,0.05092953211819079,-0.4182740586465228,-0.0026526842438214272,8.127287677961361e-05,-0.6263169894351861,-0.2102311278578594,0.00016951966377793995,True
project-plus-gift-size,SCHOOL_STATE=NE x gift_decile=5,848,0.14386792452830188,0.1396878200466062,0.00039317799093465083,0.41801044816956734,0.00023904898094961194,0.7287594056844909,-1.944609339780518,2.7806302361196527,0.77848660153921,False
individual,SUBJECT_CATEGORY=Applied Sciences,108325,0.14362335564274176,0.13948143458082393,0.05022524276886327,0.4141921061917825,0.0026095384826619185,0.00015035230710402241,0.20002000501794778,0.6283642073656173,0.00030553909353614846,True
project-only,SCHOOL_STATE=MI x CATEGORY=Books,9345,0.1355805243445693,0.1397073444228218,0.0043328400062315,-0.4126820078252491,-0.0007818969282774626,0.2449407317882879,-1.1083375692516928,0.28297355360119475,0.30175934208615585,False
project-plus-gift-size,CATEGORY=Visitors x gift_decile=5,1739,0.1437607820586544,0.13968617824685794,0.0008062930733907522,0.40746038117964456,0.00033361629190921795,0.628305944801544,-1.242201934427274,2.057122696786563,0.6854373057224794,False
individual,SUBJECT_CATEGORY=Social Sciences,24705,0.1436956081764825,0.1396430432455833,0.011454554559010082,0.40525649308991996,0.0012439644192296844,0.07096650152100474,-0.034631835024115376,0.8451448212039553,0.09655722058401506,False
project-plus-gift-size,SUBJECT_CATEGORY=Gym & Fitness x gift_decile=4,870,0.14367816091954022,0.13968785396820096,0.00040337836334097436,0.39903069513392564,0.00023113491187091913,0.7372631269673439,-1.93225720512488,2.730318595392731,0.7844281081538069,False
individual,OPTIONAL_SUBJECT_CATEGORY=Literature & Writing,221021,0.1432624049298483,0.13928151328442584,0.10247711407354654,0.3980891645422452,0.003482628262049523,4.0419884081838646e-07,0.24410072041266942,0.552077608671821,1.0363231943092098e-06,True
project-only,SCHOOL_STATE=OH x CATEGORY=Other,3905,0.1357234314980794,0.13969665735974943,0.0018105661021224192,-0.3973225861670038,-0.00048724510491297124,0.4689037516987098,-1.472555381467589,0.6779102091335812,0.5310881202035566,False
project-only,SCHOOL_STATE=NJ x CATEGORY=Books,6719,0.14362256288138117,0.1396771725505973,0.003115286463549433,0.39453903307838656,0.0006342376107263943,0.35718689314395213,-0.44532633637871294,1.2344044025354861,0.42021815687539443,False
project-plus-gift-size,SCHOOL_STATE=FL x gift_decile=4,5208,0.1436251920122888,0.13967993693924827,0.0024147063405514876,0.39452550730405267,0.000558563845658397,0.41744122815618245,-0.559106376373997,1.3481573909821023,0.4818682304926161,False
project-plus-gift-size,SCHOOL_STATE=TN x gift_decile=5,8899,0.14361164175750085,0.13967321341691943,0.004126050638357851,0.3938428340581418,0.0007282541447805319,0.29038816794335964,-0.33627493551282756,1.1239606036291112,0.35023916438970093,False
project-plus-gift-size,SCHOOL_STATE=NC x gift_decile=3,24991,0.14357168580689048,0.13964395229743226,0.011587159400292287,0.39277335094582144,0.0012125237340745148,0.07829237420022804,-0.04446410122441562,0.8300108031160585,0.10606812539023391,False
individual,OPTIONAL_SUBJECT_CATEGORY=Civics & Government,14284,0.1358162979557547,0.13971528588098017,0.006622823611451123,-0.3898987925225472,-0.0009122652404431288,0.1752376492567409,-0.9536502137998412,0.17385262875474675,0.22216688932850603,False
project-plus-gift-size,SUBJECT_CATEGORY=Environmental Science x gift_decile=2,5646,0.13584838823946158,0.1396995450780006,0.0026177864820955644,-0.38511568385390105,-0.0005676487421588962,0.39897965962490556,-1.2800487430071454,0.5098173752993432,0.4618226096757148,False
individual,SUBJECT_CATEGORY=Literacy,612757,0.14243166540733113,0.13860120321730124,0.2841067997537074,0.38304621900298874,0.004983181056335552,3.2782215951711224e-13,0.27995302327044047,0.48613941473553707,1.1941418144946106e-12,True
individual,OPTIONAL_SUBJECT_CATEGORY=Extracurricular,17437,0.14348798531857546,0.13965850327226018,0.008084722438593758,0.382948204631528,0.000989237198727401,0.15079212247510984,-0.13946985162924963,0.9053662608923057,0.19311169484147805,False
individual,SCHOOL_STATE=UT,19912,0.14348131779831258,0.13965412996192567,0.00923226433430515,0.3827187836386914,0.001055869815931603,0.12513703406273036,-0.10642218601493092,0.8718597532923138,0.16323344794147696,False
project-only,SUBJECT_CATEGORY=Health & Life Science x CATEGORY=Supplies,36032,0.14342806394316163,0.13962594400476813,0.016706355388393088,0.38021199383934945,0.0014057200551221849,0.04113409358772921,0.015299482996543323,0.7451245046821555,0.05888277949591135,False
project-only,SCHOOL_STATE=VT x CATEGORY=Technology,883,0.13590033975084936,0.13969101549653717,0.00040940585612652915,-0.37906757456878104,-0.0002212051819106745,0.7424315973992949,-2.6398507180405497,1.8817155689029876,0.7882952452896218,False
project-only,SCHOOL_STATE=AZ x CATEGORY=Technology,13471,0.14341919679311113,0.1396660217149805,0.006245873485708351,0.37531750781306383,0.0008529536700374264,0.21533619634236167,-0.2183930674516164,0.969028083077744,0.2678985749771114,False
individual,GRADE_LEVEL=Grades 6-8,378070,0.1366492977490941,0.14033565823398253,0.17529339980266917,-0.36863604848884346,-0.004043159493782534,2.2169177715693114e-09,-0.4894385142683542,-0.2478335827093327,6.640246595411397e-09,True
individual,SUBJECT_CATEGORY=Gym & Fitness,21335,0.13606749472697446,0.1397256502028379,0.009892042967677801,-0.3658155475863428,-0.0010443281539476857,0.12101086596045345,-0.8282327459374638,0.09660165076477824,0.15834134013873,False
project-only,SCHOOL_STATE=MA x CATEGORY=Technology,19790,0.1360788276907529,0.13972290048544825,0.009175698632779176,-0.36440727946953355,-0.0010022948379551971,0.13672534737807365,-0.8443748672950488,0.11556030835598177,0.17707053185029212,False
individual,SUBJECT_CATEGORY=History & Geography,50553,0.13613435404427038,0.1397747920337323,0.02343906482985779,-0.36404379894619254,-0.0015887808842831323,0.018370480836841847,-0.666633369433451,-0.061454228458934126,0.0280438258185605,True
project-only,SCHOOL_STATE=MI x CATEGORY=Other,5196,0.13606620477290224,0.13969821359851423,0.0024091425010571293,-0.36320088256119876,-0.0005136235453478814,0.44566655363313734,-1.2966106539375315,0.570208888815134,0.5065850034103287,False
project-plus-gift-size,SCHOOL_STATE=NY x gift_decile=3,38822,0.13615990932976146,0.13975415989522003,0.017999948070831388,-0.3594250565458562,-0.0013784476758615621,0.04077043702442043,-0.7037663733138896,-0.015083739777822878,0.05842838140461159,False
project-only,SUBJECT_CATEGORY=College & Career Prep x CATEGORY=Supplies,4551,0.14326521643594814,0.1396819024705968,0.0021100861282353726,0.35833139653513313,0.00047431496170055723,0.4906471500118781,-0.6606008927346428,1.3772636858049092,0.5522511109661745,False
project-plus-gift-size,SUBJECT_CATEGORY=Environmental Science x gift_decile=3,19460,0.13617677286742036,0.1397214460699454,0.009022693046684323,-0.35446732025250505,-0.0009668669216410076,0.15126744766433853,-0.8385945413395133,0.1296599008345031,0.19352434599972057,False
project-only,SUBJECT_CATEGORY=Foreign Languages x GRADE_LEVEL=Grades 6-8,3195,0.13615023474178403,0.1396947142653496,0.0014813722653728885,-0.3544479523565569,-0.0003932359516188564,0.5593851142635862,-1.5445326789642841,0.8356367742511703,0.6159083488058997,False
project-only,SUBJECT_CATEGORY=Extracurricular x GRADE_LEVEL=Grades PreK-2,775,0.1432258064516129,0.1396881923962284,0.00035933130067730473,0.3537614055384497,0.00019340624267202044,0.7786435297663701,-2.112990517581804,2.8205133286587034,0.8194882777890856,False
project-only,SUBJECT_CATEGORY=Music x CATEGORY=Other,18032,0.143189884649512,0.13965995122389133,0.008360596146855689,0.35299334256206627,0.0009271555013655342,0.1777437841024212,-0.16036217337503386,0.8663488584991663,0.224893036141602,False
project-only,SCHOOL_STATE=TX x CATEGORY=Other,11677,0.1431874625331849,0.1396704220348915,0.00541407948130179,0.35170404982934056,0.0007444771807137902,0.27917982928896956,-0.28529753018718157,0.9887056298458627,0.33931086944351685,False
project-only,SUBJECT_CATEGORY=Mathematics x GRADE_LEVEL=Grades PreK-2,112268,0.14299711404852675,0.13950783461709276,0.05205342769605116,0.34892794314339837,0.002235851222108121,0.0011404948457198734,0.13871478805550586,0.5591410982312909,0.0020922866255296373,True
project-only,SUBJECT_CATEGORY=Special Needs x CATEGORY=Trips,1460,0.14315068493150684,0.13968711896680036,0.0006769338051469224,0.3463565964706483,0.0002598603834021826,0.7056147638221235,-1.450745094720251,2.1434582876615473,0.7564860572274505,False
individual,OPTIONAL_SUBJECT_CATEGORY=College & Career Prep,35227,0.13628750674198767,0.1397459507333529,0.016333114488979887,-0.34584439913652454,-0.0012645320172652752,0.06064239867676415,-0.7071562996660303,0.015467501392981255,0.08377621371943021,False
individual,SCHOOL_STATE=VA,42449,0.14299512356003674,0.13962309662376113,0.01968161855800117,0.3372026936275613,0.0013511251179364311,0.0493734511964216,0.0009183507744377206,0.6734870364806849,0.0689548059976792,False
project-only,SUBJECT_CATEGORY=Visual Arts x CATEGORY=Technology,26634,0.13636704963580387,0.13973100485881276,0.012348941757728172,-0.3363955223008891,-0.0010716609318727835,0.11191876168627495,-0.7511688973776662,0.07837785277588806,0.14690063839195383,False
project-only,SUBJECT_CATEGORY=Literature & Writing x CATEGORY=Other,17594,0.13635330226213482,0.13971690219195115,0.008157516005311612,-0.336359992981633,-0.0008727607556531613,0.19542238133594314,-0.8455618015628521,0.1728418155995862,0.2460297709249324,False
project-only,SCHOOL_STATE=IA x CATEGORY=Books,1870,0.13636363636363635,0.13969234967149502,0.0008670316545374966,-0.3328713307858666,-0.00028261555929510914,0.6750213216147856,-1.8889882430293616,1.2232455814576284,0.7286310422895721,False
project-only,SUBJECT_CATEGORY=Literature & Writing x CATEGORY=Books,77335,0.14289778237537984,0.13957014574533927,0.03585662727468305,0.332763663004057,0.0017847688567959451,0.009396730593772124,0.08164763856713408,0.58387968744098,0.015015761656798944,True
project-plus-gift-size,SCHOOL_STATE=WI x gift_decile=2,2236,0.13640429338103757,0.1396928729366902,0.0010367287591154237,-0.3288579555652621,-0.0003052855443056782,0.6506636397801069,-1.752232577087099,1.0945166659565746,0.7071701123663414,False
project-only,SCHOOL_STATE=NM x CATEGORY=Technology,2441,0.14297419090536664,0.1396857417783519,0.0011317776838107108,0.3288449127014731,0.00031894540043126297,0.6427318672203727,-1.0605929392964877,1.7182827646994339,0.6991506713997857,False
project-only,SCHOOL_STATE=NJ x CATEGORY=Other,3812,0.13641133263378805,0.13969526775081142,0.0017674463460411428,-0.3283935117023379,-0.00039790015281127554,0.5550554468740956,-1.4189551048689266,0.7621680814642509,0.6116740059711044,False
individual,OPTIONAL_SUBJECT_CATEGORY=History & Geography,52201,0.1428899829505182,0.139610079526443,0.024203165453749658,0.32799034240751923,0.001454010014681956,0.03436704788238197,0.02414322308196869,0.6318374617330698,0.04987364928051758,True
project-only,SCHOOL_STATE=HI x CATEGORY=Books,1364,0.1429618768328446,0.13968739271232522,0.0006324230891920563,0.32744841205193664,0.0002374651756567547,0.7298039535030365,-1.5307574110670616,2.1856542351709347,0.77848660153921,False
project-plus-gift-size,SUBJECT_CATEGORY=Health & Wellness x gift_decile=5,7080,0.13644067796610168,0.13970016337132926,0.0032826653016713773,-0.325948540522758,-0.000537822420700864,0.425066153818607,-1.1268622599852787,0.4749651789397626,0.4884396531151993,False
individual,SCHOOL_STATE=TX,114475,0.14276479580694476,0.13951708580826896,0.05307671050972188,0.3247709998675796,0.002100279992570962,0.0022275910406928156,0.11661722974994995,0.5329247699852093,0.003916098853179025,True
project-only,SUBJECT_CATEGORY=Extracurricular x CATEGORY=Other,1070,0.13644859813084112,0.13969107219232235,0.0004961090215802788,-0.3242474061481232,-0.0002082801451840604,0.7573911287712929,-2.3815715349888773,1.7330767226926307,0.8024663761667344,False
individual,SCHOOL_STATE=ID,7102,0.14291748803154042,0.13967879900375962,0.003292865674077701,0.32386890277807945,0.0005352178574166164,0.43622749885208034,-0.491440394194265,1.139178199750424,0.49764581096482813,False
project-only,SCHOOL_STATE=TX x CATEGORY=Technology,38617,0.13652018541057048,0.1397472437253531,0.017904899146136098,-0.32270583147826215,-0.0012344118424949314,0.0672372017513198,-0.668320032679819,0.022908369723294644,0.09187872758234401,False
individual,SCHOOL_STATE=MA,51091,0.1427844434440508,0.13961436923616122,0.023688510300521517,0.31700742078895894,0.0013906667087544451,0.042953141362696574,0.010049027083720592,0.6239658144941973,0.061071733051123143,False
project-only,SUBJECT_CATEGORY=Civics & Government x GRADE_LEVEL=Grades PreK-2,588,0.14285714285714285,0.1396885997376862,0.0002726281352235551,0.31685431194566627,0.00015089550536872927,0.8262298454999912,-2.511951287195734,3.145659911087066,0.8588441815065698,False
project-only,SCHOOL_STATE=NH x CATEGORY=Other,747,0.13654618473895583,0.13969055262038638,0.0003463490085238021,-0.31443678814305487,-0.0001687740446602679,0.8024013497557578,-2.7772517612455148,2.148378184959405,0.8395987633205944,False
project-only,SUBJECT_CATEGORY=Foreign Languages x CATEGORY=Books,4269,0.13656594050128837,0.13969565833455283,0.0019793359001179533,-0.31297178332644615,-0.0004012594341711482,0.5519103030924031,-1.3441109216943328,0.7181673550414405,0.6098029922279699,False
project-plus-gift-size,SCHOOL_STATE=MA x gift_decile=2,3565,0.13660589060308556,0.13969456892215795,0.0016529239831156017,-0.3088678319072391,-0.00036193488923230287,0.5915896150406444,-1.4371860113251345,0.8194503475106563,0.6479803062490248,False
project-plus-gift-size,GRADE_LEVEL=Grades PreK-2 x gift_decile=2,52959,0.1366906474820144,0.1397649519327891,0.024554614648476622,-0.3074304450774695,-0.0013724782435840391,0.0419921302294152,-0.6037346472428762,-0.011126242912062921,0.05983996912060971,False
individual,OPTIONAL_SUBJECT_CATEGORY=ESL,76140,0.1367349619122669,0.13979758190252634,0.0353025615917032,-0.30626199902594464,-0.0016303556000622189,0.015729861687704207,-0.5548097193282864,-0.05771427872360295,0.024306289942858335,True
project-only,SUBJECT_CATEGORY=Early Development x CATEGORY=Technology,7309,0.14270077986044602,0.1396792239965573,0.003388841905355381,0.30215558638887197,0.0005065352918867406,0.46092764569682176,-0.501057105226402,1.1053682780041458,0.5234614053555999,False
project-only,SCHOOL_STATE=NM x CATEGORY=Other,746,0.13672922252010725,0.13969048782999186,0.0003458853552326056,-0.29612653098846087,-0.00015883962003213732,0.8139152808858643,-2.7619803901512814,2.1697273281743596,0.8495366763333877,False
project-plus-gift-size,SCHOOL_STATE=UT x gift_decile=5,3642,0.13673805601317957,0.13969445582316448,0.0016886252865377339,-0.2956399809984911,-0.000350149389844925,0.603863946367936,-1.4124408274375322,0.8211608654405501,0.6597096181582291,False
project-only,SUBJECT_CATEGORY=Environmental Science x GRADE_LEVEL=Grades 6-8,19622,0.1367852410559576,0.13971612821115104,0.00909780487985816,-0.29308871551934346,-0.0008027371389810984,0.2343429807274131,-0.7761292375387285,0.1899518065000416,0.2892671168354006,False
project-only,SCHOOL_STATE=PA x CATEGORY=Technology,20819,0.1368461501513041,0.1397171770136683,0.009652797869420396,-0.2871026862364179,-0.000809744777639656,0.23037284338007513,-0.7562720565822695,0.18206668410943377,0.2846444516445894,False
project-only,SUBJECT_CATEGORY=ESL x GRADE_LEVEL=Grades PreK-2,10988,0.14251911175828177,0.1396749737626503,0.005094622363667386,0.2844137995631463,0.0005841012108136353,0.3949423905623658,-0.3708801424564224,0.9397077415827151,0.45756845249388667,False
project-only,SCHOOL_STATE=DC x CATEGORY=Technology,5894,0.14251781472684086,0.13968171315130015,0.002732772498312302,0.2836101575540706,0.00042709043806388587,0.5339371676520329,-0.610070743583844,1.1772910586919851,0.5939590691456806,False
project-only,CATEGORY=Books x GRADE_LEVEL=Grades 9-12,65451,0.13697269713220578,0.1397744883287358,0.030346571562103575,-0.28017911965300124,-0.0013864027334085105,0.040131736832468054,-0.5477456970135337,-0.01261254229246874,0.057578337521270846,False
individual,SCHOOL_STATE=VT,2646,0.14247921390778534,0.13968603682772412,0.0012268266085059978,0.27931770800612155,0.0002820421728421278,0.6812173356968529,-1.0533486310573303,1.6119840470695737,0.7340653983979729,False
individual,SCHOOL_STATE=CO,31107,0.13694666795255087,0.13972960143991772,0.014422862929250217,-0.27829334873668565,-0.0009571156758867929,0.15642620461842197,-0.6631771043536562,0.10659040688028483,0.19951838813086314,False
project-plus-gift-size,SCHOOL_STATE=OR x gift_decile=2,2078,0.1424446583253128,0.13968680645990683,0.0009634715391063732,0.27578518654059747,0.0002468150387030619,0.7191995777222016,-1.2276800376362402,1.7792504107174354,0.7703968357973413,False
project-only,SCHOOL_STATE=MA x CATEGORY=Other,4564,0.14241893076248904,0.1396836754606871,0.0021161136210209276,0.27352553018019365,0.0003625750529079561,0.5973620242059601,-0.7414540709726284,1.2885051313330156,0.6537364490011546,False
project-plus-gift-size,SCHOOL_STATE=NC x gift_decile=2,6946,0.1423841059602649,0.13968075734078567,0.0032205357606510435,0.270334861947924,0.0004418310301605084,0.5197513160454994,-0.5527700479331186,1.0934397718289666,0.5808714973311329,False
project-only,SUBJECT_CATEGORY=Music x CATEGORY=Visitors,708,0.1370056497175141,0.13969034486724957,0.00032826653016713775,-0.2684695149735461,-0.0001402902667201755,0.8354522263805544,-2.8017607567465532,2.264821726799461,0.8655832902828039,False
project-only,SUBJECT_CATEGORY=Literacy x GRADE_LEVEL=Grades 6-8,65401,0.13709270500451062,0.1397706685002221,0.03032338889754375,-0.26779634957114773,-0.0013246389929394684,0.04996560757626435,-0.5355574123287595,-3.5286813535907735e-05,0.06963233514487115,False
individual,SCHOOL_STATE=KY,14858,0.14234755687171893,0.13967102504941814,0.006888960600597928,0.2676531822300793,0.0006386144200166353,0.3520812279692197,-0.2960936504578193,0.8314000149179778,0.4155281719449988,False
project-only,SCHOOL_STATE=MI x CATEGORY=Technology,16809,0.1423047177107502,0.1396689213659038,0.007793548171722342,0.2635796344846397,0.0006686071877471001,0.32986173172009803,-0.2666134099695355,0.793772678938815,0.3929738255364787,False
project-only,SCHOOL_STATE=VA x CATEGORY=Books,8631,0.14227783570849264,0.13967906382832135,0.0040017915563171835,0.25987718801712967,0.0004732768083157247,0.4903437917379191,-0.4785792617109655,0.9983336377452249,0.5522511109661745,False
project-only,SUBJECT_CATEGORY=Literature & Writing x GRADE_LEVEL=Grades 6-8,53421,0.13715580015349768,0.1397538132980375,0.024768822469009414,-0.2598013144539807,-0.0011647651472648575,0.08481161961847543,-0.5552655496229953,0.035662920715034005,0.11416601405511496,False
project-plus-gift-size,SUBJECT_CATEGORY=Social Sciences x gift_decile=3,5784,0.13710235131396958,0.13969642026964202,0.0026817706362806844,-0.2594068955672435,-0.00038699001968217823,0.5667817273839002,-1.1470459030574758,0.6282321119229889,0.6235092283840294,False
project-only,SCHOOL_STATE=LA x CATEGORY=Books,7023,0.14224690303289192,0.1396811087372038,0.0032562370640731755,0.2565794295688123,0.0004216597632781657,0.5388277978351119,-0.5616872253380377,1.0748460844756624,0.5980999364655899,False
project-only,SCHOOL_STATE=UT x CATEGORY=Technology,8400,0.13714285714285715,0.1396994205877534,0.0038946876460507866,-0.25565634448962427,-0.00045934191194285857,0.4966326656735498,-0.9927676269593656,0.48145493798011707,0.5579943905878818,False
project-plus-gift-size,SCHOOL_STATE=AZ x gift_decile=3,15631,0.14221738852280724,0.13967100903111548,0.007247364594692839,0.2546379491691758,0.0006230519526817334,0.36375692421461636,-0.2948821017073864,0.804158000045738,0.4257303261178473,False
project-plus-gift-size,SCHOOL_STATE=TX x gift_decile=5,23491,0.13720148141841557,0.1397168602718895,0.010891679463497504,-0.2515378853473943,-0.0007531184954045174,0.2651466298855024,-0.6939773140355637,0.19090154334077516,0.3238119228746619,False
project-only,SUBJECT_CATEGORY=Social Sciences x CATEGORY=Trips,1646,0.1421628189550425,0.1396875745311901,0.0007631733173094756,0.2475244423852413,0.00019717618055083025,0.7737617620752683,-1.4401939014523177,1.9352427862228003,0.8157088133971135,False
project-only,SUBJECT_CATEGORY=Special Needs x CATEGORY=Other,24387,0.1372452536187313,0.13971741659737844,0.011307112812409587,-0.24721629786471355,-0.0007540049903255096,0.26464940745959564,-0.6816020624585335,0.18716946672910637,0.32351726405118847,False
project-plus-gift-size,SUBJECT_CATEGORY=ESL x gift_decile=2,1731,0.14211438474870017,0.13968751580587577,0.0008025838470611799,0.24268689428244006,0.00019824750795599267,0.7725348060056088,-1.4028707760375685,1.8882445646024486,0.8156854079703382,False
project-only,SUBJECT_CATEGORY=ESL x GRADE_LEVEL=Grades 9-12,3431,0.13727776158554358,0.1396933062066461,0.0015907944420952677,-0.24155446211025222,-0.000277694283406719,0.6812132334622305,-1.3940310432541763,0.9109221190336717,0.7340653983979729,False
individual,OPTIONAL_SUBJECT_SUBCATEGORY=Literacy & Language,518731,0.14149530296049398,0.1391175987590145,0.24051133539566316,0.23777042014794803,0.002931411602837146,1.7925742340839304e-05,0.1291203478151713,0.34642049248072476,3.933704569239736e-05,True
project-only,SUBJECT_CATEGORY=Health & Life Science x CATEGORY=Trips,2439,0.13735137351373514,0.13969211059509967,0.0011308503772283177,-0.23407370813645356,-0.00022693425859799545,0.7371411062819598,-1.6009614514843902,1.132814035211483,0.7844281081538069,False
project-only,SUBJECT_CATEGORY=Literacy x GRADE_LEVEL=Grades 3-5,188650,0.14181818181818182,0.13948542121623833,0.08746819338422392,0.23327606019434843,0.0019011212219457402,0.005502213664769602,0.06857459158545323,0.3979775288032436,0.00913902506211403,True
project-only,CATEGORY=Visitors x GRADE_LEVEL=Grades 6-8,1690,0.14201183431952663,0.13968764239518092,0.0007835740621221225,0.23241919243457143,0.0001875997910213583,0.7843782615046805,-1.4324630558666833,1.8973014407358262,0.8241513903091573,False
individual,OPTIONAL_SUBJECT_CATEGORY=Mathematics,205098,0.13761713912373597,0.13990723917679382,0.09509436271782432,-0.2290100053057853,-0.0019378673433793426,0.004210366508886647,-0.38584671544207894,-0.07217329516949163,0.0070958710229769625,True
project-only,SUBJECT_CATEGORY=Literacy x GRADE_LEVEL=Grades 9-12,34450,0.13747460087082727,0.13972541550952866,0.01597285588172019,-0.22508146387013872,-0.0008140013237249652,0.2288396669300221,-0.5916900923034644,0.14152716456318692,0.2833039559251204,False
project-only,SCHOOL_STATE=CA x CATEGORY=Visitors,1557,0.13744380218368657,0.13969108590417623,0.0007219081743929851,-0.22472837204896567,-0.0001741135709875961,0.7968341220148042,-1.935637764611509,1.4861810205135777,0.8351561610503421,False
individual,OPTIONAL_SUBJECT_SUBCATEGORY=Special Needs,89942,0.14182473149362923,0.13959654390611378,0.0417019043167976,0.22281875875154455,0.0012849036451588554,0.060711243486549105,-0.010027525372446021,0.4556650428755351,0.08377621371943021,False
individual,OPTIONAL_SUBJECT_CATEGORY=Special Needs,89942,0.14182473149362923,0.13959654390611378,0.0417019043167976,0.22281875875154455,0.0012849036451588554,0.060711243486549105,-0.010027525372446021,0.4556650428755351,0.08377621371943021,False
project-only,SCHOOL_STATE=CO x CATEGORY=Technology,10124,0.13749506124061636,0.13969981273233767,0.004694025920073591,-0.22047514917213074,-0.00043471161731563953,0.5204498241257546,-0.892893781754338,0.4519434834100765,0.5811383195185104,False
project-plus-gift-size,SUBJECT_CATEGORY=Gym & Fitness x gift_decile=3,5133,0.13754139879212937,0.1396945880163651,0.0023799323437117487,-0.2153189224235741,-0.00030264788681885334,0.6546146749988566,-1.1586854834724978,0.7280476386253496,0.7096337471685719,False
individual,OPTIONAL_SUBJECT_CATEGORY=Character Education,34238,0.13759565395174952,0.13972323803583056,0.01587456138398653,-0.21275840840810356,-0.0007671024739267923,0.2569581768590641,-0.5806155028272234,0.15509868601101626,0.31502922943730066,False
project-plus-gift-size,SCHOOL_STATE=RI x gift_decile=5,1446,0.1376210235131397,0.13969085127251504,0.0006704426590701711,-0.20698277593753367,-0.00015454677532772057,0.8193421109470755,-1.9832604833978251,1.5692949315227578,0.8531922999029309,False
project-only,SUBJECT_CATEGORY=Economics x CATEGORY=Technology,1322,0.13767019667170954,0.13969070203974832,0.0006129496509618024,-0.2020505368038772,-0.0001442546504647973,0.8312103656780871,-2.0599909713006226,1.6558898976928682,0.862188470721791,False
project-only,SCHOOL_STATE=AZ x CATEGORY=Other,4453,0.14170222322030093,0.1396852993336062,0.0020646481056981135,0.20169238866947214,0.0002640914180944479,0.6998402472369698,-0.8236773658946341,1.2270621432335784,0.7509321498366128,False
project-plus-gift-size,SCHOOL_STATE=NM x gift_decile=3,2005,0.14164588528678304,0.13968764314112955,0.0009296248488490271,0.19582421456534882,0.00017215072266836234,0.8015391179710453,-1.3311571392245747,1.722805568355272,0.8393914209738204,False
project-only,SCHOOL_STATE=KS x CATEGORY=Technology,3405,0.13773861967694567,0.1396925483159258,0.0015787394565241581,-0.19539286389801402,-0.00022377491173765588,0.7409639488249733,-1.3538821161357815,0.9630963883397535,0.7877026335700305,False
project-only,SUBJECT_CATEGORY=Health & Wellness x CATEGORY=Supplies,22095,0.13776872595609865,0.1397093440777556,0.01024441946898716,-0.19406181216569396,-0.0005636873553056544,0.4050690658411188,-0.650895951857009,0.262772327525621,0.46844217678241007,False
project-only,SCHOOL_STATE=MS x CATEGORY=Other,1490,0.14161073825503356,0.13968813535415586,0.0006908434038828182,0.19226029008777012,0.00014572024361383186,0.8314934697862841,-1.5786702599015652,1.9631908400771054,0.862188470721791,False
project-plus-gift-size,SCHOOL_STATE=CO x gift_decile=5,6723,0.14160345084039863,0.13968347874781228,0.003117141076714219,0.19199720925863473,0.00030873492701761015,0.6521027154925021,-0.6426936685844088,1.0266880871016781,0.7075360777604195,False
individual,SUBJECT_SUBCATEGORY=History & Civics,87432,0.13785570500503247,0.1397669415353212,0.040538134555894334,-0.19112365302887402,-0.0010873033620625008,0.10842559281700564,-0.42447568646408385,0.04222838040633583,0.14276036387572408,False
project-plus-gift-size,SCHOOL_STATE=LA x gift_decile=5,6787,0.14159422425224694,0.13968345072109403,0.0031468148873507965,0.1910773531152904,0.00030871019308579265,0.6521198817965892,-0.6396584158447571,1.021813122075338,0.7075360777604195,False
individual,GRADE_LEVEL=Grades 3-5,667112,0.14100780678506758,0.13909907684376158,0.30930867439669435,0.19087299413060033,0.002544913884436834,0.00019197550779425916,0.09055759827111877,0.2911883899900819,0.00038578226049593574,True
project-plus-gift-size,CATEGORY=Trips x gift_decile=7,9804,0.13780089759281924,0.13969808754622773,0.004545656866890704,-0.18971899534084846,-0.0003681377622346129,0.5866284475462278,-0.8736069288599679,0.49416893817827107,0.6431035192527597,False
project-only,SCHOOL_STATE=MD x CATEGORY=Other,4146,0.14158224794983115,0.13968581805208308,0.0019223065453007812,0.18964298977480754,0.00023961877566941404,0.726389191124905,-0.8725619412866534,1.2518479208362685,0.7767816730811167,False
project-only,SCHOOL_STATE=CO x CATEGORY=Supplies,9999,0.13781378137813782,0.1396981998663117,0.004636069258674025,-0.1884418488173889,-0.0003692613200946296,0.5855017043949972,-0.865685956716522,0.48880225908174435,0.6424254812111775,False
individual,CATEGORY=Visitors,7968,0.14156626506024098,0.13968250422558284,0.003694389424253889,0.18837608346581325,0.00032967342623867044,0.6301800190134048,-0.5784722142501814,0.955224381181808,0.686678917269779,False
individual,OPTIONAL_SUBJECT_SUBCATEGORY=Math & Science,362081,0.14123911500465366,0.1393768216802446,0.16788004732972797,0.186229332440907,0.0020078494691087166,0.003304701066744095,0.06198664806708143,0.3104720168147326,0.005690929357444871,True
project-plus-gift-size,CATEGORY=Books x gift_decile=2,27554,0.13787471873412208,0.13971294787317481,0.012775502785628973,-0.18382291390527383,-0.000595507400135265,0.3792338497421779,-0.5935684994509198,0.22592267164037216,0.4409858197553936,False
project-only,CATEGORY=Other x GRADE_LEVEL=Grades 3-5,66374,0.1414710579443758,0.13963289498232404,0.030774523549877968,0.1838162962051776,0.0009157620561140511,0.18089568195079075,-0.08545075689692008,0.45308334930727523,0.228423718267532,False
individual,OPTIONAL_SUBJECT_CATEGORY=Literacy,212839,0.14123821292150404,0.13951989382415655,0.0986835028449766,0.1718319097347487,0.0014782752629160572,0.03061112039766976,0.016061196224193518,0.3276026232453039,0.04483482755811655,True
individual,SUBJECT_CATEGORY=ESL,26870,0.14134722739114253,0.13966854999779335,0.012458363934450552,0.1678677393349176,0.0005371134284466998,0.4324709540506625,-0.25128283099239934,0.5870183096622346,0.49514790391307734,False
project-only,SUBJECT_CATEGORY=Character Education x GRADE_LEVEL=Grades 6-8,4163,0.14124429497958202,0.13968645664982363,0.001930188651251122,0.1557838329758393,0.00019723922082944237,0.7730942395161908,-0.9031987330819103,1.2147663990335889,0.8156854079703382,False
project-only,SUBJECT_CATEGORY=Financial Literacy x GRADE_LEVEL=Grades 3-5,602,0.14119601328903655,0.13968904294720946,0.0002791192813003064,0.15069703418270908,7.261553813051925e-05,0.9154508063207608,-2.63142480660794,2.9328188749733584,0.9324172596208232,False
individual,SCHOOL_STATE=HI,9025,0.14116343490304709,0.13968326986407692,0.004184470953048613,0.1480165038970166,0.0002756198058014329,0.686941565392716,-0.5718490828037193,0.8678820905977526,0.7396031845454796,False
project-plus-gift-size,CATEGORY=Trips x gift_decile=4,1438,0.1411682892906815,0.13968847693131403,0.000666733432740599,0.14798123593674772,0.00011018652668148851,0.8720075160090212,-1.6523101224701302,1.9482725943436257,0.8953838344723012,False
project-plus-gift-size,SUBJECT_CATEGORY=Civics & Government x gift_decile=5,1541,0.1382219338092148,0.13969051285632292,0.0007144897217338408,-0.14685790471081206,-0.00011319589296121914,0.8673883862871994,-1.8707002259346173,1.5769844165129931,0.8913649758268456,False
project-only,SCHOOL_STATE=WI x CATEGORY=Other,2877,0.1411192214111922,0.1396875538266044,0.0013339305187723945,0.14316675845878202,0.00015073340087436924,0.8255384561741547,-1.1298468902741605,1.4161804071917246,0.8588317766289147,False
project-plus-gift-size,SCHOOL_STATE=TN x gift_decile=4,1989,0.13826043237807945,0.13969078264985765,0.0009222063961898827,-0.1430350271778208,-0.0001252410428350023,0.8534463833599455,-1.6607063752416322,1.3746363208859904,0.8820574231945798,False
project-only,SUBJECT_CATEGORY=Nutrition Education x GRADE_LEVEL=Grades 9-12,694,0.138328530259366,0.13968990162748307,0.00032177538409038645,-0.13613713681170647,-7.04325952930367e-05,0.9172783951139207,-2.705192918963285,2.432918645339872,0.9331278943396905,False
project-only,SUBJECT_CATEGORY=Health & Life Science x CATEGORY=Other,5984,0.1410427807486631,0.13968569834480193,0.002774501294519989,0.13570824038611762,0.00020591402457529093,0.7632686592862615,-0.7474121966995462,1.0188286774717814,0.8073402387764306,False
project-only,SCHOOL_STATE=NJ x CATEGORY=Supplies,12440,0.13834405144694534,0.13969726872180957,0.005767846942484736,-0.13532172748642324,-0.00029560301079085933,0.6629258150618903,-0.743820118362085,0.47317666338923847,0.7174128683546483,False
individual,OPTIONAL_SUBJECT_SUBCATEGORY=History & Civics,115912,0.13843260404444752,0.139760847324085,0.05374298028917129,-0.13282432796374866,-0.0008640395296607101,0.20285125506810675,-0.3372544678635553,0.07160581193605794,0.25361422987743515,False
individual,SCHOOL_STATE=KS,10496,0.1410060975609756,0.13968302483170944,0.004866504944398697,0.1323072729266156,0.00026559722242022813,0.6976198468700046,-0.5351280265991087,0.7997425724523398,0.7491856299436582,False
project-only,CATEGORY=Trips x GRADE_LEVEL=Grades 3-5,13766,0.1384570681388929,0.13969738005000423,0.006382651206611325,-0.12403119111113192,-0.00028492568931760365,0.6744934652619499,-0.7028585303459698,0.45479614812370595,0.7286310422895721,False
project-plus-gift-size,SUBJECT_CATEGORY=Performing Arts x gift_decile=4,1415,0.13851590106007067,0.13969023401561403,0.0006560694070430789,-0.11743329555433668,-8.67389550769611e-05,0.8982789172320824,-1.9179403298162405,1.6830737387075672,0.9193721063816617,False
project-plus-gift-size,SCHOOL_STATE=WA x gift_decile=4,1413,0.1408351026185421,0.13968871252327325,0.0006551421004606859,0.11463900952688455,8.461520771128868e-05,0.9014402659237758,-1.6997067304393825,1.9289847494931516,0.9210143108012128,False
individual,SCHOOL_STATE=MI,51414,0.14079822616407983,0.13966238713385296,0.023838270313577995,0.11358390302268762,0.0004998107594575415,0.4643783175336713,-0.19069068741773798,0.4178584934631132,0.5266036106392845,False
individual,SCHOOL_STATE=OH,36413,0.14077389943152172,0.1396708406217591,0.016883007292338964,0.11030588097626082,0.0004099366306273033,0.548425660302989,-0.24995406719254257,0.4705658291450642,0.6070140408257251,False
project-only,CATEGORY=Supplies x GRADE_LEVEL=Grades 6-8,119701,0.14072564138979624,0.13962857674429563,0.055499762609514905,0.10970646455006061,0.0007245516874718106,0.2886977670933051,-0.09295911349109921,0.3123720425912204,0.348532929900609,False
project-plus-gift-size,SUBJECT_CATEGORY=Literacy x gift_decile=2,40773,0.1386211463468472,0.13971004876628712,0.0189045356419558,-0.108890241943993,-0.0004277777167264414,0.5285507614799929,-0.447541711227081,0.229761227339095,0.5891430004503625,False
project-only,SUBJECT_CATEGORY=Character Education x CATEGORY=Technology,3499,0.13861103172334951,0.13969121597930603,0.0016223228658966314,-0.10801842559565178,-0.0001254020028879302,0.8534144663338102,-1.2538941529163865,1.037857301725083,0.8820574231945798,False
individual,CATEGORY=Other,218648,0.14063700559803885,0.13958256799316457,0.10137686481353719,0.1054437604874281,0.0009180570414526415,0.17866493131661199,-0.048228105002272446,0.2591156259771286,0.22583247318419755,False
project-only,SCHOOL_STATE=CO x CATEGORY=Books,6957,0.14072157539169183,0.13968612358110677,0.003225635946854205,0.10354518105850641,0.0001693661249916636,0.8041588556401822,-0.7149000481291872,0.9219904102462,0.8407417647056992,False
project-only,SUBJECT_CATEGORY=Extracurricular x GRADE_LEVEL=Grades 3-5,2142,0.13865546218487396,0.13969049150624557,0.0009931453497429507,-0.10350293213716166,-9.404459665685294e-05,0.8898103451446413,-1.5677703413231707,1.3607644770488472,0.9121818947792593,False
project-plus-gift-size,SCHOOL_STATE=MO x gift_decile=4,1201,0.14071606994171523,0.13968889158988543,0.0005568476027270232,0.1027178351829805,6.990104007129845e-05,0.9184846475659875,-1.8644661204353579,2.069901790801319,0.9331278943396905,False
project-plus-gift-size,SUBJECT_CATEGORY=Foreign Languages x gift_decile=5,3238,0.13866584311303273,0.13969100265329834,0.0015013093568943389,-0.10251595402656077,-0.00011449614312951122,0.8660582999920242,-1.2938032262593933,1.0887713182062717,0.8907222873799175,False
individual,SUBJECT_SUBCATEGORY=Math & Science,565664,0.13894644170390905,0.13995361757755542,0.26227197531138957,-0.10071758736463765,-0.0012779679214449575,0.060172623837081766,-0.20574747646781283,0.004312301738537542,0.08330580123775615,False
project-only,SCHOOL_STATE=DE x CATEGORY=Supplies,1912,0.14069037656903766,0.1396885754699119,0.0008865050927677505,0.10018010991257598,8.600428467538666e-05,0.8997878467489321,-1.4590513930996818,1.6594116129248337,0.9201713902027914,False
project-only,SCHOOL_STATE=RI x CATEGORY=Technology,2900,0.1406896551724138,0.1396881169088029,0.0013445945444699144,0.10015382636109071,0.00010586724251659096,0.8768105367797109,-1.1661957396865659,1.3665033924087473,0.8995848364363268,False
individual,SCHOOL_STATE=DE,4938,0.1387201296071284,0.13969168797395354,0.0022895199519284266,-0.09715583668251371,-0.00013394729071100335,0.8436017332181003,-1.0623686314416327,0.8680569580766054,0.873310885165994,False
project-only,SCHOOL_STATE=IA x CATEGORY=Supplies,3777,0.1387344453269791,0.13969113895124355,0.0017512184808492644,-0.09566936242644541,-0.00011538596704675538,0.8650550873558398,-1.1990518121642342,1.0077130873113433,0.8904150084835355,False
project-only,SCHOOL_STATE=DE x CATEGORY=Technology,1550,0.1406451612903226,0.13968877625352977,0.0007186626013546095,0.09563850367928228,7.39315374715756e-05,0.9137841688642582,-1.6357483130061468,1.8270253203647113,0.9314703140680826,False
project-plus-gift-size,GRADE_LEVEL=Grades 9-12 x gift_decile=5,56362,0.13876370604307867,0.13971430503013205,0.026132426798418387,-0.09505989870533804,-0.0004374492995088362,0.5194571904380496,-0.38429073455118035,0.19417093714050424,0.5808714973311329,False
project-only,SUBJECT_CATEGORY=Applied Sciences x CATEGORY=Technology,52199,0.13879576237092664,0.1397116296086877,0.024202238147167265,-0.09158672377610477,-0.00040600441095914276,0.5499574258428813,-0.39185904725710186,0.20868559970489234,0.6081768908708679,False
project-plus-gift-size,SCHOOL_STATE=ND x gift_decile=3,569,0.140597539543058,0.13968922394102629,0.00026381872269082117,0.09083156020317229,4.2552280481306104e-05,0.9503055653023307,-2.765733237454272,2.947396357860616,0.9601808429593494,False
project-plus-gift-size,SUBJECT_CATEGORY=Mathematics x gift_decile=4,11118,0.14058283864004317,0.1396848344523332,0.0051548972915229346,0.08980041877099665,0.00018550544332578638,0.7858442270756558,-0.5579790516791012,0.7375798892210945,0.8250058995212866,False
project-plus-gift-size,SCHOOL_STATE=AL x gift_decile=3,4575,0.13879781420765028,0.139691358971178,0.002121213807224089,-0.08935447635277094,-0.0001185872467271789,0.8613749415977026,-1.0922783896757098,0.9135694369701679,0.8887983070853029,False
individual,SCHOOL_STATE=NE,4935,0.13880445795339413,0.13969149322280514,0.002288128992054837,-0.08870352694110017,-0.00012225714906828028,0.8571332791522781,-1.0544545502153229,0.8770474963331224,0.8851441706278427,False
project-plus-gift-size,SCHOOL_STATE=UT x gift_decile=4,605,0.13884297520661157,0.13968970108696913,0.00028051024117389594,-0.08467258803575572,-4.0902215145711145e-05,0.9519787152345653,-2.8404411784115973,2.671096002340086,0.9607543821522619,False
project-only,SUBJECT_CATEGORY=Environmental Science x CATEGORY=Technology,21594,0.14050199129387794,0.13968124616544664,0.010012129170097701,0.0820745128431305,0.00023570946751299621,0.7298448313566964,-0.3837556722252491,0.5479046979115101,0.77848660153921,False
project-only,SUBJECT_CATEGORY=Environmental Science x GRADE_LEVEL=Grades 9-12,11315,0.14043305346884666,0.13968554194910296,0.005246236989888649,0.07475115197436988,0.00015577228555815268,0.8194426044953782,-0.5671090394097724,0.7166113433585122,0.8531922999029309,False
project-plus-gift-size,SCHOOL_STATE=FL x gift_decile=5,21976,0.13896978522024026,0.1396968720372043,0.010189244727334772,-0.07270868169640399,-0.00021063178374210395,0.7565631833540818,-0.5324195281319744,0.3870021647391663,0.8022616306707713,False
project-plus-gift-size,CATEGORY=Technology x gift_decile=4,27463,0.1404070931799148,0.1396802079160446,0.01273331033613009,0.07268852638701861,0.00023509550351001685,0.7304470802416955,-0.3408288729723442,0.48620592574638144,0.77848660153921,False
project-only,SUBJECT_CATEGORY=Music x CATEGORY=Technology,16424,0.1404042864101315,0.13968397839615765,0.007615041654611681,0.07203080139738527,0.00018062798163973192,0.7912341626688757,-0.46131234134609456,0.6053739441408651,0.8299750884758995,False
project-only,SUBJECT_CATEGORY=Mathematics x CATEGORY=Other,22297,0.13898730770955733,0.13969679834077228,0.010338077433808856,-0.07094906312149485,-0.00020701439236379683,0.7606272939888996,-0.5273971297413416,0.38549900349835187,0.8052201839212472,False
project-only,SCHOOL_STATE=VA x CATEGORY=Technology,13968,0.14039232531500573,0.13968488194973344,0.006476309171433023,0.07074433652722867,0.00016369489382513853,0.8104070245459335,-0.5072395556367236,0.648728228691181,0.846573949608314,False
individual,SCHOOL_STATE=MD,39407,0.14038115055700764,0.139676590422962,0.018271185246181352,0.07045601340456564,0.00027219976738859515,0.6899358900953525,-0.2756939589769488,0.4166059857860801,0.7421948638983197,False
project-only,SUBJECT_CATEGORY=College & Career Prep x CATEGORY=Trips,1885,0.1389920424403183,0.13969007364150246,0.0008739864539054444,-0.06980312011841683,-5.950149446619756e-05,0.9302206993139492,-1.6321936947008846,1.492587454464051,0.9429021362733214,False
project-plus-gift-size,SCHOOL_STATE=CA x gift_decile=2,21273,0.13900249142105014,0.13969630687924342,0.009863296463623617,-0.06938154581932754,-0.00019778490786842828,0.7710043032409122,-0.5365949745140405,0.39783188287538535,0.8148406683081212,False
project-only,SUBJECT_CATEGORY=Character Education x GRADE_LEVEL=Grades 3-5,7680,0.14036458333333332,0.13968705097566242,0.0035608572763892905,0.06775323576709014,0.00011641884025372913,0.864515369779087,-0.7105213807760352,0.8460278523102155,0.8904150084835355,False
project-only,SUBJECT_CATEGORY=Applied Sciences x GRADE_LEVEL=Grades 6-8,31807,0.13905744018612254,0.13969892380011642,0.014747420233087782,-0.06414836139938818,-0.00022305293376624172,0.7427687002689396,-0.44725308412630876,0.31895636132753236,0.7882952452896218,False
project-only,SUBJECT_CATEGORY=History & Geography x CATEGORY=Other,3100,0.1403225806451613,0.13968855226672064,0.001437325202709219,0.06340283784406486,6.928902270488671e-05,0.9191014465608502,-1.1601364536339027,1.2869421293220324,0.9331278943396905,False
project-plus-gift-size,GRADE_LEVEL=Grades 6-8 x gift_decile=4,14783,0.13907867144693228,0.1396936789478623,0.006854186603758188,-0.06150075009300204,-0.0001463711338127972,0.8294922000437921,-0.6212400351048591,0.4982385349188551,0.861526820752139,False
individual,SUBJECT_SUBCATEGORY=Literacy & Language,931090,0.14003157589491885,0.13942958030307728,0.43170294290016986,0.06019955918415698,0.0008601299566303057,0.20663393505033278,-0.03323097957636474,0.15363009794467872,0.257833458937434,False
project-plus-gift-size,SCHOOL_STATE=RI x gift_decile=3,2003,0.14028956565152273,0.13968890574030493,0.0009286975422666341,0.060065991121779905,5.277820214115134e-05,0.9383282553139832,-1.4615512327317266,1.5816832149752866,0.9495972095411327,False
project-plus-gift-size,SUBJECT_CATEGORY=Music x gift_decile=2,5361,0.14027233725051297,0.13968801114425197,0.0024856452941045557,0.05843261062609961,8.3931502627924e-05,0.9020693961803018,-0.8723283833348463,0.9891936045870455,0.9210143108012128,False
project-plus-gift-size,SUBJECT_CATEGORY=Gym & Fitness x gift_decile=2,1419,0.14023960535588442,0.13968910138190052,0.0006579240202078651,0.05505039739839013,4.071889373971506e-05,0.9523933867379621,-1.75225429184948,1.8623550866462601,0.9607543821522619,False
project-only,SUBJECT_CATEGORY=Visual Arts x CATEGORY=Trips,927,0.14023732470334413,0.1396892279961055,0.0004298066009391761,0.05480967072386267,3.2771093752784644e-05,0.9616773184730862,-2.180976949606016,2.290596291053741,0.9685738092031722,False
project-only,SUBJECT_CATEGORY=Foreign Languages x CATEGORY=Supplies,3938,0.13915693245302183,0.13969043768109748,0.0018258666607319045,-0.053350522807565914,-6.570023439593694e-05,0.923011038547961,-1.135359215128152,1.0286581695130201,0.936345066392153,False
project-plus-gift-size,SUBJECT_CATEGORY=Health & Life Science x gift_decile=2,4503,0.14012880302020875,0.13968854438616518,0.0020878307702579396,0.04402586340435666,5.7968523991170615e-05,0.9322447590804843,-0.9709089568423979,1.0589606836511112,0.9441966149661315,False
project-only,CATEGORY=Trips x GRADE_LEVEL=Grades PreK-2,7166,0.14010605637733742,0.1396880748114316,0.0033225394847142785,0.041798156590580615,6.938411877066867e-05,0.9189384986297806,-0.7631899201413477,0.8467862333225089,0.9331278943396905,False
individual,OPTIONAL_SUBJECT_CATEGORY=Community Service,9793,0.13928316144184621,0.13969131682433694,0.004540556680687542,-0.04081553824907269,-7.915574094111717e-05,0.9073439606253828,-0.7281502649082562,0.6465191884101108,0.9256519501456689,False
project-only,SUBJECT_CATEGORY=Character Education x CATEGORY=Books,4469,0.14007607965987917,0.1396886608140537,0.002072066558357258,0.03874188458254657,5.081860481971622e-05,0.9405759125164094,-0.9798782730522186,1.0573620422173118,0.9511103627365931,False
project-only,SUBJECT_CATEGORY=Nutrition Education x CATEGORY=Supplies,1792,0.14006696428571427,0.13968914965809617,0.0008308666978241678,0.03778146276181005,3.140179710811888e-05,0.963258743904331,-1.5697790551242672,1.6453419806478873,0.9693941499164606,False
individual,SCHOOL_STATE=MO,36129,0.1399983392842315,0.13968420134345286,0.01675132975763915,0.031413794077864154,0.00011629666872263342,0.8645084027464285,-0.3294145683835541,0.3922421565392824,0.8904150084835355,False
individual,SUBJECT_CATEGORY=Health & Life Science,71152,0.139391724758264,0.13969962102614458,0.03298985897521495,-0.030789626788058078,-0.00015863562455453067,0.815626768522289,-0.2895998994782513,0.22802064590213517,0.8506206562806711,False
project-plus-gift-size,SCHOOL_STATE=WI x gift_decile=0,4029,0.13998510796723754,0.13968891025685692,0.001868059110230788,0.02961977103806135,3.689449203064102e-05,0.956827311081029,-1.042779835766822,1.1020193778429448,0.9644575129237805,False
project-plus-gift-size,SUBJECT_CATEGORY=Extracurricular x gift_decile=5,1621,0.13942011104256632,0.1396896661644618,0.0007515819850295626,-0.02695551218954706,-2.1308999453357078e-05,0.9750145990984694,-1.7138441076183115,1.6599330832392174,0.9804442746702191,False
project-plus-gift-size,SUBJECT_CATEGORY=Special Needs x gift_decile=5,29790,0.1399462907015777,0.1396858665327688,0.013812231544744397,0.02604241688089204,8.767657414080301e-05,0.8976234081172716,-0.37067367917954597,0.42275851294133004,0.9193721063816617,False
project-plus-gift-size,SUBJECT_CATEGORY=Economics x gift_decile=3,686,0.13994169096209913,0.1396893833211663,0.0003180661577608143,0.025230764093284175,1.2978084884965471e-05,0.9848050320681979,-2.5713419797959975,2.621803507982566,0.9879861429890084,False
project-only,SCHOOL_STATE=VT x CATEGORY=Supplies,929,0.13993541442411195,0.13968935758666515,0.00043073390752156916,0.024605683744680085,1.4727769199000164e-05,0.9827564461302182,-2.2067611893761274,2.255972556865488,0.9874436787826676,False
project-plus-gift-size,SUBJECT_CATEGORY=Foreign Languages x gift_decile=2,1204,0.13953488372093023,0.13968954991232058,0.0005582385626006128,-0.015466619139034576,-1.0538398298094757e-05,0.9876461607816028,-1.9732842082343585,1.9423509699562893,0.9893513181730474,False
project-only,SCHOOL_STATE=SD x CATEGORY=Supplies,1416,0.13983050847457626,0.13968937091021116,0.0006565330603342755,0.014113756436509584,1.042842835293722e-05,0.9877858888721407,-1.7928936026425382,1.8211211155155573,0.9893513181730474,False
project-plus-gift-size,SUBJECT_CATEGORY=History & Geography x gift_decile=2,3131,0.13957202171830085,0.1396896343097054,0.001451698454736311,-0.011761259140455338,-1.2917162385706305e-05,0.984859604561828,-1.2265105884924121,1.2029880702115014,0.9879861429890084,False
project-only,SCHOOL_STATE=KS x CATEGORY=Books,1703,0.13975337639459776,0.1396894130661446,0.0007896015549076773,0.006396332845315378,5.182676236855501e-06,0.9939283022503352,-1.641055978942564,1.6538486446331948,0.9939283022503352,False
project-only,SUBJECT_CATEGORY=Literature & Writing x GRADE_LEVEL=Grades PreK-2,84712,0.13967324582113513,0.13969012659791744,0.03927699760383979,-0.0016880776782302043,-9.459130498928762e-06,0.9889158883739738,-0.23985075278952223,0.23647459743306182,0.9896988779926389,False
